Dataset,Class,Image Name,EC (Capacity),PSNR (dB),SSIM,Entropy Cover,Entropy Stego,Correlation,Cosine Sim,t-Test
RSSCN7,Field,401.jpg,1.9993,54.06,0.9982,5.2873,5.2888,0.998595,0.999991,2.6979
RSSCN7,Field,402.jpg,1.9964,53.34,0.9980,5.5550,5.5565,0.999211,0.999989,1.2236
RSSCN7,Field,403.jpg,2.0026,55.37,0.9986,5.4074,5.4090,0.999514,0.999993,0.1754
RSSCN7,Field,404.jpg,2.0147,55.95,0.9988,5.4553,5.4563,0.999402,0.999996,1.2210
RSSCN7,Field,405.jpg,1.9952,57.38,0.9992,5.6072,5.6081,0.999832,0.999998,0.8323
RSSCN7,Field,406.jpg,2.0027,54.87,0.9988,5.7838,5.7848,0.999492,0.999996,3.4061
RSSCN7,Field,407.jpg,2.0041,53.96,0.9982,5.8521,5.8530,0.999402,0.999989,0.7909
RSSCN7,Field,408.jpg,1.9978,54.34,0.9983,5.6995,5.7007,0.999427,0.999990,3.2377
RSSCN7,Field,409.jpg,1.9972,54.41,0.9984,5.4033,5.4051,0.999210,0.999989,1.7713
RSSCN7,Field,410.jpg,2.0003,53.63,0.9981,5.8136,5.8146,0.999270,0.999992,3.5135
RSSCN7,Field,411.jpg,2.0000,52.51,0.9984,6.7422,6.7428,0.999847,0.999990,1.1417
RSSCN7,Field,412.jpg,2.0001,52.17,0.9983,5.9926,5.9933,0.999191,0.999987,1.8910
RSSCN7,Field,413.jpg,2.0058,53.06,0.9983,6.4193,6.4197,0.999651,0.999991,1.8220
RSSCN7,Field,414.jpg,1.9992,57.28,0.9992,5.9948,5.9951,0.999788,0.999996,2.5988
RSSCN7,Field,415.jpg,2.0051,58.18,0.9992,5.4411,5.4417,0.999645,0.999994,2.2850
RSSCN7,Field,416.jpg,2.0099,53.65,0.9983,6.5359,6.5363,0.999779,0.999989,2.8305
RSSCN7,Field,417.jpg,1.9969,53.42,0.9983,5.9910,5.9919,0.999427,0.999990,2.0786
RSSCN7,Field,418.jpg,1.9988,54.86,0.9987,5.3228,5.3243,0.999209,0.999995,1.5259
RSSCN7,Field,419.jpg,2.0002,53.10,0.9980,5.7116,5.7129,0.999216,0.999989,1.8862
RSSCN7,Field,420.jpg,1.9933,53.75,0.9981,5.3221,5.3239,0.998631,0.999991,2.8166
RSSCN7,Field,421.jpg,2.0024,55.40,0.9986,5.4359,5.4375,0.999260,0.999994,0.9338
RSSCN7,Field,422.jpg,1.9920,56.18,0.9989,5.7847,5.7855,0.999699,0.999994,2.7637
RSSCN7,Field,423.jpg,1.9947,52.27,0.9982,6.1307,6.1317,0.999414,0.999991,1.2201
RSSCN7,Field,424.jpg,2.0059,53.34,0.9980,6.0301,6.0314,0.999584,0.999994,1.7332
RSSCN7,Field,425.jpg,1.9995,51.72,0.9987,5.8628,5.8638,0.998911,0.999965,1.9152
RSSCN7,Field,426.jpg,2.0062,53.69,0.9984,5.4143,5.4161,0.999068,0.999977,1.5006
RSSCN7,Field,427.jpg,2.0005,53.29,0.9982,5.2471,5.2496,0.998460,0.999982,3.8171
RSSCN7,Field,428.jpg,2.0008,56.11,0.9987,5.0617,5.0637,0.999335,0.999997,1.7517
RSSCN7,Field,429.jpg,1.9962,53.66,0.9982,5.2243,5.2260,0.998325,0.999995,1.8901
RSSCN7,Field,430.jpg,1.9971,52.72,0.9979,5.7343,5.7355,0.999164,0.999993,3.9950
RSSCN7,Field,431.jpg,2.0048,52.11,0.9982,5.7207,5.7219,0.998840,0.999991,1.6174
RSSCN7,Field,432.jpg,2.0078,55.37,0.9986,5.4314,5.4322,0.999252,0.999996,3.3291
RSSCN7,Field,433.jpg,2.0012,56.82,0.9991,5.4662,5.4669,0.999493,0.999997,1.4656
RSSCN7,Field,434.jpg,1.9922,54.67,0.9986,5.4256,5.4271,0.999078,0.999996,1.3062
RSSCN7,Field,435.jpg,2.0032,51.85,0.9983,6.0033,6.0041,0.999146,0.999990,2.8642
RSSCN7,Field,436.jpg,1.9962,52.06,0.9981,5.6111,5.6122,0.998565,0.999991,0.8385
RSSCN7,Field,437.jpg,2.0064,51.99,0.9982,5.7395,5.7407,0.998773,0.999989,2.0883
RSSCN7,Field,438.jpg,2.0020,54.68,0.9988,5.7178,5.7189,0.999732,0.999992,4.3241
RSSCN7,Field,439.jpg,1.9980,53.25,0.9983,5.2964,5.2983,0.998351,0.999993,0.8028
RSSCN7,Field,440.jpg,1.9950,53.40,0.9983,7.0185,7.0191,0.999917,0.999994,1.9710
RSSCN7,Field,441.jpg,1.9952,56.63,0.9990,6.2535,6.2546,0.999881,0.999997,3.2060
RSSCN7,Field,442.jpg,2.0063,55.10,0.9986,6.1261,6.1267,0.999730,0.999996,2.0745
RSSCN7,Field,443.jpg,2.0017,52.30,0.9979,5.8148,5.8157,0.999017,0.999992,0.9692
RSSCN7,Field,444.jpg,2.0030,52.11,0.9979,5.7632,5.7642,0.998921,0.999992,1.1272
RSSCN7,Field,445.jpg,1.9871,54.39,0.9984,5.6689,5.6700,0.999324,0.999995,1.9398
RSSCN7,Field,446.jpg,2.0144,56.21,0.9991,5.8370,5.8380,0.999937,0.999993,2.3076
RSSCN7,Field,447.jpg,2.0005,56.86,0.9992,5.6130,5.6138,0.999933,0.999994,1.2425
RSSCN7,Field,448.jpg,1.9922,56.17,0.9988,6.1007,6.1018,0.999891,0.999995,0.7045
RSSCN7,Field,449.jpg,1.9968,53.71,0.9982,5.5477,5.5489,0.998948,0.999993,1.7263
RSSCN7,Field,450.jpg,1.9948,53.24,0.9981,5.5768,5.5780,0.998854,0.999992,3.1138
RSSCN7,Field,451.jpg,2.0012,54.24,0.9991,6.3781,6.3791,0.999887,0.999992,1.6344
RSSCN7,Field,452.jpg,2.0033,53.55,0.9984,5.7926,5.7940,0.999494,0.999974,1.6948
RSSCN7,Field,453.jpg,2.0064,57.21,0.9990,4.5640,4.5663,0.998468,0.999984,2.4770
RSSCN7,Field,454.jpg,1.9969,54.63,0.9986,6.0289,6.0298,0.999681,0.999993,1.8203
RSSCN7,Field,455.jpg,2.0053,53.18,0.9984,6.2583,6.2589,0.999636,0.999981,1.6142
RSSCN7,Field,456.jpg,1.9935,55.50,0.9987,5.9537,5.9544,0.999605,0.999989,3.6821
RSSCN7,Field,457.jpg,1.9949,54.49,0.9985,6.4039,6.4047,0.999820,0.999989,3.4378
RSSCN7,Field,458.jpg,2.0096,52.88,0.9987,6.6273,6.6280,0.999777,0.999988,2.6557
RSSCN7,Field,459.jpg,2.0047,55.56,0.9986,5.2385,5.2402,0.999106,0.999994,2.5463
RSSCN7,Field,460.jpg,2.0021,54.46,0.9986,5.6909,5.6925,0.999612,0.999974,3.1500
RSSCN7,Field,461.jpg,1.9927,53.21,0.9980,6.3557,6.3574,0.999854,0.999984,1.1983
RSSCN7,Field,462.jpg,2.0000,53.33,0.9982,6.1812,6.1825,0.999715,0.999976,1.3298
RSSCN7,Field,463.jpg,2.0018,57.54,0.9991,4.7583,4.7596,0.998998,0.999987,0.7562
RSSCN7,Field,464.jpg,1.9932,54.71,0.9984,6.2654,6.2667,0.999849,0.999989,2.0132
RSSCN7,Field,465.jpg,1.9964,59.86,0.9995,4.5980,4.5990,0.999748,0.999994,1.5834
RSSCN7,Field,466.jpg,2.0087,54.53,0.9987,5.9798,5.9804,0.999758,0.999988,2.3129
RSSCN7,Field,467.jpg,2.0068,53.78,0.9985,6.2190,6.2204,0.999750,0.999985,2.6267
RSSCN7,Field,468.jpg,2.0011,56.95,0.9991,5.7937,5.7943,0.999892,0.999993,2.0051
RSSCN7,Field,469.jpg,1.9925,56.53,0.9991,5.4850,5.4859,0.999924,0.999992,2.7598
RSSCN7,Field,470.jpg,2.0008,54.22,0.9983,5.3787,5.3801,0.998935,0.999963,1.7717
RSSCN7,Field,471.jpg,2.0181,56.16,0.9990,6.2026,6.2039,0.999921,0.999992,1.8508
RSSCN7,Field,472.jpg,2.0043,60.17,0.9996,5.8547,5.8552,0.999955,0.999997,1.6018
RSSCN7,Field,473.jpg,1.9900,58.29,0.9993,5.1749,5.1761,0.999780,0.999991,0.0943
RSSCN7,Field,474.jpg,2.0052,52.90,0.9984,6.2057,6.2064,0.999494,0.999977,0.2907
RSSCN7,Field,475.jpg,1.9973,52.68,0.9983,6.2157,6.2164,0.999475,0.999973,1.3956
RSSCN7,Field,476.jpg,2.0004,56.52,0.9990,6.0729,6.0742,0.999917,0.999993,3.4430
RSSCN7,Field,477.jpg,2.0088,54.30,0.9986,6.2920,6.2934,0.999854,0.999986,3.3072
RSSCN7,Field,478.jpg,1.9986,57.70,0.9992,5.6561,5.6576,0.999899,0.999989,1.1757
RSSCN7,Field,479.jpg,1.9981,57.47,0.9990,4.5352,4.5380,0.998523,0.999984,2.5637
RSSCN7,Field,480.jpg,1.9979,55.14,0.9987,5.5487,5.5506,0.999713,0.999977,1.6057
RSSCN7,Field,481.jpg,2.0005,53.42,0.9984,5.5945,5.5956,0.999005,0.999980,2.6886
RSSCN7,Field,482.jpg,2.0065,52.82,0.9982,5.6565,5.6577,0.998915,0.999980,0.6907
RSSCN7,Field,483.jpg,2.0065,52.15,0.9990,6.8118,6.8125,0.999771,0.999983,0.8687
RSSCN7,Field,484.jpg,2.0051,53.88,0.9984,6.1020,6.1026,0.999556,0.999985,2.1169
RSSCN7,Field,485.jpg,1.9869,53.39,0.9980,5.2517,5.2536,0.998371,0.999965,0.3508
RSSCN7,Field,486.jpg,1.9986,60.71,0.9996,4.9874,4.9888,0.999931,0.999995,0.8730
RSSCN7,Field,487.jpg,1.9929,59.47,0.9995,5.1608,5.1622,0.999925,0.999993,3.0123
RSSCN7,Field,488.jpg,1.9861,60.73,0.9996,5.1889,5.1902,0.999915,0.999994,2.2667
RSSCN7,Field,489.jpg,1.9955,61.83,0.9996,5.6909,5.6912,0.999945,0.999998,0.4161
RSSCN7,Field,490.jpg,1.9846,58.82,0.9994,5.7450,5.7462,0.999966,0.999996,1.9052
RSSCN7,Field,491.jpg,1.9912,58.13,0.9992,5.1071,5.1078,0.999610,0.999990,0.3337
RSSCN7,Field,492.jpg,2.0026,58.59,0.9993,5.7785,5.7793,0.999929,0.999996,0.7550
RSSCN7,Field,493.jpg,2.0037,56.97,0.9990,5.7563,5.7574,0.999827,0.999990,1.8976
RSSCN7,Field,494.jpg,2.0104,61.10,0.9996,5.4958,5.4968,0.999907,0.999996,1.5823
RSSCN7,Field,495.jpg,2.0153,61.08,0.9996,5.3350,5.3360,0.999953,0.999997,0.6159
RSSCN7,Field,496.jpg,2.0148,57.78,0.9992,5.5008,5.5026,0.999847,0.999991,1.5421
RSSCN7,Field,497.jpg,1.9932,60.92,0.9996,5.8064,5.8073,0.999934,0.999998,0.2897
RSSCN7,Field,498.jpg,2.0027,57.33,0.9991,5.5690,5.5702,0.999851,0.999988,2.2528
RSSCN7,Field,499.jpg,2.0002,56.37,0.9992,5.5166,5.5177,0.999886,0.999989,2.0578
RSSCN7,Field,500.jpg,1.9868,64.04,0.9998,5.3499,5.3504,0.999962,0.999998,1.7692
RSSCN7,Field,501.jpg,1.9776,68.03,0.9999,4.1002,4.1004,0.999910,0.999999,0.8886
RSSCN7,Field,502.jpg,1.9950,54.51,0.9986,6.3893,6.3896,0.999850,0.999992,0.9647
RSSCN7,Field,503.jpg,2.0099,61.41,0.9997,4.6528,4.6529,0.999866,0.999995,0.3782
RSSCN7,Field,504.jpg,2.0061,54.81,0.9983,4.6621,4.6656,0.997215,0.999987,2.1816
RSSCN7,Field,505.jpg,1.9982,52.04,0.9979,5.2940,5.2959,0.997776,0.999976,1.8742
RSSCN7,Field,506.jpg,1.9973,53.72,0.9983,5.7665,5.7686,0.999662,0.999989,0.8215
RSSCN7,Field,507.jpg,1.9906,62.28,0.9998,4.1110,4.1112,0.999807,0.999997,1.2051
RSSCN7,Field,508.jpg,2.0008,54.19,0.9981,4.7872,4.7905,0.997262,0.999986,2.6797
RSSCN7,Field,509.jpg,2.0054,55.65,0.9988,5.6178,5.6191,0.999576,0.999990,1.3830
RSSCN7,Field,510.jpg,2.0118,60.38,0.9996,4.9323,4.9325,0.999746,0.999994,0.6883
RSSCN7,Field,511.jpg,1.9950,54.58,0.9987,6.5520,6.5527,0.999889,0.999991,2.7410
RSSCN7,Field,512.jpg,1.9881,56.85,0.9995,6.4854,6.4855,0.999962,0.999993,0.6396
RSSCN7,Field,513.jpg,1.9973,52.17,0.9984,6.4128,6.4132,0.999608,0.999988,1.3923
RSSCN7,Field,514.jpg,1.9969,58.62,0.9994,4.9409,4.9418,0.999824,0.999994,1.3196
RSSCN7,Field,515.jpg,2.0037,57.67,0.9994,5.6517,5.6525,0.999924,0.999994,2.3595
RSSCN7,Field,516.jpg,1.9982,53.85,0.9984,6.0022,6.0030,0.999506,0.999996,2.0001
RSSCN7,Field,517.jpg,1.9872,66.32,0.9999,4.2913,4.2917,0.999714,0.999999,1.1579
RSSCN7,Field,518.jpg,1.9842,60.80,0.9997,5.5254,5.5257,0.999859,0.999997,1.6047
RSSCN7,Field,519.jpg,1.9929,54.37,0.9991,6.2797,6.2800,0.999912,0.999991,1.9920
RSSCN7,Field,520.jpg,2.0083,56.52,0.9994,5.7240,5.7242,0.999935,0.999993,2.0729
RSSCN7,Field,521.jpg,2.0116,52.15,0.9980,5.4702,5.4718,0.998327,0.999968,2.4740
RSSCN7,Field,522.jpg,1.9950,51.69,0.9992,6.3842,6.3846,0.999470,0.999962,2.3977
RSSCN7,Field,523.jpg,1.9974,51.99,0.9982,5.5815,5.5826,0.998531,0.999968,0.0457
RSSCN7,Field,524.jpg,1.9982,52.05,0.9982,5.9731,5.9740,0.999135,0.999983,1.6106
RSSCN7,Field,525.jpg,2.0002,52.91,0.9986,5.7086,5.7101,0.999141,0.999980,0.1592
RSSCN7,Field,526.jpg,2.0002,52.00,0.9991,6.4356,6.4361,0.999552,0.999973,1.6283
RSSCN7,Field,527.jpg,1.9947,54.02,0.9982,5.4179,5.4194,0.998806,0.999993,2.3097
RSSCN7,Field,528.jpg,2.0012,52.09,0.9983,6.0688,6.0694,0.999354,0.999988,1.3182
RSSCN7,Field,529.jpg,1.9870,51.73,0.9989,6.7685,6.7688,0.999722,0.999976,1.5514
RSSCN7,Field,530.jpg,1.9975,51.70,0.9992,6.9342,6.9347,0.999826,0.999979,1.3202
RSSCN7,Field,531.jpg,2.0024,52.19,0.9987,6.8784,6.8788,0.999770,0.999984,2.1972
RSSCN7,Field,532.jpg,1.9965,52.38,0.9979,5.5225,5.5245,0.998881,0.999991,2.9556
RSSCN7,Field,533.jpg,1.9923,51.96,0.9982,6.5080,6.5095,0.999768,0.999985,3.7558
RSSCN7,Field,534.jpg,1.9992,51.97,0.9983,6.8321,6.8330,0.999843,0.999986,1.3548
RSSCN7,Field,535.jpg,2.0044,51.90,0.9983,6.6188,6.6195,0.999739,0.999987,1.4083
RSSCN7,Field,536.jpg,1.9956,51.71,0.9987,6.7300,6.7305,0.999732,0.999984,1.0347
RSSCN7,Field,537.jpg,2.0025,55.75,0.9989,5.7475,5.7486,0.999743,0.999991,3.8234
RSSCN7,Field,538.jpg,2.0109,52.15,0.9983,6.6672,6.6680,0.999802,0.999972,2.4879
RSSCN7,Field,539.jpg,1.9957,52.46,0.9983,5.9882,5.9891,0.999564,0.999974,1.3929
RSSCN7,Field,540.jpg,1.9933,51.80,0.9988,6.3788,6.3793,0.999508,0.999971,1.0544
RSSCN7,Field,541.jpg,1.9998,51.88,0.9986,5.8807,5.8816,0.999050,0.999979,2.5191
RSSCN7,Field,542.jpg,2.0003,51.78,0.9990,6.3187,6.3191,0.999451,0.999973,1.5284
RSSCN7,Field,543.jpg,2.0029,52.44,0.9987,6.0081,6.0090,0.999360,0.999974,1.7541
RSSCN7,Field,544.jpg,1.9992,53.06,0.9982,5.5862,5.5880,0.999139,0.999979,2.0736
RSSCN7,Field,545.jpg,1.9962,51.69,0.9991,6.7228,6.7232,0.999731,0.999971,1.6269
RSSCN7,Field,546.jpg,1.9930,51.68,0.9991,7.0067,7.0071,0.999817,0.999982,0.5879
RSSCN7,Field,547.jpg,2.0007,52.81,0.9984,6.7170,6.7176,0.999770,0.999987,1.7247
RSSCN7,Field,548.jpg,2.0054,51.74,0.9990,6.8083,6.8086,0.999729,0.999980,2.2374
RSSCN7,Field,549.jpg,1.9937,51.69,0.9988,5.9579,5.9586,0.999056,0.999990,1.2356
RSSCN7,Field,550.jpg,2.0006,54.60,0.9989,5.7487,5.7493,0.999425,0.999988,0.8519
RSSCN7,Field,551.jpg,1.9995,55.13,0.9987,6.1649,6.1654,0.999746,0.999993,1.2509
RSSCN7,Field,552.jpg,1.9957,54.48,0.9983,5.2620,5.2636,0.998676,0.999993,2.4939
RSSCN7,Field,553.jpg,1.9893,54.39,0.9983,6.2276,6.2289,0.999891,0.999992,0.6783
RSSCN7,Field,554.jpg,2.0003,54.72,0.9983,6.0583,6.0604,0.999887,0.999991,1.9645
RSSCN7,Field,555.jpg,2.0112,57.75,0.9991,5.3839,5.3848,0.999501,0.999994,1.3954
RSSCN7,Field,556.jpg,1.9986,54.43,0.9987,6.3784,6.3789,0.999787,0.999993,1.8109
RSSCN7,Field,557.jpg,2.0011,57.00,0.9992,6.6001,6.6004,0.999911,0.999994,1.9855
RSSCN7,Field,558.jpg,2.0051,59.28,0.9994,5.4904,5.4920,0.999974,0.999994,0.2678
RSSCN7,Field,559.jpg,2.0075,63.49,0.9997,4.0596,4.0608,0.999318,0.999992,0.3090
RSSCN7,Field,560.jpg,2.0042,53.13,0.9985,6.2781,6.2789,0.999712,0.999980,1.2611
RSSCN7,Field,561.jpg,2.0033,61.13,0.9997,5.5473,5.5480,0.999965,0.999998,0.2790
RSSCN7,Field,562.jpg,1.9959,60.43,0.9997,5.7248,5.7249,0.999978,0.999996,0.8129
RSSCN7,Field,563.jpg,2.0000,63.62,0.9998,5.8372,5.8380,0.999990,0.999999,1.5110
RSSCN7,Field,564.jpg,2.0018,55.75,0.9990,6.2569,6.2577,0.999846,0.999993,2.2068
RSSCN7,Field,565.jpg,1.9894,57.33,0.9991,5.9618,5.9633,0.999889,0.999994,1.0358
RSSCN7,Field,566.jpg,2.0058,51.73,0.9988,6.1582,6.1587,0.999278,0.999981,1.1260
RSSCN7,Field,567.jpg,2.0135,56.30,0.9989,5.9452,5.9461,0.999814,0.999991,1.4256
RSSCN7,Field,568.jpg,2.0015,55.56,0.9986,6.1964,6.1974,0.999872,0.999987,1.5303
RSSCN7,Field,569.jpg,1.9984,57.22,0.9991,5.2442,5.2458,0.999672,0.999994,1.3127
RSSCN7,Field,570.jpg,1.9926,56.83,0.9991,5.4896,5.4908,0.999802,0.999994,1.6531
RSSCN7,Field,571.jpg,1.9972,54.20,0.9983,5.0940,5.0960,0.998675,0.999990,3.2761
RSSCN7,Field,572.jpg,2.0017,53.54,0.9981,5.5916,5.5929,0.999012,0.999968,1.2163
RSSCN7,Field,573.jpg,2.0162,58.48,0.9992,4.3724,4.3745,0.998501,0.999991,2.0072
RSSCN7,Field,574.jpg,1.9975,53.63,0.9980,4.8613,4.8647,0.997463,0.999976,2.9106
RSSCN7,Field,575.jpg,2.0026,56.55,0.9991,4.9472,4.9477,0.999113,0.999984,1.1890
RSSCN7,Field,576.jpg,1.9893,52.85,0.9983,6.0126,6.0129,0.999404,0.999975,1.9814
RSSCN7,Field,577.jpg,2.0082,55.02,0.9986,5.0568,5.0587,0.998793,0.999980,2.6605
RSSCN7,Field,578.jpg,1.9968,53.83,0.9986,5.6275,5.6286,0.999296,0.999978,1.4713
RSSCN7,Field,579.jpg,2.0139,61.56,0.9997,4.7848,4.7851,0.999609,0.999996,0.9346
RSSCN7,Field,580.jpg,1.9974,53.91,0.9983,5.2626,5.2647,0.998819,0.999977,2.6319
RSSCN7,Field,581.jpg,2.0075,53.43,0.9979,5.3751,5.3771,0.998749,0.999979,4.1872
RSSCN7,Field,582.jpg,2.0009,53.12,0.9980,5.2046,5.2068,0.998079,0.999972,1.5721
RSSCN7,Field,583.jpg,2.0381,67.76,0.9999,4.6896,4.6896,0.999936,0.999999,0.6360
RSSCN7,Field,584.jpg,1.9973,54.14,0.9982,5.2283,5.2302,0.998664,0.999977,2.8569
RSSCN7,Field,585.jpg,2.0016,52.86,0.9978,5.4714,5.4732,0.998642,0.999969,1.3364
RSSCN7,Field,586.jpg,2.0040,52.89,0.9978,5.4987,5.5002,0.998742,0.999977,2.0800
RSSCN7,Field,587.jpg,2.0156,59.34,0.9994,4.9412,4.9417,0.999590,0.999996,1.3553
RSSCN7,Field,588.jpg,2.0017,54.08,0.9984,6.0384,6.0399,0.999788,0.999984,3.1226
RSSCN7,Field,589.jpg,1.9963,54.87,0.9985,5.4677,5.4691,0.999407,0.999991,1.3666
RSSCN7,Field,590.jpg,1.9960,54.51,0.9986,5.7348,5.7358,0.999508,0.999984,0.0244
RSSCN7,Field,591.jpg,1.9934,52.01,0.9981,5.5928,5.5943,0.998604,0.999962,0.9217
RSSCN7,Field,592.jpg,1.9965,51.89,0.9982,6.0636,6.0643,0.999224,0.999970,2.4517
RSSCN7,Field,593.jpg,1.9920,54.23,0.9990,6.4228,6.4235,0.999891,0.999986,1.2778
RSSCN7,Field,594.jpg,2.0071,62.64,0.9998,4.1824,4.1826,0.999677,0.999997,0.1246
RSSCN7,Field,595.jpg,1.9802,59.86,0.9995,5.2363,5.2367,0.999709,0.999997,0.4672
RSSCN7,Field,596.jpg,2.0083,63.66,0.9998,4.5162,4.5169,0.999596,0.999999,0.3970
RSSCN7,Field,597.jpg,2.0141,57.80,0.9992,5.5573,5.5580,0.999718,0.999987,3.0739
RSSCN7,Field,598.jpg,2.0171,58.95,0.9993,4.5572,4.5589,0.998805,0.999989,1.6025
RSSCN7,Field,599.jpg,2.0054,52.90,0.9981,6.2109,6.2119,0.999600,0.999989,0.9069
RSSCN7,Field,600.jpg,2.0017,54.12,0.9983,6.0410,6.0424,0.999697,0.999990,2.9514
RSSCN7,Field,601.jpg,1.9998,56.86,0.9990,5.4611,5.4623,0.999570,0.999991,2.0445
RSSCN7,Field,602.jpg,2.0249,69.20,1.0000,4.6522,4.6523,0.999919,0.999999,0.1768
RSSCN7,Field,603.jpg,2.0135,70.38,1.0000,4.9910,4.9913,0.999994,1.000000,0.4051
RSSCN7,Field,604.jpg,2.0014,61.95,0.9997,5.4155,5.4159,0.999879,0.999998,2.2822
RSSCN7,Field,605.jpg,2.0005,69.13,0.9999,3.9109,3.9112,0.999715,0.999999,0.8549
RSSCN7,Field,606.jpg,2.0194,64.40,0.9998,5.0572,5.0576,0.999846,0.999998,2.0977
RSSCN7,Field,607.jpg,1.9878,57.38,0.9994,5.6961,5.6964,0.999744,0.999994,1.5697
RSSCN7,Field,608.jpg,1.9924,56.56,0.9992,6.1153,6.1157,0.999836,0.999992,1.4119
RSSCN7,Field,609.jpg,2.0052,55.32,0.9989,6.1502,6.1504,0.999721,0.999991,3.4450
RSSCN7,Field,610.jpg,2.0040,56.11,0.9991,6.0163,6.0170,0.999870,0.999994,1.4145
RSSCN7,Field,611.jpg,2.0208,56.47,0.9993,6.5405,6.5410,0.999936,0.999996,1.5502
RSSCN7,Field,612.jpg,2.0072,58.27,0.9996,6.2915,6.2918,0.999960,0.999994,2.1516
RSSCN7,Field,613.jpg,2.0012,56.41,0.9990,5.1162,5.1180,0.999568,0.999993,0.1165
RSSCN7,Field,614.jpg,2.0009,57.68,0.9995,6.3199,6.3202,0.999920,0.999996,1.3311
RSSCN7,Field,615.jpg,2.0122,59.30,0.9997,5.2838,5.2838,0.999847,0.999996,1.1584
RSSCN7,Field,616.jpg,2.0138,61.05,0.9998,5.3186,5.3190,0.999909,0.999998,3.1372
RSSCN7,Field,617.jpg,2.0030,57.46,0.9994,5.5095,5.5099,0.999798,0.999994,0.2229
RSSCN7,Field,618.jpg,1.9959,60.92,0.9997,5.2348,5.2353,0.999840,0.999998,0.6644
RSSCN7,Field,619.jpg,2.0131,56.85,0.9992,6.2019,6.2025,0.999860,0.999995,1.7216
RSSCN7,Field,620.jpg,1.9722,61.14,0.9997,5.6960,5.6964,0.999949,0.999998,3.1363
RSSCN7,Field,621.jpg,2.0154,58.75,0.9995,5.5549,5.5554,0.999842,0.999996,1.2137
RSSCN7,Field,622.jpg,2.0190,59.45,0.9997,5.2315,5.2321,0.999814,0.999996,0.3737
RSSCN7,Field,623.jpg,1.9864,55.62,0.9992,6.7945,6.7949,0.999937,0.999995,2.3510
RSSCN7,Field,624.jpg,1.9995,58.99,0.9995,6.2097,6.2101,0.999954,0.999996,0.0750
RSSCN7,Field,625.jpg,1.9930,56.96,0.9992,5.7746,5.7761,0.999862,0.999995,1.4947
RSSCN7,Field,626.jpg,2.0016,55.22,0.9991,6.3064,6.3072,0.999811,0.999990,1.8508
RSSCN7,Field,627.jpg,1.9986,59.22,0.9996,5.8075,5.8077,0.999866,0.999996,0.0770
RSSCN7,Field,628.jpg,1.9992,53.49,0.9982,6.1918,6.1925,0.999561,0.999992,1.6615
RSSCN7,Field,629.jpg,2.0040,59.78,0.9998,5.1084,5.1089,0.999922,0.999996,2.1809
RSSCN7,Field,630.jpg,1.9947,59.50,0.9997,5.4973,5.4976,0.999961,0.999996,0.9108
RSSCN7,Field,631.jpg,1.9997,58.25,0.9994,6.3463,6.3466,0.999887,0.999995,0.0313
RSSCN7,Field,632.jpg,2.0090,57.56,0.9991,5.9501,5.9503,0.999784,0.999994,2.3776
RSSCN7,Field,633.jpg,2.0242,62.33,0.9997,5.3705,5.3708,0.999826,0.999998,0.4007
RSSCN7,Field,634.jpg,2.0156,59.01,0.9995,6.0375,6.0377,0.999864,0.999996,2.1797
RSSCN7,Field,635.jpg,2.0093,61.45,0.9996,6.3076,6.3078,0.999945,0.999998,0.8145
RSSCN7,Field,636.jpg,2.0121,55.26,0.9988,6.5092,6.5096,0.999852,0.999997,1.0257
RSSCN7,Field,637.jpg,2.0023,58.05,0.9993,5.7661,5.7667,0.999824,0.999997,1.4935
RSSCN7,Field,638.jpg,2.0092,56.43,0.9987,4.6252,4.6282,0.998015,0.999991,0.5330
RSSCN7,Field,639.jpg,1.9956,53.66,0.9981,5.4257,5.4273,0.998793,0.999986,1.2665
RSSCN7,Field,640.jpg,2.0102,56.92,0.9989,5.5039,5.5063,0.999889,0.999994,3.5849
RSSCN7,Field,641.jpg,2.0028,55.20,0.9984,5.3066,5.3083,0.998942,0.999989,1.4197
RSSCN7,Field,642.jpg,1.9955,55.20,0.9985,5.4225,5.4239,0.999144,0.999988,1.3318
RSSCN7,Field,643.jpg,2.0017,55.41,0.9986,5.2868,5.2881,0.999007,0.999990,1.2465
RSSCN7,Field,644.jpg,1.9937,57.43,0.9992,5.0648,5.0660,0.999424,0.999995,3.6331
RSSCN7,Field,645.jpg,2.0092,52.37,0.9978,5.2161,5.2182,0.997714,0.999969,2.8740
RSSCN7,Field,646.jpg,2.0009,55.16,0.9985,5.3768,5.3780,0.999079,0.999990,3.0092
RSSCN7,Field,647.jpg,2.0082,53.72,0.9983,5.4041,5.4057,0.998815,0.999982,2.2369
RSSCN7,Field,648.jpg,2.0211,59.31,0.9994,4.9907,4.9916,0.999389,0.999995,0.0425
RSSCN7,Field,649.jpg,2.0046,55.18,0.9985,5.5208,5.5218,0.999234,0.999984,3.0413
RSSCN7,Field,650.jpg,2.0068,52.08,0.9980,5.6063,5.6077,0.998574,0.999976,1.3169
RSSCN7,Field,651.jpg,1.9964,53.44,0.9982,5.6628,5.6641,0.999182,0.999988,2.2053
RSSCN7,Field,652.jpg,2.0010,53.55,0.9981,5.8344,5.8353,0.999311,0.999985,2.2955
RSSCN7,Field,653.jpg,2.0099,60.03,0.9995,5.2944,5.2951,0.999719,0.999997,1.3840
RSSCN7,Field,654.jpg,2.0101,54.95,0.9989,5.8911,5.8920,0.999721,0.999989,1.9183
RSSCN7,Field,655.jpg,1.9999,53.94,0.9985,5.9934,5.9945,0.999642,0.999986,1.0749
RSSCN7,Field,656.jpg,2.0098,55.16,0.9986,5.5434,5.5446,0.999511,0.999990,1.5790
RSSCN7,Field,657.jpg,2.0039,56.13,0.9989,5.0830,5.0847,0.998937,0.999990,0.7999
RSSCN7,Field,658.jpg,1.9936,56.27,0.9988,5.1250,5.1264,0.998962,0.999990,0.9766
RSSCN7,Field,659.jpg,1.9992,56.93,0.9992,5.7105,5.7113,0.999730,0.999992,1.5916
RSSCN7,Field,660.jpg,2.0024,59.39,0.9994,5.3025,5.3033,0.999621,0.999997,2.1142
RSSCN7,Field,661.jpg,1.9852,57.45,0.9991,5.7887,5.7894,0.999724,0.999997,1.6956
RSSCN7,Field,662.jpg,1.9925,54.41,0.9984,5.3478,5.3496,0.998827,0.999986,0.7120
RSSCN7,Field,663.jpg,1.9933,52.65,0.9978,5.2628,5.2650,0.998128,0.999975,1.1702
RSSCN7,Field,664.jpg,2.0016,60.29,0.9996,5.3758,5.3761,0.999751,0.999997,1.1478
RSSCN7,Field,665.jpg,2.0278,66.26,0.9999,4.6486,4.6490,0.999801,0.999999,0.0000
RSSCN7,Field,666.jpg,1.9915,59.87,0.9994,4.8920,4.8930,0.999404,0.999997,2.1356
RSSCN7,Field,667.jpg,1.9994,54.07,0.9983,5.2664,5.2680,0.998637,0.999985,1.6028
RSSCN7,Field,668.jpg,2.0146,57.89,0.9992,5.6552,5.6562,0.999841,0.999993,2.3621
RSSCN7,Field,669.jpg,2.0096,55.99,0.9987,5.1663,5.1677,0.999167,0.999994,1.8825
RSSCN7,Field,670.jpg,2.0075,61.11,0.9996,4.4910,4.4921,0.999170,0.999998,1.1918
RSSCN7,Field,671.jpg,2.0021,61.58,0.9996,5.1368,5.1376,0.999763,0.999998,1.3695
RSSCN7,Field,672.jpg,1.9949,59.23,0.9994,5.6536,5.6543,0.999805,0.999997,1.7386
RSSCN7,Field,673.jpg,1.9995,52.20,0.9979,5.7526,5.7543,0.999324,0.999973,2.1150
RSSCN7,Field,674.jpg,1.9959,55.15,0.9985,5.4158,5.4172,0.999078,0.999993,3.5452
RSSCN7,Field,675.jpg,2.0066,65.72,0.9998,4.0500,4.0508,0.999471,0.999999,1.0066
RSSCN7,Field,676.jpg,2.0005,52.64,0.9979,5.8695,5.8708,0.999355,0.999977,1.7522
RSSCN7,Field,677.jpg,1.9988,53.32,0.9982,5.7441,5.7452,0.999221,0.999983,3.1647
RSSCN7,Field,678.jpg,2.0072,55.28,0.9986,5.1984,5.1999,0.998907,0.999991,2.6746
RSSCN7,Field,679.jpg,2.0060,56.94,0.9992,5.4227,5.4241,0.999889,0.999995,1.7670
RSSCN7,Field,680.jpg,2.0017,52.04,0.9978,5.2809,5.2826,0.997739,0.999972,2.5654
RSSCN7,Field,681.jpg,2.0045,59.70,0.9995,5.1850,5.1861,0.999836,0.999997,0.9468
RSSCN7,Field,682.jpg,2.0028,56.72,0.9990,5.8556,5.8566,0.999843,0.999995,0.1102
RSSCN7,Field,683.jpg,1.9945,51.77,0.9984,5.8091,5.8101,0.998842,0.999970,0.9890
RSSCN7,Field,684.jpg,2.0024,55.17,0.9990,5.3803,5.3813,0.999136,0.999983,3.2112
RSSCN7,Field,685.jpg,2.0145,59.90,0.9995,5.6832,5.6838,0.999890,0.999996,3.4898
RSSCN7,Field,686.jpg,1.9998,56.70,0.9991,5.3319,5.3333,0.999758,0.999991,2.9911
RSSCN7,Field,687.jpg,2.0043,54.86,0.9985,5.7942,5.7951,0.999575,0.999993,2.3094
RSSCN7,Field,688.jpg,2.0148,58.60,0.9993,5.6883,5.6894,0.999863,0.999995,2.9992
RSSCN7,Field,689.jpg,1.9970,59.44,0.9994,6.0602,6.0606,0.999895,0.999997,0.4522
RSSCN7,Field,690.jpg,1.9823,62.31,0.9997,4.8305,4.8313,0.999625,0.999997,0.3699
RSSCN7,Field,691.jpg,1.9975,62.71,0.9998,4.8792,4.8797,0.999689,0.999998,0.8893
RSSCN7,Field,692.jpg,1.9994,55.44,0.9987,5.2678,5.2696,0.999246,0.999990,4.1605
RSSCN7,Field,693.jpg,2.0094,53.80,0.9981,5.4590,5.4605,0.998831,0.999979,2.5439
RSSCN7,Field,694.jpg,2.0042,55.74,0.9988,6.0426,6.0432,0.999706,0.999991,1.9052
RSSCN7,Field,695.jpg,2.0109,55.14,0.9986,5.5166,5.5174,0.999203,0.999987,1.2611
RSSCN7,Field,696.jpg,1.9966,54.89,0.9985,5.3765,5.3777,0.999036,0.999986,2.1174
RSSCN7,Field,697.jpg,1.9884,57.83,0.9991,5.4494,5.4502,0.999644,0.999992,0.5129
RSSCN7,Field,698.jpg,1.9973,55.77,0.9987,5.1062,5.1077,0.998981,0.999986,2.0333
RSSCN7,Field,699.jpg,1.9928,51.69,0.9983,5.4688,5.4708,0.998140,0.999961,2.3373
RSSCN7,Field,700.jpg,1.9956,53.76,0.9979,5.5925,5.5938,0.999072,0.999984,4.4203
RSSCN7,Field,701.jpg,1.9887,57.66,0.9992,5.2565,5.2575,0.999546,0.999991,2.3287
RSSCN7,Field,702.jpg,1.9890,57.83,0.9995,5.9766,5.9769,0.999800,0.999992,2.5644
RSSCN7,Field,703.jpg,1.9880,59.86,0.9996,5.3240,5.3244,0.999815,0.999996,1.9149
RSSCN7,Field,704.jpg,1.9905,65.20,0.9999,4.8863,4.8866,0.999842,0.999999,0.1254
RSSCN7,Field,705.jpg,2.0072,58.66,0.9994,5.8575,5.8583,0.999860,0.999993,2.3112
RSSCN7,Field,706.jpg,2.0085,59.32,0.9996,5.6893,5.6895,0.999780,0.999994,0.2480
RSSCN7,Field,707.jpg,1.9903,57.35,0.9994,5.8014,5.8017,0.999817,0.999992,1.2819
RSSCN7,Field,708.jpg,1.9934,61.53,0.9997,5.3873,5.3877,0.999792,0.999996,0.8951
RSSCN7,Field,709.jpg,1.9832,60.15,0.9996,5.4554,5.4558,0.999773,0.999995,0.7324
RSSCN7,Field,710.jpg,1.9900,62.32,0.9998,5.3510,5.3513,0.999834,0.999996,1.9109
RSSCN7,Field,711.jpg,1.9975,55.25,0.9991,6.4971,6.4975,0.999827,0.999988,0.8597
RSSCN7,Field,712.jpg,1.9911,54.67,0.9991,6.5989,6.5992,0.999847,0.999994,1.4848
RSSCN7,Field,713.jpg,2.0041,54.87,0.9991,6.4595,6.4598,0.999814,0.999993,2.5546
RSSCN7,Field,714.jpg,2.0015,57.42,0.9996,6.3858,6.3860,0.999925,0.999995,0.7227
RSSCN7,Field,715.jpg,2.0181,59.17,0.9995,6.3051,6.3052,0.999911,0.999996,0.2436
RSSCN7,Field,716.jpg,2.0049,58.07,0.9995,6.3955,6.3956,0.999905,0.999997,3.7030
RSSCN7,Field,717.jpg,1.9950,56.67,0.9994,7.0652,7.0651,0.999951,0.999995,3.8051
RSSCN7,Field,718.jpg,1.9998,57.00,0.9994,6.7830,6.7831,0.999944,0.999995,1.1501
RSSCN7,Field,719.jpg,2.0127,55.71,0.9993,6.7423,6.7426,0.999892,0.999995,1.2204
RSSCN7,Field,720.jpg,2.0074,57.95,0.9994,5.5246,5.5255,0.999699,0.999996,2.6986
RSSCN7,Field,721.jpg,2.0075,59.14,0.9996,6.1512,6.1513,0.999917,0.999997,1.6710
RSSCN7,Field,722.jpg,2.0004,56.96,0.9994,6.6594,6.6597,0.999950,0.999994,1.8733
RSSCN7,Field,723.jpg,2.0156,61.04,0.9998,5.2633,5.2633,0.999859,0.999996,0.5268
RSSCN7,Field,724.jpg,2.0075,59.38,0.9995,5.5646,5.5650,0.999788,0.999993,2.1679
RSSCN7,Field,725.jpg,2.0041,59.76,0.9996,5.2153,5.2157,0.999714,0.999993,1.2363
RSSCN7,Field,726.jpg,2.0190,62.52,0.9998,5.3748,5.3749,0.999882,0.999997,1.7409
RSSCN7,Field,727.jpg,1.9904,59.65,0.9996,5.5874,5.5876,0.999848,0.999995,2.7805
RSSCN7,Field,728.jpg,1.9992,58.26,0.9995,5.9040,5.9043,0.999855,0.999993,2.0812
RSSCN7,Field,729.jpg,2.0057,57.52,0.9995,6.0691,6.0693,0.999858,0.999992,2.7522
RSSCN7,Field,730.jpg,2.0014,59.36,0.9995,5.0217,5.0228,0.999726,0.999991,0.3841
RSSCN7,Field,731.jpg,1.9931,62.51,0.9998,5.6720,5.6721,0.999892,0.999996,1.3495
RSSCN7,Field,732.jpg,1.9899,58.83,0.9994,5.9622,5.9627,0.999838,0.999990,0.0268
RSSCN7,Field,733.jpg,2.0349,62.69,0.9998,6.2869,6.2870,0.999980,0.999998,0.5638
RSSCN7,Field,734.jpg,1.9882,62.31,0.9997,5.5596,5.5598,0.999883,0.999996,3.3063
RSSCN7,Field,735.jpg,1.9826,59.30,0.9994,5.3175,5.3178,0.999628,0.999991,3.1671
RSSCN7,Field,736.jpg,2.0088,61.45,0.9997,5.2876,5.2882,0.999812,0.999996,1.7195
RSSCN7,Field,737.jpg,2.0140,60.96,0.9997,5.6562,5.6564,0.999880,0.999996,1.4201
RSSCN7,Field,738.jpg,2.0077,58.24,0.9995,6.0727,6.0732,0.999864,0.999993,0.5506
RSSCN7,Field,739.jpg,2.0088,54.67,0.9992,6.5906,6.5912,0.999873,0.999982,2.8751
RSSCN7,Field,740.jpg,2.0048,59.84,0.9996,5.5978,5.5982,0.999829,0.999991,2.0455
RSSCN7,Field,741.jpg,2.0044,60.01,0.9996,5.8605,5.8604,0.999896,0.999993,2.7606
RSSCN7,Field,742.jpg,2.0084,62.65,0.9998,5.7015,5.7014,0.999915,0.999996,1.6629
RSSCN7,Field,743.jpg,1.9990,56.88,0.9995,6.2437,6.2440,0.999848,0.999991,0.2033
RSSCN7,Field,744.jpg,2.0033,56.47,0.9994,6.1120,6.1126,0.999832,0.999989,2.3049
RSSCN7,Field,745.jpg,1.9933,55.31,0.9991,6.9953,6.9958,0.999944,0.999994,0.4017
RSSCN7,Field,746.jpg,1.9932,60.05,0.9997,5.8637,5.8639,0.999883,0.999994,2.4047
RSSCN7,Field,747.jpg,2.0202,58.77,0.9996,6.1585,6.1586,0.999919,0.999992,2.9514
RSSCN7,Field,748.jpg,2.0128,59.54,0.9996,5.5865,5.5869,0.999795,0.999994,0.2904
RSSCN7,Field,749.jpg,1.9973,56.56,0.9993,5.9129,5.9130,0.999770,0.999990,1.1346
RSSCN7,Field,750.jpg,1.9936,59.33,0.9996,5.8227,5.8231,0.999870,0.999996,0.3331
RSSCN7,Field,751.jpg,1.9930,62.62,0.9998,5.9381,5.9384,0.999958,0.999997,1.5844
RSSCN7,Field,752.jpg,1.9977,54.95,0.9988,6.1092,6.1099,0.999735,0.999992,1.5113
RSSCN7,Field,753.jpg,2.0004,55.03,0.9990,6.5642,6.5646,0.999847,0.999991,3.3466
RSSCN7,Field,754.jpg,2.0040,57.33,0.9994,6.3035,6.3038,0.999891,0.999994,1.9376
RSSCN7,Field,755.jpg,1.9949,60.22,0.9997,5.8233,5.8233,0.999918,0.999996,1.8058
RSSCN7,Field,756.jpg,2.0014,55.95,0.9993,6.4134,6.4137,0.999832,0.999993,0.7492
RSSCN7,Field,757.jpg,1.9968,55.16,0.9990,6.3873,6.3876,0.999783,0.999991,0.8376
RSSCN7,Field,758.jpg,1.9981,55.49,0.9991,6.0007,6.0012,0.999809,0.999992,1.9271
RSSCN7,Field,759.jpg,2.0001,54.65,0.9991,6.7602,6.7601,0.999891,0.999990,1.7374
RSSCN7,Field,760.jpg,1.9925,59.56,0.9997,5.8594,5.8595,0.999849,0.999997,1.5289
RSSCN7,Field,761.jpg,1.9891,59.58,0.9997,6.1140,6.1142,0.999939,0.999996,0.1532
RSSCN7,Field,762.jpg,2.0108,60.06,0.9997,5.6454,5.6455,0.999895,0.999996,2.0525
RSSCN7,Field,763.jpg,1.9705,61.40,0.9997,5.5537,5.5538,0.999933,0.999998,1.1160
RSSCN7,Field,764.jpg,2.0006,59.47,0.9996,6.2187,6.2188,0.999905,0.999996,0.2379
RSSCN7,Field,765.jpg,1.9904,60.06,0.9996,5.6621,5.6625,0.999885,0.999997,1.6423
RSSCN7,Field,766.jpg,1.9949,57.85,0.9995,5.7561,5.7563,0.999808,0.999994,0.5140
RSSCN7,Field,767.jpg,2.0065,60.97,0.9997,5.7437,5.7441,0.999881,0.999997,0.0086
RSSCN7,Field,768.jpg,2.0001,57.77,0.9995,5.7705,5.7709,0.999750,0.999994,1.9009
RSSCN7,Field,769.jpg,2.0063,57.46,0.9994,6.3297,6.3301,0.999871,0.999996,2.6656
RSSCN7,Field,770.jpg,2.0094,58.75,0.9996,5.5809,5.5812,0.999806,0.999995,2.8918
RSSCN7,Field,771.jpg,1.9981,58.05,0.9995,5.7275,5.7277,0.999892,0.999996,0.8073
RSSCN7,Field,772.jpg,1.9889,60.62,0.9998,4.8772,4.8776,0.999869,0.999998,0.2632
RSSCN7,Field,773.jpg,1.9794,59.00,0.9995,6.3227,6.3230,0.999927,0.999996,1.4204
RSSCN7,Field,774.jpg,1.9989,58.35,0.9995,5.7154,5.7158,0.999772,0.999994,0.9692
RSSCN7,Field,775.jpg,1.9957,55.88,0.9991,6.5446,6.5447,0.999843,0.999993,3.0662
RSSCN7,Field,776.jpg,2.0074,55.71,0.9991,6.3762,6.3769,0.999870,0.999993,1.3787
RSSCN7,Field,777.jpg,2.0105,56.55,0.9992,5.8662,5.8669,0.999758,0.999994,0.8290
RSSCN7,Field,778.jpg,2.0052,56.21,0.9991,6.2863,6.2866,0.999827,0.999991,0.7873
RSSCN7,Field,779.jpg,2.0011,57.03,0.9992,5.8573,5.8579,0.999733,0.999996,0.0218
RSSCN7,Field,780.jpg,2.0014,55.85,0.9991,6.6106,6.6108,0.999866,0.999995,1.1444
RSSCN7,Field,781.jpg,2.0067,55.67,0.9992,6.2303,6.2307,0.999804,0.999995,1.0143
RSSCN7,Field,782.jpg,1.9969,57.73,0.9994,5.9198,5.9203,0.999877,0.999994,0.6604
RSSCN7,Field,783.jpg,2.0005,56.23,0.9992,6.2774,6.2781,0.999842,0.999993,1.4540
RSSCN7,Field,784.jpg,2.0129,56.00,0.9992,6.5692,6.5695,0.999862,0.999995,1.7698
RSSCN7,Field,785.jpg,2.0022,55.55,0.9992,6.4225,6.4230,0.999852,0.999996,1.0191
RSSCN7,Field,786.jpg,1.9875,56.24,0.9992,6.4491,6.4496,0.999856,0.999995,1.3471
RSSCN7,Field,787.jpg,2.0025,58.11,0.9995,6.3750,6.3752,0.999895,0.999995,2.0079
RSSCN7,Field,788.jpg,1.9962,55.72,0.9991,6.8694,6.8695,0.999914,0.999991,1.4789
RSSCN7,Field,789.jpg,1.9973,55.45,0.9992,6.6186,6.6192,0.999882,0.999994,2.6256
RSSCN7,Field,790.jpg,1.9983,57.54,0.9995,6.6907,6.6909,0.999952,0.999996,0.7210
RSSCN7,Field,791.jpg,2.0096,57.12,0.9994,6.5874,6.5877,0.999939,0.999996,0.9349
RSSCN7,Field,792.jpg,2.0032,56.82,0.9992,6.8524,6.8529,0.999944,0.999997,0.2497
RSSCN7,Field,793.jpg,1.9974,57.60,0.9994,6.1298,6.1302,0.999864,0.999994,2.5463
RSSCN7,Field,794.jpg,2.0022,57.26,0.9994,6.2493,6.2496,0.999908,0.999995,3.7660
RSSCN7,Field,795.jpg,1.9994,59.89,0.9997,5.8357,5.8359,0.999901,0.999996,1.2630
RSSCN7,Field,796.jpg,2.0157,57.89,0.9995,5.6625,5.6628,0.999823,0.999993,1.5798
RSSCN7,Field,797.jpg,1.9894,60.68,0.9997,5.3087,5.3090,0.999822,0.999996,1.2099
RSSCN7,Field,798.jpg,1.9967,60.00,0.9996,6.0617,6.0618,0.999917,0.999996,0.2911
RSSCN7,Field,799.jpg,2.0107,61.04,0.9997,5.6803,5.6805,0.999859,0.999997,2.6520
RSSCN7,Field,800.jpg,2.0021,60.28,0.9997,5.6691,5.6693,0.999884,0.999996,2.2454
RSSCN7,Forest,1601.jpg,1.9940,51.97,0.9989,6.7301,6.7305,0.999714,0.999964,0.8386
RSSCN7,Forest,1602.jpg,1.9949,51.85,0.9986,6.7209,6.7213,0.999682,0.999977,0.6175
RSSCN7,Forest,1603.jpg,2.0013,52.21,0.9985,6.6311,6.6315,0.999685,0.999972,3.2063
RSSCN7,Forest,1604.jpg,1.9988,51.90,0.9988,6.7716,6.7719,0.999724,0.999975,2.0202
RSSCN7,Forest,1605.jpg,1.9948,51.76,0.9988,6.7296,6.7301,0.999687,0.999969,1.1336
RSSCN7,Forest,1606.jpg,2.0074,52.02,0.9986,6.6224,6.6229,0.999668,0.999953,2.5101
RSSCN7,Forest,1607.jpg,2.0009,52.08,0.9985,6.5992,6.5997,0.999656,0.999959,1.9856
RSSCN7,Forest,1608.jpg,2.0037,52.05,0.9985,6.7644,6.7647,0.999727,0.999960,2.7847
RSSCN7,Forest,1609.jpg,1.9946,51.82,0.9986,6.4247,6.4253,0.999536,0.999958,2.7823
RSSCN7,Forest,1610.jpg,2.0065,51.80,0.9987,6.3847,6.3853,0.999489,0.999946,1.8141
RSSCN7,Forest,1611.jpg,1.9972,52.01,0.9982,6.1657,6.1663,0.999357,0.999953,2.7892
RSSCN7,Forest,1612.jpg,2.0008,51.90,0.9984,6.2852,6.2856,0.999443,0.999949,0.7444
RSSCN7,Forest,1613.jpg,2.0038,51.74,0.9989,6.6448,6.6452,0.999654,0.999943,0.8698
RSSCN7,Forest,1614.jpg,2.0007,51.73,0.9990,6.8676,6.8680,0.999747,0.999959,0.4138
RSSCN7,Forest,1615.jpg,2.0021,51.76,0.9990,6.7264,6.7268,0.999697,0.999948,0.7027
RSSCN7,Forest,1616.jpg,2.0078,51.75,0.9989,6.7552,6.7555,0.999691,0.999965,1.0547
RSSCN7,Forest,1617.jpg,2.0004,51.89,0.9988,6.7818,6.7821,0.999719,0.999969,2.5627
RSSCN7,Forest,1618.jpg,1.9987,51.70,0.9991,6.7300,6.7303,0.999674,0.999963,2.2223
RSSCN7,Forest,1619.jpg,2.0019,51.74,0.9991,7.0073,7.0074,0.999778,0.999975,2.4997
RSSCN7,Forest,1620.jpg,2.0057,51.71,0.9993,6.8019,6.8022,0.999710,0.999960,0.3892
RSSCN7,Forest,1621.jpg,2.0022,51.75,0.9990,6.8001,6.8004,0.999728,0.999957,2.2429
RSSCN7,Forest,1622.jpg,1.9995,51.77,0.9989,6.8583,6.8585,0.999739,0.999966,2.3248
RSSCN7,Forest,1623.jpg,2.0009,51.84,0.9988,6.7178,6.7182,0.999716,0.999962,1.0033
RSSCN7,Forest,1624.jpg,1.9999,51.78,0.9990,7.0442,7.0445,0.999813,0.999964,2.3873
RSSCN7,Forest,1625.jpg,1.9980,51.75,0.9990,6.8660,6.8663,0.999748,0.999962,0.9629
RSSCN7,Forest,1626.jpg,1.9989,51.84,0.9987,6.7799,6.7802,0.999745,0.999964,0.5869
RSSCN7,Forest,1627.jpg,2.0038,51.84,0.9988,6.7738,6.7741,0.999724,0.999958,2.3626
RSSCN7,Forest,1628.jpg,2.0027,51.77,0.9989,6.8688,6.8691,0.999744,0.999965,3.1021
RSSCN7,Forest,1629.jpg,2.0015,51.88,0.9987,6.9114,6.9117,0.999788,0.999967,1.2447
RSSCN7,Forest,1630.jpg,2.0022,51.80,0.9988,6.4706,6.4712,0.999559,0.999956,1.9156
RSSCN7,Forest,1631.jpg,2.0068,52.36,0.9983,6.4908,6.4912,0.999646,0.999983,1.9264
RSSCN7,Forest,1632.jpg,2.0001,52.32,0.9984,6.5169,6.5174,0.999647,0.999972,1.8342
RSSCN7,Forest,1633.jpg,1.9980,52.05,0.9986,6.6702,6.6708,0.999715,0.999966,1.7696
RSSCN7,Forest,1634.jpg,1.9941,53.34,0.9984,6.0621,6.0628,0.999444,0.999989,1.2316
RSSCN7,Forest,1635.jpg,2.0022,51.93,0.9987,6.8387,6.8391,0.999741,0.999970,0.1240
RSSCN7,Forest,1636.jpg,2.0021,52.06,0.9987,6.7757,6.7762,0.999742,0.999974,2.7120
RSSCN7,Forest,1637.jpg,1.9988,51.85,0.9987,6.7435,6.7439,0.999704,0.999965,0.6444
RSSCN7,Forest,1638.jpg,2.0018,51.82,0.9987,6.4580,6.4585,0.999578,0.999962,1.5714
RSSCN7,Forest,1639.jpg,1.9972,52.01,0.9986,6.7556,6.7563,0.999742,0.999968,1.5118
RSSCN7,Forest,1640.jpg,1.9959,52.16,0.9984,7.0163,7.0165,0.999810,0.999978,2.0340
RSSCN7,Forest,1641.jpg,1.9965,52.13,0.9983,6.0614,6.0622,0.999296,0.999947,1.0431
RSSCN7,Forest,1642.jpg,2.0020,52.43,0.9985,6.6250,6.6258,0.999718,0.999969,2.7481
RSSCN7,Forest,1643.jpg,1.9990,51.96,0.9988,6.6162,6.6167,0.999664,0.999958,1.3114
RSSCN7,Forest,1644.jpg,2.0033,52.10,0.9987,6.6933,6.6935,0.999693,0.999979,2.7815
RSSCN7,Forest,1645.jpg,2.0069,51.84,0.9989,6.7017,6.7019,0.999679,0.999971,1.8267
RSSCN7,Forest,1646.jpg,1.9963,51.76,0.9989,6.8262,6.8267,0.999726,0.999966,0.1008
RSSCN7,Forest,1647.jpg,2.0021,52.22,0.9984,6.5529,6.5533,0.999695,0.999976,1.4957
RSSCN7,Forest,1648.jpg,1.9998,51.95,0.9985,6.5227,6.5231,0.999593,0.999982,3.2901
RSSCN7,Forest,1649.jpg,2.0027,51.92,0.9988,6.8728,6.8732,0.999757,0.999967,1.0153
RSSCN7,Forest,1650.jpg,1.9895,51.97,0.9987,6.7314,6.7316,0.999710,0.999966,1.3190
RSSCN7,Forest,1651.jpg,2.0046,51.83,0.9988,6.7617,6.7621,0.999716,0.999958,2.0551
RSSCN7,Forest,1652.jpg,2.0010,51.81,0.9987,6.6201,6.6205,0.999635,0.999960,1.2268
RSSCN7,Forest,1653.jpg,1.9967,51.82,0.9989,6.6684,6.6689,0.999682,0.999953,1.8524
RSSCN7,Forest,1654.jpg,1.9995,52.25,0.9986,6.6315,6.6319,0.999685,0.999968,3.2295
RSSCN7,Forest,1655.jpg,2.0038,52.19,0.9983,6.3023,6.3029,0.999489,0.999961,1.4889
RSSCN7,Forest,1656.jpg,2.0022,52.24,0.9987,6.7852,6.7857,0.999770,0.999970,2.4321
RSSCN7,Forest,1657.jpg,2.0007,52.08,0.9989,6.7774,6.7777,0.999719,0.999973,0.9326
RSSCN7,Forest,1658.jpg,2.0027,52.48,0.9983,6.4152,6.4155,0.999596,0.999965,2.9917
RSSCN7,Forest,1659.jpg,1.9987,52.70,0.9984,6.5546,6.5551,0.999707,0.999974,3.2417
RSSCN7,Forest,1660.jpg,1.9926,52.16,0.9985,6.4771,6.4775,0.999624,0.999969,2.8326
RSSCN7,Forest,1661.jpg,2.0040,51.81,0.9989,6.6619,6.6624,0.999677,0.999959,3.2147
RSSCN7,Forest,1662.jpg,2.0011,51.91,0.9991,6.9331,6.9335,0.999795,0.999973,2.4315
RSSCN7,Forest,1663.jpg,1.9980,51.96,0.9986,6.5983,6.5988,0.999656,0.999983,2.8769
RSSCN7,Forest,1664.jpg,1.9973,51.85,0.9989,6.8853,6.8856,0.999750,0.999984,1.5671
RSSCN7,Forest,1665.jpg,2.0026,52.45,0.9982,6.1421,6.1429,0.999430,0.999983,0.4782
RSSCN7,Forest,1666.jpg,1.9913,52.08,0.9985,6.2048,6.2054,0.999414,0.999984,2.5740
RSSCN7,Forest,1667.jpg,2.0026,51.90,0.9991,7.1417,7.1419,0.999848,0.999976,0.4581
RSSCN7,Forest,1668.jpg,2.0034,52.17,0.9986,6.6991,6.6997,0.999694,0.999989,0.5812
RSSCN7,Forest,1669.jpg,2.0038,52.58,0.9984,6.5465,6.5469,0.999668,0.999989,2.0760
RSSCN7,Forest,1670.jpg,1.9937,52.63,0.9984,6.7163,6.7166,0.999733,0.999989,1.5285
RSSCN7,Forest,1671.jpg,2.0072,53.45,0.9985,6.0563,6.0569,0.999515,0.999987,1.4126
RSSCN7,Forest,1672.jpg,1.9938,52.28,0.9985,6.3981,6.3986,0.999588,0.999986,1.3922
RSSCN7,Forest,1673.jpg,1.9944,52.84,0.9985,6.5030,6.5034,0.999681,0.999985,0.7153
RSSCN7,Forest,1674.jpg,1.9960,52.22,0.9985,6.3762,6.3766,0.999557,0.999981,0.4315
RSSCN7,Forest,1675.jpg,2.0022,52.89,0.9983,6.0505,6.0511,0.999381,0.999988,2.0343
RSSCN7,Forest,1676.jpg,2.0057,51.81,0.9989,6.7071,6.7076,0.999701,0.999984,0.7372
RSSCN7,Forest,1677.jpg,2.0063,51.78,0.9989,6.7226,6.7231,0.999704,0.999983,2.1578
RSSCN7,Forest,1678.jpg,1.9985,52.79,0.9984,6.2644,6.2650,0.999520,0.999990,0.2237
RSSCN7,Forest,1679.jpg,2.0042,52.18,0.9985,6.5634,6.5638,0.999647,0.999985,2.4413
RSSCN7,Forest,1680.jpg,2.0016,52.45,0.9984,6.2953,6.2958,0.999518,0.999986,1.8121
RSSCN7,Forest,1681.jpg,1.9971,52.27,0.9984,6.3491,6.3495,0.999536,0.999985,0.6665
RSSCN7,Forest,1682.jpg,1.9988,51.80,0.9989,6.9262,6.9264,0.999790,0.999982,2.0342
RSSCN7,Forest,1683.jpg,2.0057,51.93,0.9988,6.7518,6.7523,0.999757,0.999981,1.4666
RSSCN7,Forest,1684.jpg,2.0003,52.56,0.9983,6.1140,6.1146,0.999414,0.999987,2.8225
RSSCN7,Forest,1685.jpg,2.0076,52.47,0.9985,6.3484,6.3492,0.999638,0.999983,2.7328
RSSCN7,Forest,1686.jpg,2.0118,52.17,0.9984,6.3436,6.3442,0.999543,0.999977,2.0583
RSSCN7,Forest,1687.jpg,2.0060,51.83,0.9988,6.6419,6.6422,0.999668,0.999970,2.6652
RSSCN7,Forest,1688.jpg,2.0053,52.02,0.9985,6.4350,6.4354,0.999568,0.999976,0.2414
RSSCN7,Forest,1689.jpg,2.0106,52.43,0.9985,6.3577,6.3582,0.999576,0.999979,3.0590
RSSCN7,Forest,1690.jpg,2.0013,52.65,0.9983,5.9768,5.9777,0.999291,0.999975,4.0799
RSSCN7,Forest,1691.jpg,2.0004,52.17,0.9985,6.3685,6.3690,0.999558,0.999974,1.8895
RSSCN7,Forest,1692.jpg,1.9966,53.74,0.9984,6.2752,6.2758,0.999646,0.999985,2.3909
RSSCN7,Forest,1693.jpg,2.0066,52.35,0.9984,6.1162,6.1170,0.999392,0.999974,1.4285
RSSCN7,Forest,1694.jpg,2.0004,52.21,0.9984,6.2957,6.2963,0.999505,0.999973,1.5090
RSSCN7,Forest,1695.jpg,2.0035,52.53,0.9983,6.3504,6.3510,0.999568,0.999980,2.1888
RSSCN7,Forest,1696.jpg,2.0042,52.91,0.9986,6.3111,6.3119,0.999628,0.999981,2.6220
RSSCN7,Forest,1697.jpg,2.0049,51.77,0.9992,7.0515,7.0519,0.999824,0.999978,1.3415
RSSCN7,Forest,1698.jpg,2.0119,51.97,0.9986,6.7488,6.7491,0.999720,0.999983,2.5903
RSSCN7,Forest,1699.jpg,1.9996,51.74,0.9992,6.9561,6.9565,0.999788,0.999980,0.5416
RSSCN7,Forest,1700.jpg,2.0018,51.74,0.9991,7.1385,7.1385,0.999822,0.999987,2.7744
RSSCN7,Forest,1701.jpg,2.0026,51.88,0.9984,6.1312,6.1317,0.999292,0.999959,0.9743
RSSCN7,Forest,1702.jpg,1.9931,51.79,0.9984,6.0894,6.0900,0.999235,0.999955,0.0744
RSSCN7,Forest,1703.jpg,1.9948,51.84,0.9985,6.1965,6.1969,0.999329,0.999950,0.1467
RSSCN7,Forest,1704.jpg,1.9948,52.01,0.9984,6.3515,6.3520,0.999485,0.999959,3.1890
RSSCN7,Forest,1705.jpg,2.0007,52.09,0.9986,6.4475,6.4481,0.999604,0.999955,1.4169
RSSCN7,Forest,1706.jpg,1.9963,51.86,0.9986,6.6291,6.6296,0.999653,0.999964,2.1482
RSSCN7,Forest,1707.jpg,2.0015,52.01,0.9985,6.3941,6.3946,0.999545,0.999960,2.0550
RSSCN7,Forest,1708.jpg,1.9970,52.08,0.9987,6.6664,6.6667,0.999721,0.999967,3.8822
RSSCN7,Forest,1709.jpg,2.0019,52.27,0.9983,6.2837,6.2844,0.999517,0.999957,1.4996
RSSCN7,Forest,1710.jpg,1.9980,52.18,0.9984,6.6360,6.6364,0.999670,0.999972,1.4475
RSSCN7,Forest,1711.jpg,1.9992,51.90,0.9985,6.4103,6.4108,0.999528,0.999955,0.6209
RSSCN7,Forest,1712.jpg,2.0054,51.84,0.9986,6.4799,6.4802,0.999565,0.999952,0.9786
RSSCN7,Forest,1713.jpg,2.0041,52.54,0.9984,6.7144,6.7147,0.999769,0.999969,0.6616
RSSCN7,Forest,1714.jpg,1.9948,52.64,0.9984,6.6451,6.6459,0.999759,0.999978,1.5228
RSSCN7,Forest,1715.jpg,2.0037,52.26,0.9983,6.6331,6.6334,0.999682,0.999972,1.2036
RSSCN7,Forest,1716.jpg,1.9939,52.14,0.9978,6.0311,6.0321,0.999342,0.999984,3.8909
RSSCN7,Forest,1717.jpg,2.0027,51.92,0.9986,6.5324,6.5329,0.999612,0.999962,1.9054
RSSCN7,Forest,1718.jpg,2.0059,52.67,0.9986,6.7702,6.7708,0.999789,0.999976,1.7328
RSSCN7,Forest,1719.jpg,2.0041,52.50,0.9985,6.4989,6.4996,0.999698,0.999975,3.5804
RSSCN7,Forest,1720.jpg,2.0042,51.93,0.9984,6.2821,6.2828,0.999452,0.999956,0.1603
RSSCN7,Forest,1721.jpg,2.0038,52.32,0.9983,6.0141,6.0150,0.999349,0.999957,1.0469
RSSCN7,Forest,1722.jpg,2.0085,52.80,0.9983,6.1385,6.1392,0.999459,0.999960,1.6352
RSSCN7,Forest,1723.jpg,1.9977,52.35,0.9983,6.3539,6.3543,0.999535,0.999960,2.3114
RSSCN7,Forest,1724.jpg,1.9950,52.47,0.9984,6.5692,6.5697,0.999665,0.999971,1.6064
RSSCN7,Forest,1725.jpg,2.0049,51.83,0.9987,6.5493,6.5496,0.999603,0.999983,2.1302
RSSCN7,Forest,1726.jpg,1.9984,52.18,0.9985,6.3715,6.3720,0.999543,0.999984,2.3553
RSSCN7,Forest,1727.jpg,1.9991,52.13,0.9983,6.1717,6.1723,0.999379,0.999983,1.5602
RSSCN7,Forest,1728.jpg,1.9911,51.87,0.9986,6.5722,6.5726,0.999628,0.999980,1.6819
RSSCN7,Forest,1729.jpg,2.0008,51.96,0.9986,6.6116,6.6121,0.999644,0.999986,0.4342
RSSCN7,Forest,1730.jpg,2.0045,51.86,0.9987,6.6477,6.6481,0.999648,0.999988,0.1320
RSSCN7,Forest,1731.jpg,1.9967,51.84,0.9987,6.6468,6.6471,0.999643,0.999988,1.3357
RSSCN7,Forest,1732.jpg,2.0002,52.01,0.9985,6.6717,6.6720,0.999676,0.999989,1.1970
RSSCN7,Forest,1733.jpg,2.0137,51.89,0.9987,6.5403,6.5407,0.999625,0.999983,1.6228
RSSCN7,Forest,1734.jpg,1.9982,52.34,0.9984,6.1639,6.1648,0.999465,0.999984,2.4062
RSSCN7,Forest,1735.jpg,1.9928,51.83,0.9987,6.6689,6.6692,0.999657,0.999982,0.0209
RSSCN7,Forest,1736.jpg,1.9954,52.15,0.9986,6.3520,6.3526,0.999525,0.999984,2.2615
RSSCN7,Forest,1737.jpg,1.9936,52.15,0.9987,6.7932,6.7936,0.999773,0.999983,1.1635
RSSCN7,Forest,1738.jpg,2.0059,51.86,0.9989,6.8909,6.8912,0.999764,0.999972,2.7334
RSSCN7,Forest,1739.jpg,2.0027,51.85,0.9990,6.8870,6.8873,0.999767,0.999970,1.6807
RSSCN7,Forest,1740.jpg,2.0093,51.89,0.9989,6.8465,6.8468,0.999761,0.999967,0.9366
RSSCN7,Forest,1741.jpg,1.9934,52.45,0.9989,6.8483,6.8486,0.999806,0.999976,2.2105
RSSCN7,Forest,1742.jpg,1.9992,52.27,0.9983,6.4890,6.4897,0.999664,0.999978,1.4466
RSSCN7,Forest,1743.jpg,2.0057,52.02,0.9984,6.2243,6.2248,0.999391,0.999979,2.1118
RSSCN7,Forest,1744.jpg,2.0047,51.83,0.9986,6.1624,6.1630,0.999316,0.999982,1.4106
RSSCN7,Forest,1745.jpg,2.0076,51.86,0.9985,6.2442,6.2448,0.999400,0.999984,1.9180
RSSCN7,Forest,1746.jpg,1.9949,52.45,0.9984,6.6249,6.6256,0.999731,0.999982,0.1221
RSSCN7,Forest,1747.jpg,2.0030,52.04,0.9985,6.4343,6.4348,0.999560,0.999969,1.8317
RSSCN7,Forest,1748.jpg,1.9936,51.91,0.9985,6.4294,6.4298,0.999545,0.999968,4.0085
RSSCN7,Forest,1749.jpg,2.0004,52.01,0.9986,6.5965,6.5970,0.999645,0.999973,2.7261
RSSCN7,Forest,1750.jpg,2.0017,52.24,0.9983,5.9739,5.9744,0.999241,0.999973,1.1504
RSSCN7,Forest,1751.jpg,2.0038,52.40,0.9982,5.8965,5.8975,0.999169,0.999973,0.2875
RSSCN7,Forest,1752.jpg,2.0021,52.20,0.9985,6.4402,6.4408,0.999644,0.999981,2.1215
RSSCN7,Forest,1753.jpg,2.0047,51.87,0.9991,7.0147,7.0150,0.999811,0.999974,2.9382
RSSCN7,Forest,1754.jpg,2.0027,51.97,0.9991,6.7905,6.7913,0.999769,0.999962,4.9457
RSSCN7,Forest,1755.jpg,2.0043,51.94,0.9992,6.9967,6.9970,0.999806,0.999976,0.9506
RSSCN7,Forest,1756.jpg,1.9924,52.21,0.9984,6.3320,6.3325,0.999549,0.999983,1.6738
RSSCN7,Forest,1757.jpg,1.9977,52.13,0.9984,6.4467,6.4471,0.999577,0.999985,3.9580
RSSCN7,Forest,1758.jpg,1.9986,52.03,0.9983,6.0929,6.0934,0.999284,0.999980,3.0225
RSSCN7,Forest,1759.jpg,2.0031,51.76,0.9991,6.8921,6.8924,0.999756,0.999972,0.0119
RSSCN7,Forest,1760.jpg,1.9985,52.14,0.9986,6.6872,6.6876,0.999741,0.999981,2.4746
RSSCN7,Forest,1761.jpg,1.9954,52.05,0.9987,6.7007,6.7010,0.999715,0.999978,2.7534
RSSCN7,Forest,1762.jpg,2.0006,51.78,0.9990,6.9356,6.9358,0.999769,0.999973,1.3731
RSSCN7,Forest,1763.jpg,1.9982,51.85,0.9989,6.9116,6.9119,0.999790,0.999970,4.8784
RSSCN7,Forest,1764.jpg,1.9960,51.78,0.9991,6.9642,6.9645,0.999797,0.999972,0.6898
RSSCN7,Forest,1765.jpg,2.0070,52.33,0.9987,6.7326,6.7330,0.999756,0.999980,1.5398
RSSCN7,Forest,1766.jpg,1.9978,52.06,0.9987,6.6625,6.6627,0.999679,0.999978,1.8150
RSSCN7,Forest,1767.jpg,2.0027,51.87,0.9988,6.5542,6.5545,0.999611,0.999985,2.7771
RSSCN7,Forest,1768.jpg,1.9958,51.73,0.9991,7.2128,7.2131,0.999843,0.999984,0.6207
RSSCN7,Forest,1769.jpg,2.0042,51.75,0.9991,7.1457,7.1458,0.999823,0.999987,0.6459
RSSCN7,Forest,1770.jpg,2.0010,52.00,0.9987,6.5707,6.5712,0.999655,0.999984,1.6048
RSSCN7,Forest,1771.jpg,2.0012,52.17,0.9985,6.7705,6.7708,0.999736,0.999983,1.4834
RSSCN7,Forest,1772.jpg,1.9929,51.70,0.9991,6.9389,6.9393,0.999771,0.999982,3.7604
RSSCN7,Forest,1773.jpg,1.9940,51.82,0.9988,6.4749,6.4756,0.999595,0.999974,0.9651
RSSCN7,Forest,1774.jpg,1.9983,51.73,0.9990,6.7150,6.7155,0.999704,0.999976,0.5174
RSSCN7,Forest,1775.jpg,1.9988,51.98,0.9986,6.6191,6.6194,0.999669,0.999973,1.1503
RSSCN7,Forest,1776.jpg,2.0029,52.11,0.9983,6.0453,6.0458,0.999260,0.999980,0.8157
RSSCN7,Forest,1777.jpg,2.0035,51.97,0.9984,6.1435,6.1441,0.999319,0.999978,1.2787
RSSCN7,Forest,1778.jpg,2.0052,52.43,0.9982,6.2081,6.2087,0.999603,0.999981,2.1394
RSSCN7,Forest,1779.jpg,1.9991,53.11,0.9985,7.0722,7.0726,0.999922,0.999989,1.9327
RSSCN7,Forest,1780.jpg,1.9961,52.74,0.9987,7.0484,7.0486,0.999883,0.999982,3.1129
RSSCN7,Forest,1781.jpg,1.9986,52.35,0.9982,6.1687,6.1693,0.999400,0.999955,2.2406
RSSCN7,Forest,1782.jpg,2.0016,52.45,0.9986,6.5340,6.5343,0.999655,0.999965,1.6829
RSSCN7,Forest,1783.jpg,2.0004,52.20,0.9984,6.3110,6.3117,0.999486,0.999962,2.9010
RSSCN7,Forest,1784.jpg,1.9962,51.86,0.9987,6.6047,6.6051,0.999636,0.999969,1.3948
RSSCN7,Forest,1785.jpg,2.0019,51.98,0.9986,6.5135,6.5139,0.999600,0.999967,3.1194
RSSCN7,Forest,1786.jpg,2.0057,52.06,0.9988,6.8223,6.8227,0.999765,0.999971,2.8947
RSSCN7,Forest,1787.jpg,2.0047,52.42,0.9986,6.7555,6.7559,0.999788,0.999972,4.4848
RSSCN7,Forest,1788.jpg,1.9952,52.31,0.9986,6.8263,6.8267,0.999782,0.999967,2.7470
RSSCN7,Forest,1789.jpg,1.9955,52.53,0.9988,6.5990,6.5991,0.999742,0.999967,1.9031
RSSCN7,Forest,1790.jpg,1.9959,52.20,0.9984,6.4528,6.4534,0.999588,0.999967,1.2015
RSSCN7,Forest,1791.jpg,1.9955,52.43,0.9982,6.2696,6.2701,0.999508,0.999971,0.3878
RSSCN7,Forest,1792.jpg,1.9980,52.25,0.9985,6.5581,6.5587,0.999676,0.999971,3.0753
RSSCN7,Forest,1793.jpg,1.9999,52.37,0.9983,6.3265,6.3269,0.999538,0.999971,2.7271
RSSCN7,Forest,1794.jpg,2.0038,52.97,0.9985,6.5970,6.5974,0.999749,0.999985,2.8444
RSSCN7,Forest,1795.jpg,2.0022,52.30,0.9985,6.7257,6.7260,0.999766,0.999977,3.0254
RSSCN7,Forest,1796.jpg,1.9978,52.12,0.9985,6.4562,6.4567,0.999584,0.999974,2.2952
RSSCN7,Forest,1797.jpg,1.9966,52.58,0.9989,6.6999,6.7008,0.999782,0.999970,1.1796
RSSCN7,Forest,1798.jpg,1.9987,52.84,0.9983,6.3661,6.3667,0.999714,0.999986,2.2681
RSSCN7,Forest,1799.jpg,1.9992,52.51,0.9984,6.6582,6.6587,0.999791,0.999983,0.9253
RSSCN7,Forest,1800.jpg,1.9969,52.53,0.9987,6.8756,6.8759,0.999834,0.999984,1.0237
RSSCN7,Forest,1801.jpg,2.0091,52.69,0.9981,5.6275,5.6287,0.998842,0.999958,1.4622
RSSCN7,Forest,1802.jpg,1.9961,53.09,0.9985,6.4174,6.4181,0.999676,0.999969,0.0104
RSSCN7,Forest,1803.jpg,2.0081,52.60,0.9987,6.6038,6.6044,0.999734,0.999968,2.0558
RSSCN7,Forest,1804.jpg,1.9978,52.11,0.9986,6.4078,6.4083,0.999563,0.999958,0.1821
RSSCN7,Forest,1805.jpg,1.9954,51.86,0.9989,6.8052,6.8056,0.999749,0.999968,2.7254
RSSCN7,Forest,1806.jpg,2.0026,52.04,0.9989,6.7043,6.7048,0.999722,0.999965,3.4682
RSSCN7,Forest,1807.jpg,2.0019,51.77,0.9990,6.5015,6.5021,0.999588,0.999954,2.2742
RSSCN7,Forest,1808.jpg,2.0046,52.22,0.9986,6.5013,6.5019,0.999689,0.999959,3.1598
RSSCN7,Forest,1809.jpg,2.0117,52.02,0.9988,6.5800,6.5805,0.999656,0.999965,2.6819
RSSCN7,Forest,1810.jpg,1.9995,52.04,0.9988,6.4632,6.4641,0.999630,0.999952,3.0411
RSSCN7,Forest,1811.jpg,2.0056,51.86,0.9988,6.5734,6.5741,0.999684,0.999959,0.5758
RSSCN7,Forest,1812.jpg,1.9974,51.73,0.9990,6.6074,6.6079,0.999625,0.999966,1.0228
RSSCN7,Forest,1813.jpg,1.9971,51.82,0.9989,6.6839,6.6841,0.999684,0.999970,1.5406
RSSCN7,Forest,1814.jpg,1.9979,51.90,0.9989,6.7559,6.7564,0.999730,0.999969,3.0019
RSSCN7,Forest,1815.jpg,1.9981,51.92,0.9988,6.4933,6.4939,0.999606,0.999963,2.7751
RSSCN7,Forest,1816.jpg,1.9958,51.70,0.9993,6.8426,6.8429,0.999733,0.999972,0.6715
RSSCN7,Forest,1817.jpg,1.9947,51.70,0.9991,6.9336,6.9337,0.999757,0.999981,1.1808
RSSCN7,Forest,1818.jpg,1.9944,51.70,0.9991,6.6952,6.6958,0.999671,0.999969,1.0163
RSSCN7,Forest,1819.jpg,2.0007,51.94,0.9988,6.7455,6.7459,0.999735,0.999971,0.7205
RSSCN7,Forest,1820.jpg,2.0018,51.78,0.9989,6.5597,6.5603,0.999613,0.999965,0.2379
RSSCN7,Forest,1821.jpg,1.9961,52.72,0.9981,6.0128,6.0136,0.999436,0.999938,3.7986
RSSCN7,Forest,1822.jpg,2.0018,52.71,0.9982,6.3128,6.3135,0.999649,0.999954,2.0623
RSSCN7,Forest,1823.jpg,2.0065,52.79,0.9982,6.2288,6.2295,0.999625,0.999946,1.8566
RSSCN7,Forest,1824.jpg,1.9961,53.15,0.9981,5.8026,5.8038,0.999223,0.999934,0.1184
RSSCN7,Forest,1825.jpg,2.0024,52.78,0.9981,5.8471,5.8480,0.999233,0.999930,2.0485
RSSCN7,Forest,1826.jpg,1.9976,52.73,0.9980,5.7792,5.7803,0.999110,0.999928,1.1309
RSSCN7,Forest,1827.jpg,2.0034,52.90,0.9980,5.5531,5.5544,0.998764,0.999932,2.8213
RSSCN7,Forest,1828.jpg,1.9934,52.69,0.9979,5.5251,5.5267,0.998639,0.999915,0.7530
RSSCN7,Forest,1829.jpg,2.0071,53.28,0.9981,5.6444,5.6456,0.998993,0.999936,0.5652
RSSCN7,Forest,1830.jpg,2.0022,53.36,0.9982,5.6191,5.6205,0.999017,0.999944,3.2185
RSSCN7,Forest,1831.jpg,2.0000,52.93,0.9982,6.3922,6.3932,0.999797,0.999961,2.4018
RSSCN7,Forest,1832.jpg,2.0007,53.67,0.9983,5.7549,5.7562,0.999251,0.999950,2.2922
RSSCN7,Forest,1833.jpg,2.0030,53.82,0.9983,5.7123,5.7135,0.999195,0.999947,1.7788
RSSCN7,Forest,1834.jpg,2.0019,53.17,0.9981,5.7122,5.7131,0.999077,0.999941,1.8082
RSSCN7,Forest,1835.jpg,2.0003,51.75,0.9989,6.7304,6.7307,0.999695,0.999970,1.9011
RSSCN7,Forest,1836.jpg,2.0006,53.03,0.9983,6.4574,6.4582,0.999742,0.999958,0.1374
RSSCN7,Forest,1837.jpg,2.0035,52.83,0.9981,6.3816,6.3826,0.999818,0.999959,4.6058
RSSCN7,Forest,1838.jpg,1.9996,53.00,0.9982,6.8104,6.8109,0.999885,0.999975,2.7624
RSSCN7,Forest,1839.jpg,1.9917,53.86,0.9983,5.6573,5.6585,0.999156,0.999948,3.4992
RSSCN7,Forest,1840.jpg,1.9962,54.36,0.9988,6.0529,6.0533,0.999607,0.999967,2.6118
RSSCN7,Forest,1841.jpg,2.0000,53.84,0.9983,5.7359,5.7369,0.999266,0.999941,3.5382
RSSCN7,Forest,1842.jpg,2.0000,53.97,0.9982,5.4637,5.4655,0.998888,0.999941,2.5945
RSSCN7,Forest,1843.jpg,1.9957,53.34,0.9981,5.5992,5.6006,0.998940,0.999926,0.5835
RSSCN7,Forest,1844.jpg,1.9944,53.08,0.9980,5.5653,5.5668,0.998801,0.999924,1.5091
RSSCN7,Forest,1845.jpg,1.9926,52.82,0.9984,5.9396,5.9403,0.999248,0.999956,5.4368
RSSCN7,Forest,1846.jpg,2.0062,52.46,0.9981,6.3202,6.3207,0.999536,0.999967,2.3817
RSSCN7,Forest,1847.jpg,1.9993,52.38,0.9984,6.5868,6.5875,0.999696,0.999970,0.1146
RSSCN7,Forest,1848.jpg,2.0038,53.08,0.9982,5.6442,5.6453,0.998936,0.999921,2.6745
RSSCN7,Forest,1849.jpg,2.0038,53.13,0.9984,6.1104,6.1115,0.999627,0.999951,3.4591
RSSCN7,Forest,1850.jpg,1.9969,52.43,0.9982,5.8988,5.8998,0.999373,0.999937,1.8265
RSSCN7,Forest,1851.jpg,2.0015,52.62,0.9983,5.8677,5.8690,0.999204,0.999936,2.8502
RSSCN7,Forest,1852.jpg,2.0035,53.17,0.9983,5.7776,5.7784,0.999203,0.999943,0.6491
RSSCN7,Forest,1853.jpg,1.9914,53.91,0.9985,6.2844,6.2851,0.999685,0.999962,1.1129
RSSCN7,Forest,1854.jpg,2.0021,51.81,0.9987,6.6365,6.6368,0.999635,0.999980,1.6087
RSSCN7,Forest,1855.jpg,2.0013,51.94,0.9987,6.7632,6.7635,0.999716,0.999982,1.5503
RSSCN7,Forest,1856.jpg,2.0028,52.39,0.9981,5.9636,5.9646,0.999234,0.999961,1.6934
RSSCN7,Forest,1857.jpg,1.9947,52.71,0.9983,6.3501,6.3506,0.999606,0.999967,0.6287
RSSCN7,Forest,1858.jpg,2.0017,52.66,0.9982,6.0832,6.0839,0.999358,0.999962,3.9232
RSSCN7,Forest,1859.jpg,1.9994,52.80,0.9982,5.9291,5.9297,0.999279,0.999969,1.2512
RSSCN7,Forest,1860.jpg,1.9953,52.18,0.9980,5.8404,5.8415,0.999071,0.999943,3.2691
RSSCN7,Forest,1861.jpg,2.0024,51.77,0.9987,6.6060,6.6062,0.999625,0.999972,0.9029
RSSCN7,Forest,1862.jpg,2.0036,51.92,0.9987,6.7762,6.7765,0.999714,0.999973,3.6713
RSSCN7,Forest,1863.jpg,2.0067,52.07,0.9987,7.1465,7.1467,0.999848,0.999980,1.0268
RSSCN7,Forest,1864.jpg,2.0010,51.96,0.9988,6.8142,6.8145,0.999726,0.999971,1.0321
RSSCN7,Forest,1865.jpg,2.0034,51.76,0.9989,6.7955,6.7957,0.999729,0.999976,2.4146
RSSCN7,Forest,1866.jpg,1.9974,51.88,0.9991,7.0310,7.0314,0.999808,0.999969,2.4106
RSSCN7,Forest,1867.jpg,2.0032,51.92,0.9991,7.1543,7.1546,0.999857,0.999974,2.1401
RSSCN7,Forest,1868.jpg,1.9950,51.87,0.9990,6.8335,6.8337,0.999738,0.999973,0.7147
RSSCN7,Forest,1869.jpg,1.9953,51.75,0.9990,6.7348,6.7350,0.999681,0.999974,1.7241
RSSCN7,Forest,1870.jpg,1.9940,51.75,0.9989,6.8984,6.8988,0.999810,0.999962,2.3494
RSSCN7,Forest,1871.jpg,2.0006,51.75,0.9990,6.6933,6.6937,0.999682,0.999951,2.9572
RSSCN7,Forest,1872.jpg,1.9913,52.21,0.9984,6.2160,6.2166,0.999417,0.999957,1.3278
RSSCN7,Forest,1873.jpg,1.9935,52.67,0.9981,5.6903,5.6914,0.998911,0.999937,2.7824
RSSCN7,Forest,1874.jpg,1.9950,53.04,0.9979,5.4911,5.4929,0.998941,0.999934,2.6623
RSSCN7,Forest,1875.jpg,2.0050,53.40,0.9982,5.6115,5.6126,0.998970,0.999955,3.6892
RSSCN7,Forest,1876.jpg,1.9994,53.00,0.9979,5.4463,5.4478,0.998638,0.999941,3.1695
RSSCN7,Forest,1877.jpg,2.0026,53.47,0.9982,5.6137,5.6147,0.999126,0.999951,0.2166
RSSCN7,Forest,1878.jpg,1.9933,52.50,0.9982,6.0314,6.0323,0.999355,0.999947,2.6336
RSSCN7,Forest,1879.jpg,1.9916,53.22,0.9983,6.2630,6.2635,0.999598,0.999966,2.4559
RSSCN7,Forest,1880.jpg,1.9983,52.86,0.9980,5.5069,5.5085,0.998727,0.999945,2.4818
RSSCN7,Forest,1881.jpg,1.9978,52.96,0.9980,5.5741,5.5753,0.998797,0.999950,2.4302
RSSCN7,Forest,1882.jpg,1.9967,52.63,0.9982,5.9822,5.9831,0.999385,0.999954,2.2713
RSSCN7,Forest,1883.jpg,2.0057,52.99,0.9981,5.8004,5.8015,0.999247,0.999955,2.7977
RSSCN7,Forest,1884.jpg,1.9955,51.80,0.9988,6.4440,6.4444,0.999521,0.999964,1.9698
RSSCN7,Forest,1885.jpg,2.0044,51.75,0.9987,6.3456,6.3462,0.999458,0.999954,1.2439
RSSCN7,Forest,1886.jpg,2.0002,51.78,0.9990,6.8733,6.8736,0.999770,0.999972,0.9393
RSSCN7,Forest,1887.jpg,2.0015,51.71,0.9991,6.8212,6.8216,0.999729,0.999969,0.9142
RSSCN7,Forest,1888.jpg,1.9992,51.76,0.9987,6.5356,6.5362,0.999601,0.999959,3.1726
RSSCN7,Forest,1889.jpg,2.0002,52.08,0.9990,6.9078,6.9082,0.999837,0.999975,0.7388
RSSCN7,Forest,1890.jpg,1.9982,51.70,0.9991,6.7860,6.7862,0.999716,0.999966,2.5586
RSSCN7,Forest,1891.jpg,1.9995,51.79,0.9989,6.6665,6.6670,0.999674,0.999960,1.3686
RSSCN7,Forest,1892.jpg,2.0024,51.77,0.9988,6.5069,6.5074,0.999579,0.999955,2.8822
RSSCN7,Forest,1893.jpg,2.0165,52.23,0.9988,6.5868,6.5875,0.999719,0.999952,0.4883
RSSCN7,Forest,1894.jpg,1.9989,51.78,0.9989,6.7003,6.7006,0.999694,0.999959,3.1898
RSSCN7,Forest,1895.jpg,1.9994,51.71,0.9990,6.7850,6.7854,0.999717,0.999968,1.2947
RSSCN7,Forest,1896.jpg,1.9991,51.80,0.9989,6.8538,6.8541,0.999739,0.999972,0.2741
RSSCN7,Forest,1897.jpg,2.0034,51.71,0.9989,6.4807,6.4811,0.999556,0.999957,1.3131
RSSCN7,Forest,1898.jpg,2.0043,51.75,0.9989,6.7809,6.7811,0.999733,0.999965,0.3407
RSSCN7,Forest,1899.jpg,1.9945,51.75,0.9988,6.6666,6.6668,0.999665,0.999960,2.6076
RSSCN7,Forest,1900.jpg,1.9992,51.71,0.9989,6.6223,6.6227,0.999633,0.999962,0.7375
RSSCN7,Forest,1901.jpg,2.0017,53.26,0.9984,6.1748,6.1753,0.999626,0.999980,1.7032
RSSCN7,Forest,1902.jpg,2.0012,53.78,0.9984,6.0214,6.0221,0.999544,0.999980,1.5865
RSSCN7,Forest,1903.jpg,2.0037,51.76,0.9988,6.8732,6.8734,0.999775,0.999970,2.3906
RSSCN7,Forest,1904.jpg,2.0044,52.38,0.9981,6.1518,6.1524,0.999396,0.999972,2.1280
RSSCN7,Forest,1905.jpg,1.9987,52.44,0.9981,6.3686,6.3691,0.999543,0.999970,3.0201
RSSCN7,Forest,1906.jpg,1.9982,52.20,0.9981,6.0862,6.0870,0.999286,0.999972,0.8080
RSSCN7,Forest,1907.jpg,2.0013,53.02,0.9982,6.0084,6.0093,0.999503,0.999959,2.8366
RSSCN7,Forest,1908.jpg,2.0066,53.28,0.9983,5.8155,5.8168,0.999558,0.999963,1.4097
RSSCN7,Forest,1909.jpg,2.0029,53.77,0.9985,6.3129,6.3136,0.999711,0.999974,1.9243
RSSCN7,Forest,1910.jpg,1.9929,53.34,0.9982,5.4275,5.4292,0.998675,0.999954,2.7394
RSSCN7,Forest,1911.jpg,2.0005,53.14,0.9982,5.5704,5.5720,0.998889,0.999954,1.7765
RSSCN7,Forest,1912.jpg,2.0046,54.15,0.9984,5.8725,5.8735,0.999459,0.999973,0.0234
RSSCN7,Forest,1913.jpg,1.9992,54.47,0.9987,6.3384,6.3395,0.999790,0.999980,0.9771
RSSCN7,Forest,1914.jpg,2.0056,52.02,0.9985,6.1399,6.1407,0.999322,0.999973,2.7644
RSSCN7,Forest,1915.jpg,1.9961,52.75,0.9983,6.2143,6.2148,0.999506,0.999973,1.5285
RSSCN7,Forest,1916.jpg,2.0087,52.79,0.9981,5.9196,5.9206,0.999396,0.999940,2.1838
RSSCN7,Forest,1917.jpg,2.0029,52.77,0.9979,5.5775,5.5789,0.998820,0.999925,1.9394
RSSCN7,Forest,1918.jpg,2.0040,53.42,0.9981,5.4602,5.4618,0.998743,0.999949,1.8233
RSSCN7,Forest,1919.jpg,1.9931,54.01,0.9982,5.2794,5.2812,0.998573,0.999949,2.3518
RSSCN7,Forest,1920.jpg,2.0021,53.22,0.9980,5.3256,5.3277,0.998393,0.999929,1.2280
RSSCN7,Forest,1921.jpg,1.9975,53.62,0.9982,5.6770,5.6782,0.999142,0.999950,1.7339
RSSCN7,Forest,1922.jpg,2.0005,53.30,0.9982,5.7920,5.7932,0.999207,0.999944,1.1656
RSSCN7,Forest,1923.jpg,2.0050,53.11,0.9981,5.9072,5.9085,0.999558,0.999949,2.0922
RSSCN7,Forest,1924.jpg,1.9981,53.29,0.9980,5.4805,5.4823,0.998895,0.999932,1.7007
RSSCN7,Forest,1925.jpg,1.9943,53.44,0.9981,5.8383,5.8394,0.999465,0.999952,2.1282
RSSCN7,Forest,1926.jpg,1.9952,54.95,0.9986,5.2012,5.2027,0.998821,0.999963,1.2083
RSSCN7,Forest,1927.jpg,1.9977,54.14,0.9985,6.3908,6.3915,0.999876,0.999975,2.6830
RSSCN7,Forest,1928.jpg,1.9983,53.56,0.9982,5.5579,5.5591,0.998957,0.999946,1.6233
RSSCN7,Forest,1929.jpg,1.9949,54.33,0.9984,5.4773,5.4785,0.999013,0.999953,1.8654
RSSCN7,Forest,1930.jpg,1.9942,53.44,0.9983,6.1724,6.1736,0.999837,0.999968,2.6298
RSSCN7,Forest,1931.jpg,2.0109,55.81,0.9989,5.7234,5.7243,0.999585,0.999972,1.6170
RSSCN7,Forest,1932.jpg,2.0064,53.76,0.9981,5.3567,5.3584,0.998627,0.999936,1.4305
RSSCN7,Forest,1933.jpg,2.0077,54.88,0.9985,5.9827,5.9837,0.999783,0.999968,1.1135
RSSCN7,Forest,1934.jpg,1.9941,53.93,0.9984,5.5588,5.5596,0.999102,0.999956,2.4986
RSSCN7,Forest,1935.jpg,2.0002,53.88,0.9983,5.4973,5.4986,0.999092,0.999960,1.9883
RSSCN7,Forest,1936.jpg,1.9961,53.58,0.9982,5.7421,5.7433,0.999224,0.999980,2.9384
RSSCN7,Forest,1937.jpg,1.9980,53.23,0.9980,5.6848,5.6860,0.999045,0.999971,3.4244
RSSCN7,Forest,1938.jpg,1.9928,53.12,0.9983,6.4872,6.4880,0.999693,0.999976,1.9042
RSSCN7,Forest,1939.jpg,2.0048,52.67,0.9982,6.3596,6.3601,0.999602,0.999973,2.2858
RSSCN7,Forest,1940.jpg,2.0042,52.61,0.9982,6.0600,6.0608,0.999384,0.999969,1.6849
RSSCN7,Forest,1941.jpg,2.0048,54.89,0.9985,5.6328,5.6342,0.999466,0.999959,1.8124
RSSCN7,Forest,1942.jpg,2.0016,53.51,0.9983,6.0543,6.0555,0.999613,0.999954,2.2245
RSSCN7,Forest,1943.jpg,2.0117,55.22,0.9987,5.5804,5.5823,0.999766,0.999968,0.7374
RSSCN7,Forest,1944.jpg,1.9981,55.80,0.9988,5.5005,5.5021,0.999515,0.999948,0.7558
RSSCN7,Forest,1945.jpg,2.0042,53.12,0.9982,6.2499,6.2504,0.999589,0.999973,2.3629
RSSCN7,Forest,1946.jpg,2.0031,53.25,0.9981,5.8296,5.8312,0.999436,0.999936,2.8827
RSSCN7,Forest,1947.jpg,2.0033,53.91,0.9983,5.7497,5.7513,0.999522,0.999954,2.3587
RSSCN7,Forest,1948.jpg,2.0010,53.08,0.9979,5.5423,5.5438,0.999018,0.999945,1.0734
RSSCN7,Forest,1949.jpg,2.0036,52.11,0.9982,5.9099,5.9108,0.999078,0.999964,3.3113
RSSCN7,Forest,1950.jpg,2.0006,52.32,0.9981,5.8782,5.8791,0.999064,0.999966,1.3698
RSSCN7,Forest,1951.jpg,1.9994,52.21,0.9981,5.9244,5.9251,0.999110,0.999967,2.6207
RSSCN7,Forest,1952.jpg,2.0036,52.46,0.9981,6.0259,6.0267,0.999271,0.999970,2.0375
RSSCN7,Forest,1953.jpg,1.9909,52.50,0.9980,5.8929,5.8939,0.999174,0.999969,3.0181
RSSCN7,Forest,1954.jpg,2.0007,52.05,0.9982,6.0954,6.0962,0.999276,0.999971,3.7957
RSSCN7,Forest,1955.jpg,1.9985,51.82,0.9986,6.5133,6.5137,0.999591,0.999981,3.2366
RSSCN7,Forest,1956.jpg,2.0051,52.29,0.9981,5.8614,5.8623,0.999097,0.999962,2.1575
RSSCN7,Forest,1957.jpg,2.0025,52.88,0.9984,6.2861,6.2866,0.999583,0.999971,2.8584
RSSCN7,Forest,1958.jpg,2.0017,52.62,0.9982,5.9174,5.9181,0.999196,0.999965,2.7122
RSSCN7,Forest,1959.jpg,1.9959,53.58,0.9986,6.4133,6.4138,0.999698,0.999979,0.9249
RSSCN7,Forest,1960.jpg,2.0106,52.69,0.9987,6.7769,6.7773,0.999768,0.999988,3.0759
RSSCN7,Forest,1961.jpg,2.0005,51.97,0.9986,6.6327,6.6330,0.999674,0.999982,3.0008
RSSCN7,Forest,1962.jpg,1.9972,52.12,0.9987,7.1121,7.1124,0.999850,0.999982,3.5759
RSSCN7,Forest,1963.jpg,1.9992,51.72,0.9988,6.4495,6.4500,0.999571,0.999974,0.3190
RSSCN7,Forest,1964.jpg,1.9933,51.87,0.9988,6.7197,6.7201,0.999718,0.999980,3.1437
RSSCN7,Forest,1965.jpg,2.0023,52.21,0.9990,7.2505,7.2506,0.999878,0.999980,1.7397
RSSCN7,Forest,1966.jpg,1.9957,51.83,0.9988,6.8482,6.8486,0.999804,0.999977,2.2725
RSSCN7,Forest,1967.jpg,2.0035,51.78,0.9990,6.4773,6.4777,0.999542,0.999971,3.5739
RSSCN7,Forest,1968.jpg,1.9918,51.92,0.9987,6.9108,6.9112,0.999845,0.999974,3.6894
RSSCN7,Forest,1969.jpg,2.0087,52.00,0.9990,6.7008,6.7012,0.999697,0.999953,0.3080
RSSCN7,Forest,1970.jpg,1.9937,52.72,0.9984,6.1808,6.1814,0.999454,0.999967,3.3242
RSSCN7,Forest,1971.jpg,1.9938,52.75,0.9986,6.9463,6.9468,0.999849,0.999982,3.0165
RSSCN7,Forest,1972.jpg,2.0047,53.48,0.9981,5.9515,5.9531,0.999820,0.999965,2.4616
RSSCN7,Forest,1973.jpg,1.9921,53.99,0.9985,6.2998,6.3006,0.999816,0.999973,0.9622
RSSCN7,Forest,1974.jpg,2.0014,54.28,0.9986,5.8561,5.8574,0.999702,0.999971,2.4790
RSSCN7,Forest,1975.jpg,2.0016,54.74,0.9985,5.4775,5.4791,0.999196,0.999966,0.6857
RSSCN7,Forest,1976.jpg,1.9910,54.20,0.9985,5.7128,5.7143,0.999526,0.999968,1.8149
RSSCN7,Forest,1977.jpg,1.9947,54.03,0.9985,5.8351,5.8366,0.999697,0.999975,1.9638
RSSCN7,Forest,1978.jpg,1.9921,54.88,0.9986,5.2396,5.2418,0.999520,0.999972,0.7693
RSSCN7,Forest,1979.jpg,1.9986,54.00,0.9984,5.7480,5.7498,0.999526,0.999970,1.0634
RSSCN7,Forest,1980.jpg,1.9971,54.17,0.9982,5.1583,5.1605,0.998667,0.999961,1.0690
RSSCN7,Forest,1981.jpg,2.0010,53.87,0.9982,5.1580,5.1604,0.998394,0.999960,1.7479
RSSCN7,Forest,1982.jpg,1.9915,54.24,0.9983,5.2163,5.2183,0.998747,0.999964,0.0394
RSSCN7,Forest,1983.jpg,2.0002,53.38,0.9982,5.5387,5.5401,0.999315,0.999959,2.6676
RSSCN7,Forest,1984.jpg,1.9915,53.29,0.9980,5.2120,5.2141,0.998139,0.999961,2.1643
RSSCN7,Forest,1985.jpg,1.9940,53.50,0.9981,5.2694,5.2714,0.998568,0.999954,1.5077
RSSCN7,Forest,1986.jpg,1.9995,51.78,0.9986,6.3624,6.3628,0.999481,0.999963,0.2052
RSSCN7,Forest,1987.jpg,2.0038,51.83,0.9989,6.4939,6.4945,0.999565,0.999962,0.3858
RSSCN7,Forest,1988.jpg,1.9981,51.80,0.9987,6.6562,6.6564,0.999705,0.999964,1.3889
RSSCN7,Forest,1989.jpg,1.9955,52.02,0.9989,6.7092,6.7096,0.999698,0.999973,0.9993
RSSCN7,Forest,1990.jpg,2.0030,51.81,0.9987,6.5198,6.5202,0.999579,0.999964,2.5001
RSSCN7,Forest,1991.jpg,2.0049,51.82,0.9990,6.5517,6.5521,0.999613,0.999967,0.0777
RSSCN7,Forest,1992.jpg,2.0018,51.83,0.9988,6.5460,6.5463,0.999603,0.999963,3.8947
RSSCN7,Forest,1993.jpg,2.0020,51.79,0.9989,6.8466,6.8470,0.999759,0.999969,0.5777
RSSCN7,Forest,1994.jpg,1.9957,51.69,0.9990,6.5420,6.5425,0.999597,0.999961,2.4041
RSSCN7,Forest,1995.jpg,2.0028,51.79,0.9988,6.5426,6.5429,0.999605,0.999964,1.2350
RSSCN7,Forest,1996.jpg,1.9990,51.88,0.9988,6.3658,6.3663,0.999538,0.999956,1.6717
RSSCN7,Forest,1997.jpg,1.9984,51.72,0.9988,6.4243,6.4248,0.999503,0.999959,1.9455
RSSCN7,Forest,1998.jpg,2.0027,51.75,0.9987,6.4673,6.4676,0.999591,0.999961,1.6854
RSSCN7,Forest,1999.jpg,1.9986,51.95,0.9985,6.1455,6.1459,0.999302,0.999960,2.1654
RSSCN7,Forest,2000.jpg,2.0057,51.81,0.9987,6.4005,6.4011,0.999590,0.999965,2.4395
RSSCN7,Grass,1.jpg,1.9936,54.55,0.9990,6.3695,6.3701,0.999851,0.999984,2.1471
RSSCN7,Grass,10.jpg,1.9924,54.53,0.9989,6.9452,6.9454,0.999901,0.999990,0.1631
RSSCN7,Grass,100.jpg,2.0014,55.13,0.9990,6.7744,6.7747,0.999887,0.999993,1.0493
RSSCN7,Grass,101.jpg,2.0005,53.74,0.9989,7.3156,7.3159,0.999921,0.999991,2.6455
RSSCN7,Grass,102.jpg,2.0065,63.26,0.9998,4.6358,4.6365,0.999616,0.999998,1.1371
RSSCN7,Grass,103.jpg,2.0011,57.71,0.9993,5.3613,5.3621,0.999562,0.999993,0.8823
RSSCN7,Grass,104.jpg,2.0000,56.34,0.9988,5.3409,5.3419,0.999266,0.999990,0.8191
RSSCN7,Grass,105.jpg,2.0035,57.07,0.9991,5.1766,5.1777,0.999323,0.999991,0.9401
RSSCN7,Grass,106.jpg,2.0087,59.79,0.9996,5.1428,5.1435,0.999887,0.999996,0.5909
RSSCN7,Grass,107.jpg,2.0009,55.52,0.9985,4.8418,4.8442,0.998139,0.999990,1.3035
RSSCN7,Grass,108.jpg,2.0027,59.06,0.9995,4.9626,4.9637,0.999915,0.999995,0.3850
RSSCN7,Grass,109.jpg,1.9951,56.80,0.9990,5.0649,5.0665,0.999338,0.999990,0.7580
RSSCN7,Grass,11.jpg,2.0099,55.32,0.9990,6.8747,6.8752,0.999941,0.999994,1.8894
RSSCN7,Grass,110.jpg,2.0119,61.85,0.9997,4.6264,4.6272,0.999562,0.999993,1.6013
RSSCN7,Grass,111.jpg,2.0043,57.56,0.9992,5.2872,5.2883,0.999537,0.999990,2.5504
RSSCN7,Grass,112.jpg,2.0097,57.17,0.9992,5.4598,5.4606,0.999908,0.999991,2.2782
RSSCN7,Grass,113.jpg,1.9950,59.65,0.9996,4.8102,4.8106,0.999528,0.999993,2.4048
RSSCN7,Grass,114.jpg,1.9956,55.67,0.9988,5.3854,5.3865,0.999300,0.999988,1.8656
RSSCN7,Grass,115.jpg,1.9929,60.09,0.9995,4.7251,4.7261,0.999380,0.999994,1.9974
RSSCN7,Grass,116.jpg,2.0348,65.30,0.9998,4.3713,4.3720,0.999625,0.999998,0.2821
RSSCN7,Grass,117.jpg,2.0111,57.76,0.9991,4.8900,4.8916,0.999043,0.999993,1.4207
RSSCN7,Grass,118.jpg,2.0049,58.97,0.9994,4.4865,4.4881,0.999128,0.999990,1.8376
RSSCN7,Grass,119.jpg,2.0146,57.01,0.9991,5.4243,5.4251,0.999651,0.999989,1.9329
RSSCN7,Grass,12.jpg,1.9878,58.04,0.9994,6.2411,6.2414,0.999947,0.999997,1.2097
RSSCN7,Grass,120.jpg,2.0020,57.01,0.9989,4.6332,4.6357,0.998335,0.999991,1.0478
RSSCN7,Grass,121.jpg,1.9986,58.35,0.9992,4.7583,4.7601,0.998926,0.999995,2.1464
RSSCN7,Grass,122.jpg,1.9904,54.38,0.9984,5.2660,5.2675,0.998795,0.999983,2.4412
RSSCN7,Grass,123.jpg,1.9940,55.52,0.9987,5.4351,5.4364,0.999466,0.999991,2.5655
RSSCN7,Grass,124.jpg,2.0082,53.09,0.9979,5.3732,5.3748,0.998444,0.999985,1.3311
RSSCN7,Grass,125.jpg,1.9995,55.00,0.9986,5.5124,5.5137,0.999550,0.999988,2.3830
RSSCN7,Grass,126.jpg,2.0075,56.06,0.9988,5.1263,5.1279,0.999623,0.999989,2.8695
RSSCN7,Grass,127.jpg,1.9887,56.05,0.9988,4.9540,4.9558,0.998748,0.999989,1.5027
RSSCN7,Grass,128.jpg,2.0035,56.31,0.9989,5.7470,5.7477,0.999653,0.999991,4.1852
RSSCN7,Grass,129.jpg,2.0066,57.13,0.9993,5.4600,5.4608,0.999801,0.999994,2.5360
RSSCN7,Grass,13.jpg,2.0083,55.37,0.9989,6.7346,6.7349,0.999902,0.999992,2.8415
RSSCN7,Grass,130.jpg,1.9996,56.43,0.9989,5.1693,5.1710,0.999238,0.999989,0.2439
RSSCN7,Grass,131.jpg,2.0064,59.49,0.9993,4.3796,4.3820,0.998566,0.999985,0.9384
RSSCN7,Grass,132.jpg,2.0017,52.52,0.9982,5.8930,5.8940,0.999184,0.999975,3.5929
RSSCN7,Grass,133.jpg,1.9950,52.87,0.9981,5.7842,5.7851,0.999156,0.999972,2.6149
RSSCN7,Grass,134.jpg,2.0046,60.57,0.9995,4.8543,4.8553,0.999447,0.999991,1.1290
RSSCN7,Grass,135.jpg,2.0014,54.03,0.9983,5.8461,5.8470,0.999383,0.999984,1.8840
RSSCN7,Grass,136.jpg,2.0001,55.10,0.9985,5.4516,5.4525,0.999130,0.999986,2.1774
RSSCN7,Grass,137.jpg,1.9846,58.09,0.9992,5.3358,5.3369,0.999522,0.999995,3.0112
RSSCN7,Grass,138.jpg,2.0134,57.96,0.9994,5.5230,5.5235,0.999795,0.999996,1.1384
RSSCN7,Grass,139.jpg,2.0026,54.35,0.9991,6.8375,6.8377,0.999928,0.999992,3.5797
RSSCN7,Grass,14.jpg,2.0011,53.88,0.9986,6.7773,6.7776,0.999855,0.999991,2.7904
RSSCN7,Grass,140.jpg,2.0058,52.44,0.9988,6.9757,6.9761,0.999836,0.999989,4.2182
RSSCN7,Grass,141.jpg,2.0025,52.77,0.9990,7.2109,7.2114,0.999893,0.999986,1.6502
RSSCN7,Grass,142.jpg,2.0126,54.95,0.9991,6.8558,6.8562,0.999909,0.999993,2.5008
RSSCN7,Grass,143.jpg,2.0059,53.03,0.9989,7.3256,7.3256,0.999907,0.999987,3.2056
RSSCN7,Grass,144.jpg,2.0039,55.02,0.9991,7.1093,7.1097,0.999919,0.999997,3.2901
RSSCN7,Grass,145.jpg,2.0056,53.38,0.9990,7.3428,7.3430,0.999915,0.999991,1.9488
RSSCN7,Grass,146.jpg,2.0001,55.99,0.9992,6.2629,6.2634,0.999806,0.999993,0.1593
RSSCN7,Grass,147.jpg,2.0072,53.35,0.9991,7.3221,7.3223,0.999919,0.999988,3.7576
RSSCN7,Grass,148.jpg,1.9995,53.27,0.9989,7.4887,7.4890,0.999928,0.999991,1.8025
RSSCN7,Grass,149.jpg,1.9913,53.74,0.9990,7.3672,7.3674,0.999922,0.999995,2.2984
RSSCN7,Grass,15.jpg,2.0004,53.77,0.9988,7.2122,7.2124,0.999910,0.999989,2.8378
RSSCN7,Grass,150.jpg,2.0120,56.31,0.9994,6.3294,6.3297,0.999904,0.999993,3.3117
RSSCN7,Grass,151.jpg,2.0031,55.22,0.9992,6.6747,6.6748,0.999886,0.999992,3.3041
RSSCN7,Grass,152.jpg,2.0127,55.58,0.9994,6.9315,6.9318,0.999945,0.999995,1.0960
RSSCN7,Grass,153.jpg,1.9867,61.84,0.9996,4.6905,4.6915,0.999611,0.999998,1.0977
RSSCN7,Grass,154.jpg,1.9972,56.17,0.9988,5.1468,5.1483,0.998978,0.999991,2.7309
RSSCN7,Grass,155.jpg,2.0100,59.69,0.9994,4.9982,4.9990,0.999515,0.999996,2.4168
RSSCN7,Grass,156.jpg,2.0000,54.55,0.9988,6.3333,6.3338,0.999753,0.999995,2.0359
RSSCN7,Grass,157.jpg,1.9945,54.01,0.9990,7.1471,7.1463,0.999947,0.999996,0.1268
RSSCN7,Grass,158.jpg,2.0006,54.12,0.9988,6.8559,6.8564,0.999878,0.999995,0.1245
RSSCN7,Grass,159.jpg,2.0128,54.27,0.9989,7.1397,7.1399,0.999917,0.999993,0.7565
RSSCN7,Grass,16.jpg,1.9957,53.73,0.9984,6.1106,6.1114,0.999614,0.999982,1.1456
RSSCN7,Grass,160.jpg,2.0006,56.04,0.9991,6.3447,6.3449,0.999832,0.999997,2.4905
RSSCN7,Grass,161.jpg,2.0139,54.94,0.9986,6.5852,6.5856,0.999840,0.999996,1.0906
RSSCN7,Grass,162.jpg,2.0081,55.73,0.9988,5.7715,5.7722,0.999537,0.999997,2.9841
RSSCN7,Grass,163.jpg,2.0040,54.52,0.9987,6.6011,6.6014,0.999838,0.999994,2.2500
RSSCN7,Grass,164.jpg,2.0028,54.79,0.9986,6.2304,6.2308,0.999731,0.999994,2.2027
RSSCN7,Grass,165.jpg,1.9988,54.52,0.9984,5.9127,5.9136,0.999564,0.999997,1.8502
RSSCN7,Grass,166.jpg,1.9978,53.43,0.9987,6.9035,6.9038,0.999869,0.999993,1.5207
RSSCN7,Grass,167.jpg,2.0056,54.46,0.9988,6.3938,6.3943,0.999775,0.999994,1.9830
RSSCN7,Grass,168.jpg,1.9915,54.48,0.9987,6.2937,6.2942,0.999748,0.999995,0.5356
RSSCN7,Grass,169.jpg,2.0085,54.11,0.9985,6.4213,6.4218,0.999740,0.999996,2.0299
RSSCN7,Grass,17.jpg,1.9996,53.42,0.9985,6.3401,6.3409,0.999759,0.999985,1.2287
RSSCN7,Grass,170.jpg,1.9996,53.64,0.9984,6.5565,6.5569,0.999785,0.999996,1.8630
RSSCN7,Grass,171.jpg,1.9998,54.48,0.9989,6.7078,6.7085,0.999933,0.999995,1.3710
RSSCN7,Grass,172.jpg,2.0034,54.19,0.9987,6.7621,6.7628,0.999863,0.999989,1.9182
RSSCN7,Grass,173.jpg,1.9994,53.44,0.9985,6.5095,6.5100,0.999787,0.999989,0.4353
RSSCN7,Grass,174.jpg,1.9997,53.14,0.9986,7.1278,7.1281,0.999881,0.999989,0.5286
RSSCN7,Grass,175.jpg,1.9918,54.52,0.9988,6.7442,6.7445,0.999869,0.999993,1.3532
RSSCN7,Grass,176.jpg,1.9987,53.69,0.9989,7.3481,7.3484,0.999941,0.999990,1.7853
RSSCN7,Grass,177.jpg,1.9992,53.96,0.9990,7.2432,7.2438,0.999939,0.999992,1.8217
RSSCN7,Grass,178.jpg,1.9982,53.45,0.9988,7.3522,7.3525,0.999931,0.999991,1.7661
RSSCN7,Grass,179.jpg,2.0002,53.50,0.9989,6.8636,6.8641,0.999880,0.999981,1.1917
RSSCN7,Grass,18.jpg,2.0009,53.65,0.9985,6.2618,6.2625,0.999728,0.999983,1.7335
RSSCN7,Grass,180.jpg,2.0018,54.92,0.9990,6.7670,6.7672,0.999908,0.999992,3.6008
RSSCN7,Grass,181.jpg,1.9939,54.09,0.9989,7.3037,7.3040,0.999938,0.999992,3.6636
RSSCN7,Grass,182.jpg,2.0028,54.26,0.9990,7.2866,7.2868,0.999938,0.999991,2.7059
RSSCN7,Grass,183.jpg,2.0073,53.16,0.9986,6.9627,6.9629,0.999844,0.999992,3.6149
RSSCN7,Grass,184.jpg,2.0031,53.46,0.9983,6.2288,6.2293,0.999595,0.999987,2.9392
RSSCN7,Grass,185.jpg,1.9916,54.81,0.9988,5.9107,5.9116,0.999730,0.999990,2.6452
RSSCN7,Grass,186.jpg,2.0010,55.20,0.9992,6.5329,6.5331,0.999914,0.999987,2.0227
RSSCN7,Grass,187.jpg,1.9964,55.52,0.9992,6.4327,6.4330,0.999913,0.999991,0.2377
RSSCN7,Grass,188.jpg,2.0044,54.89,0.9989,6.7044,6.7049,0.999918,0.999992,0.6379
RSSCN7,Grass,189.jpg,2.0059,56.65,0.9993,6.5745,6.5748,0.999935,0.999996,0.7289
RSSCN7,Grass,19.jpg,2.0073,57.11,0.9993,5.9092,5.9098,0.999829,0.999996,0.4613
RSSCN7,Grass,190.jpg,2.0016,53.99,0.9985,6.2416,6.2423,0.999752,0.999987,1.7024
RSSCN7,Grass,191.jpg,2.0060,57.70,0.9993,5.7402,5.7406,0.999744,0.999996,0.5645
RSSCN7,Grass,192.jpg,2.0116,55.39,0.9991,6.6414,6.6417,0.999888,0.999995,1.7156
RSSCN7,Grass,193.jpg,2.0163,65.15,0.9998,5.2524,5.2527,0.999900,0.999999,0.7210
RSSCN7,Grass,194.jpg,2.0151,60.95,0.9997,5.5703,5.5704,0.999871,0.999998,0.7095
RSSCN7,Grass,195.jpg,2.0030,57.25,0.9994,6.3313,6.3314,0.999914,0.999996,0.2344
RSSCN7,Grass,196.jpg,2.0078,57.81,0.9994,6.2614,6.2618,0.999936,0.999997,1.8937
RSSCN7,Grass,197.jpg,1.9995,54.78,0.9988,6.3834,6.3840,0.999843,0.999992,2.2013
RSSCN7,Grass,198.jpg,2.0162,55.48,0.9990,6.8023,6.8027,0.999920,0.999995,4.0639
RSSCN7,Grass,199.jpg,1.9997,55.25,0.9989,6.1924,6.1930,0.999726,0.999994,2.5519
RSSCN7,Grass,2.jpg,2.0139,55.65,0.9991,6.5433,6.5438,0.999896,0.999988,1.3315
RSSCN7,Grass,20.jpg,1.9951,55.91,0.9987,5.5325,5.5336,0.999464,0.999994,2.4299
RSSCN7,Grass,200.jpg,2.0029,55.18,0.9990,6.6068,6.6071,0.999844,0.999992,1.3152
RSSCN7,Grass,201.jpg,1.9929,59.14,0.9994,4.9540,4.9552,0.999390,0.999994,2.5664
RSSCN7,Grass,202.jpg,1.9837,59.48,0.9995,5.2698,5.2703,0.999615,0.999997,0.8151
RSSCN7,Grass,203.jpg,2.0165,57.23,0.9990,5.4414,5.4423,0.999476,0.999994,0.9522
RSSCN7,Grass,204.jpg,1.9995,55.54,0.9989,5.5378,5.5388,0.999364,0.999989,1.3470
RSSCN7,Grass,205.jpg,1.9934,54.96,0.9986,5.6320,5.6330,0.999301,0.999984,2.7364
RSSCN7,Grass,206.jpg,2.0010,55.57,0.9988,5.6873,5.6881,0.999489,0.999987,1.7254
RSSCN7,Grass,207.jpg,2.0117,57.54,0.9993,5.7355,5.7360,0.999726,0.999993,0.2538
RSSCN7,Grass,208.jpg,1.9937,60.38,0.9995,4.8505,4.8514,0.999479,0.999997,0.3602
RSSCN7,Grass,209.jpg,2.0077,58.50,0.9995,5.7904,5.7907,0.999841,0.999995,0.5928
RSSCN7,Grass,21.jpg,2.0067,53.90,0.9985,6.3038,6.3046,0.999762,0.999985,3.4699
RSSCN7,Grass,210.jpg,2.0122,59.07,0.9994,5.2898,5.2905,0.999617,0.999996,0.8536
RSSCN7,Grass,211.jpg,1.9829,64.47,0.9998,5.1687,5.1690,0.999867,0.999999,1.8314
RSSCN7,Grass,212.jpg,2.0158,61.83,0.9997,5.0627,5.0633,0.999717,0.999997,0.2459
RSSCN7,Grass,213.jpg,2.0249,63.40,0.9998,4.9262,4.9265,0.999742,0.999998,0.3397
RSSCN7,Grass,214.jpg,1.9897,60.26,0.9995,5.1092,5.1098,0.999646,0.999996,0.5211
RSSCN7,Grass,215.jpg,1.9809,60.90,0.9997,5.0306,5.0311,0.999709,0.999997,3.2027
RSSCN7,Grass,216.jpg,1.9969,61.01,0.9997,5.2719,5.2721,0.999847,0.999998,0.2495
RSSCN7,Grass,217.jpg,1.9861,62.31,0.9997,5.2430,5.2434,0.999787,0.999999,0.8993
RSSCN7,Grass,218.jpg,2.0000,59.83,0.9995,4.8135,4.8143,0.999400,0.999996,1.4578
RSSCN7,Grass,219.jpg,2.0081,59.11,0.9995,5.1399,5.1405,0.999730,0.999996,0.5878
RSSCN7,Grass,22.jpg,2.0030,52.96,0.9983,6.3751,6.3758,0.999673,0.999984,2.0468
RSSCN7,Grass,220.jpg,2.0035,59.99,0.9995,5.3264,5.3269,0.999681,0.999997,0.0995
RSSCN7,Grass,221.jpg,1.9942,59.28,0.9996,5.8203,5.8206,0.999865,0.999995,1.2337
RSSCN7,Grass,222.jpg,1.9977,61.25,0.9997,4.8761,4.8766,0.999618,0.999997,2.5220
RSSCN7,Grass,223.jpg,1.9825,61.89,0.9997,5.4886,5.4889,0.999835,0.999998,0.4664
RSSCN7,Grass,224.jpg,2.0053,59.87,0.9996,5.3749,5.3752,0.999735,0.999997,1.8565
RSSCN7,Grass,225.jpg,1.9815,64.58,0.9998,4.4458,4.4461,0.999722,0.999998,0.3504
RSSCN7,Grass,226.jpg,1.9693,66.43,0.9999,4.4793,4.4794,0.999822,0.999999,0.8352
RSSCN7,Grass,227.jpg,2.0065,60.66,0.9997,5.1667,5.1672,0.999814,0.999996,2.0501
RSSCN7,Grass,228.jpg,2.0058,58.87,0.9994,5.4601,5.4607,0.999683,0.999995,0.0134
RSSCN7,Grass,229.jpg,2.0061,58.20,0.9994,5.4764,5.4772,0.999821,0.999995,2.6139
RSSCN7,Grass,23.jpg,1.9995,52.87,0.9983,6.6283,6.6288,0.999765,0.999990,2.6293
RSSCN7,Grass,230.jpg,1.9861,60.52,0.9995,4.9426,4.9433,0.999581,0.999997,0.6423
RSSCN7,Grass,231.jpg,2.0071,59.23,0.9996,5.1607,5.1612,0.999707,0.999997,0.3993
RSSCN7,Grass,232.jpg,2.0074,60.28,0.9996,5.2632,5.2636,0.999734,0.999997,0.2928
RSSCN7,Grass,233.jpg,2.0092,60.84,0.9996,5.3108,5.3112,0.999777,0.999997,0.9369
RSSCN7,Grass,234.jpg,1.9824,62.27,0.9998,4.8093,4.8095,0.999717,0.999998,0.0995
RSSCN7,Grass,235.jpg,2.0103,61.35,0.9996,5.1182,5.1187,0.999880,0.999997,2.1843
RSSCN7,Grass,236.jpg,2.0028,58.34,0.9994,5.4323,5.4330,0.999603,0.999994,3.2326
RSSCN7,Grass,237.jpg,2.0064,62.12,0.9997,5.6115,5.6117,0.999945,0.999997,0.5375
RSSCN7,Grass,238.jpg,1.9960,57.12,0.9991,6.2839,6.2843,0.999869,0.999994,0.2639
RSSCN7,Grass,239.jpg,2.0134,61.87,0.9998,4.9132,4.9136,0.999793,0.999997,2.3360
RSSCN7,Grass,24.jpg,2.0020,54.86,0.9985,5.4861,5.4873,0.999120,0.999994,2.8996
RSSCN7,Grass,240.jpg,1.9973,58.71,0.9995,5.6469,5.6475,0.999874,0.999993,1.8479
RSSCN7,Grass,241.jpg,2.0204,60.45,0.9996,5.2183,5.2188,0.999655,0.999997,0.3551
RSSCN7,Grass,242.jpg,2.0127,62.29,0.9997,4.8903,4.8910,0.999644,0.999997,1.5458
RSSCN7,Grass,243.jpg,1.9813,65.60,0.9999,5.0656,5.0659,0.999892,0.999999,1.1821
RSSCN7,Grass,244.jpg,2.0040,59.53,0.9996,5.2323,5.2330,0.999791,0.999996,1.5464
RSSCN7,Grass,245.jpg,2.0101,58.93,0.9995,5.4631,5.4637,0.999820,0.999996,1.5108
RSSCN7,Grass,246.jpg,1.9959,57.36,0.9994,5.6730,5.6739,0.999798,0.999994,1.1298
RSSCN7,Grass,247.jpg,2.0029,61.85,0.9997,5.3675,5.3678,0.999863,0.999998,0.7393
RSSCN7,Grass,248.jpg,2.0023,60.11,0.9996,4.9791,4.9798,0.999624,0.999996,2.0241
RSSCN7,Grass,249.jpg,2.0156,61.13,0.9997,5.0941,5.0948,0.999705,0.999996,2.8280
RSSCN7,Grass,25.jpg,1.9907,55.59,0.9990,6.6447,6.6451,0.999915,0.999994,1.9271
RSSCN7,Grass,250.jpg,1.9921,56.60,0.9990,5.2824,5.2836,0.999387,0.999992,1.6778
RSSCN7,Grass,251.jpg,1.9962,59.78,0.9996,5.4158,5.4158,0.999806,0.999996,1.3217
RSSCN7,Grass,252.jpg,2.0136,60.92,0.9996,5.3766,5.3770,0.999759,0.999998,2.8276
RSSCN7,Grass,253.jpg,1.9813,62.42,0.9997,5.3637,5.3640,0.999833,0.999998,1.2446
RSSCN7,Grass,254.jpg,2.0044,57.29,0.9993,5.8151,5.8155,0.999812,0.999994,3.2812
RSSCN7,Grass,255.jpg,1.9841,59.25,0.9995,5.0445,5.0451,0.999827,0.999995,0.5760
RSSCN7,Grass,256.jpg,1.9919,62.06,0.9998,5.2522,5.2524,0.999870,0.999997,0.6021
RSSCN7,Grass,257.jpg,2.0111,64.72,0.9998,5.1059,5.1061,0.999871,0.999999,0.0923
RSSCN7,Grass,258.jpg,2.0073,59.75,0.9996,5.1771,5.1776,0.999760,0.999997,3.8085
RSSCN7,Grass,259.jpg,2.0070,57.49,0.9993,6.3670,6.3675,0.999937,0.999994,2.4484
RSSCN7,Grass,26.jpg,2.0064,58.30,0.9994,5.6226,5.6235,0.999919,0.999996,1.4672
RSSCN7,Grass,260.jpg,1.9975,61.37,0.9996,4.8106,4.8114,0.999495,0.999998,1.7043
RSSCN7,Grass,261.jpg,1.9950,57.67,0.9994,5.3894,5.3902,0.999648,0.999994,1.3465
RSSCN7,Grass,262.jpg,1.9981,58.04,0.9994,5.3550,5.3556,0.999626,0.999994,1.5278
RSSCN7,Grass,263.jpg,2.0033,59.96,0.9996,5.1149,5.1155,0.999622,0.999996,3.6352
RSSCN7,Grass,264.jpg,1.9994,58.14,0.9994,5.3415,5.3418,0.999660,0.999994,2.1216
RSSCN7,Grass,265.jpg,1.9940,57.36,0.9993,6.2156,6.2158,0.999847,0.999994,1.2034
RSSCN7,Grass,266.jpg,1.9987,57.35,0.9993,5.7450,5.7456,0.999851,0.999993,1.4339
RSSCN7,Grass,267.jpg,1.9788,60.08,0.9997,5.3510,5.3512,0.999859,0.999997,0.5412
RSSCN7,Grass,268.jpg,1.9976,60.18,0.9997,5.8786,5.8787,0.999939,0.999996,1.8770
RSSCN7,Grass,269.jpg,1.9766,60.97,0.9997,5.0926,5.0932,0.999853,0.999997,1.4382
RSSCN7,Grass,27.jpg,1.9957,52.83,0.9982,5.8207,5.8218,0.999187,0.999983,1.7279
RSSCN7,Grass,270.jpg,1.9963,58.46,0.9995,5.6063,5.6065,0.999872,0.999991,0.4876
RSSCN7,Grass,271.jpg,2.0048,62.61,0.9998,5.0354,5.0356,0.999910,0.999995,2.4011
RSSCN7,Grass,272.jpg,2.0127,58.45,0.9995,6.0990,6.0990,0.999887,0.999992,3.1149
RSSCN7,Grass,273.jpg,2.0011,57.98,0.9993,5.9887,5.9891,0.999850,0.999996,0.6920
RSSCN7,Grass,274.jpg,1.9939,60.43,0.9995,4.7470,4.7481,0.999486,0.999996,1.4401
RSSCN7,Grass,275.jpg,1.9823,61.34,0.9996,4.7997,4.8007,0.999527,0.999997,1.8594
RSSCN7,Grass,276.jpg,1.9950,58.07,0.9995,5.8207,5.8209,0.999892,0.999992,0.7175
RSSCN7,Grass,277.jpg,1.9953,58.97,0.9995,5.7045,5.7048,0.999889,0.999993,1.6943
RSSCN7,Grass,278.jpg,2.0093,58.01,0.9994,5.8966,5.8970,0.999791,0.999993,0.5119
RSSCN7,Grass,279.jpg,1.9975,58.21,0.9993,5.7161,5.7165,0.999749,0.999995,1.4401
RSSCN7,Grass,28.jpg,2.0030,52.79,0.9982,6.1466,6.1472,0.999462,0.999985,1.5823
RSSCN7,Grass,280.jpg,1.9866,57.33,0.9993,5.7635,5.7643,0.999852,0.999991,1.6957
RSSCN7,Grass,281.jpg,2.0067,58.56,0.9994,5.2727,5.2736,0.999696,0.999995,1.8436
RSSCN7,Grass,282.jpg,2.0042,64.90,0.9999,4.6777,4.6781,0.999831,0.999999,0.5791
RSSCN7,Grass,283.jpg,2.0094,58.27,0.9995,5.1316,5.1319,0.999661,0.999994,1.0103
RSSCN7,Grass,284.jpg,2.0067,55.62,0.9991,5.8125,5.8135,0.999714,0.999992,3.7338
RSSCN7,Grass,285.jpg,2.0177,59.17,0.9996,5.4577,5.4581,0.999779,0.999996,0.5358
RSSCN7,Grass,286.jpg,1.9859,59.51,0.9996,5.2160,5.2169,0.999844,0.999997,3.0712
RSSCN7,Grass,287.jpg,2.0022,60.56,0.9996,5.2900,5.2905,0.999785,0.999998,0.6293
RSSCN7,Grass,288.jpg,2.0008,64.57,0.9998,5.3199,5.3201,0.999959,0.999998,0.3887
RSSCN7,Grass,289.jpg,2.0023,57.63,0.9994,5.3621,5.3630,0.999731,0.999995,2.2674
RSSCN7,Grass,29.jpg,1.9987,52.18,0.9982,6.4405,6.4408,0.999562,0.999983,2.9090
RSSCN7,Grass,290.jpg,2.0056,58.95,0.9996,5.4064,5.4067,0.999808,0.999996,1.3783
RSSCN7,Grass,291.jpg,1.9993,65.93,0.9999,4.7974,4.7977,0.999838,0.999999,0.0910
RSSCN7,Grass,292.jpg,2.0015,58.91,0.9996,5.4006,5.4011,0.999827,0.999997,0.0811
RSSCN7,Grass,293.jpg,2.0058,60.01,0.9996,5.3865,5.3870,0.999830,0.999996,2.1471
RSSCN7,Grass,294.jpg,1.9891,57.67,0.9995,5.9179,5.9183,0.999913,0.999990,0.0996
RSSCN7,Grass,295.jpg,2.0110,58.55,0.9996,5.4492,5.4495,0.999837,0.999996,1.3487
RSSCN7,Grass,296.jpg,2.0051,58.53,0.9995,5.1670,5.1679,0.999754,0.999996,0.1100
RSSCN7,Grass,297.jpg,1.9958,56.07,0.9990,5.6665,5.6671,0.999759,0.999988,1.9872
RSSCN7,Grass,298.jpg,2.0093,58.53,0.9995,5.8830,5.8833,0.999880,0.999995,0.6595
RSSCN7,Grass,299.jpg,2.0059,57.96,0.9993,5.5288,5.5293,0.999597,0.999991,1.9508
RSSCN7,Grass,3.jpg,1.9935,55.86,0.9991,6.6407,6.6411,0.999916,0.999994,2.3681
RSSCN7,Grass,30.jpg,2.0043,52.63,0.9981,6.2431,6.2437,0.999485,0.999984,2.8699
RSSCN7,Grass,300.jpg,1.9969,58.91,0.9994,5.6328,5.6334,0.999819,0.999992,0.7706
RSSCN7,Grass,301.jpg,2.0075,58.53,0.9996,5.5906,5.5913,0.999838,0.999995,0.8791
RSSCN7,Grass,302.jpg,2.0071,58.74,0.9997,5.7708,5.7712,0.999901,0.999996,0.4176
RSSCN7,Grass,303.jpg,1.9934,57.40,0.9995,5.7268,5.7271,0.999830,0.999996,1.1808
RSSCN7,Grass,304.jpg,2.0076,60.23,0.9997,5.3272,5.3275,0.999819,0.999997,1.2032
RSSCN7,Grass,305.jpg,2.0083,56.14,0.9992,6.1051,6.1056,0.999818,0.999993,3.3264
RSSCN7,Grass,306.jpg,2.0029,56.98,0.9995,6.0897,6.0901,0.999862,0.999994,1.1146
RSSCN7,Grass,307.jpg,2.0046,58.60,0.9994,5.5296,5.5301,0.999684,0.999993,0.0326
RSSCN7,Grass,308.jpg,1.9885,59.88,0.9997,5.4347,5.4351,0.999751,0.999996,0.9900
RSSCN7,Grass,309.jpg,1.9957,60.23,0.9997,5.0771,5.0777,0.999725,0.999995,1.2661
RSSCN7,Grass,31.jpg,1.9998,52.66,0.9982,6.4633,6.4637,0.999643,0.999983,1.1255
RSSCN7,Grass,310.jpg,2.0076,58.84,0.9995,5.5861,5.5865,0.999815,0.999993,3.1556
RSSCN7,Grass,311.jpg,1.9996,60.07,0.9996,5.3143,5.3147,0.999762,0.999997,0.2085
RSSCN7,Grass,312.jpg,2.0102,56.06,0.9991,6.2182,6.2185,0.999813,0.999989,2.0251
RSSCN7,Grass,313.jpg,2.0077,59.70,0.9995,5.5852,5.5857,0.999787,0.999994,2.1382
RSSCN7,Grass,314.jpg,1.9989,62.81,0.9997,5.0697,5.0703,0.999771,0.999997,1.3227
RSSCN7,Grass,315.jpg,1.9866,59.32,0.9996,5.8372,5.8378,0.999873,0.999996,1.8417
RSSCN7,Grass,316.jpg,2.0079,58.08,0.9994,5.6459,5.6466,0.999702,0.999996,1.9965
RSSCN7,Grass,317.jpg,2.0157,60.66,0.9996,5.1259,5.1265,0.999745,0.999998,0.7111
RSSCN7,Grass,318.jpg,1.9913,62.31,0.9998,4.7966,4.7970,0.999787,0.999997,1.4095
RSSCN7,Grass,319.jpg,1.9924,57.30,0.9994,6.1584,6.1585,0.999853,0.999996,1.9582
RSSCN7,Grass,32.jpg,1.9990,53.03,0.9984,6.8263,6.8268,0.999805,0.999991,1.9387
RSSCN7,Grass,320.jpg,2.0070,61.19,0.9997,4.7018,4.7022,0.999633,0.999998,0.3775
RSSCN7,Grass,321.jpg,1.9905,53.32,0.9989,7.0748,7.0755,0.999921,0.999993,4.2534
RSSCN7,Grass,322.jpg,2.0112,59.19,0.9994,5.7555,5.7560,0.999780,0.999996,1.0949
RSSCN7,Grass,323.jpg,1.9939,58.14,0.9992,5.2742,5.2752,0.999453,0.999996,1.7754
RSSCN7,Grass,324.jpg,2.0105,57.26,0.9994,5.6287,5.6292,0.999881,0.999992,2.9598
RSSCN7,Grass,325.jpg,2.0050,60.01,0.9996,5.1663,5.1668,0.999811,0.999996,4.2245
RSSCN7,Grass,326.jpg,2.0067,60.60,0.9996,5.8320,5.8322,0.999884,0.999996,1.1167
RSSCN7,Grass,327.jpg,2.0075,58.20,0.9995,5.5329,5.5336,0.999698,0.999991,0.7412
RSSCN7,Grass,328.jpg,2.0036,57.47,0.9993,6.0763,6.0768,0.999855,0.999992,2.2504
RSSCN7,Grass,329.jpg,2.0195,60.09,0.9996,4.6729,4.6738,0.999591,0.999997,0.0000
RSSCN7,Grass,33.jpg,1.9986,60.43,0.9995,5.4734,5.4737,0.999775,0.999998,1.1351
RSSCN7,Grass,330.jpg,2.0090,58.31,0.9995,4.8521,4.8530,0.999672,0.999994,0.1072
RSSCN7,Grass,331.jpg,2.0020,57.17,0.9993,5.3518,5.3525,0.999642,0.999993,1.6638
RSSCN7,Grass,332.jpg,2.0013,63.16,0.9998,4.6248,4.6251,0.999735,0.999998,1.0243
RSSCN7,Grass,333.jpg,1.9880,59.34,0.9997,5.1243,5.1248,0.999780,0.999996,0.6674
RSSCN7,Grass,334.jpg,1.9942,55.03,0.9991,5.9634,5.9639,0.999693,0.999987,2.6365
RSSCN7,Grass,335.jpg,1.9945,57.20,0.9995,5.4497,5.4505,0.999788,0.999992,0.7548
RSSCN7,Grass,336.jpg,1.9842,58.00,0.9996,5.4135,5.4138,0.999795,0.999995,0.1338
RSSCN7,Grass,337.jpg,1.9972,57.21,0.9994,5.6635,5.6642,0.999779,0.999993,1.2283
RSSCN7,Grass,338.jpg,2.0054,55.24,0.9991,5.8800,5.8813,0.999801,0.999990,2.1600
RSSCN7,Grass,339.jpg,1.9987,58.00,0.9995,5.1244,5.1254,0.999584,0.999995,0.9007
RSSCN7,Grass,34.jpg,2.0176,57.36,0.9993,6.0302,6.0310,0.999882,0.999997,1.1471
RSSCN7,Grass,340.jpg,2.0065,59.42,0.9996,5.2376,5.2380,0.999749,0.999996,1.2891
RSSCN7,Grass,341.jpg,2.0009,56.33,0.9993,5.5880,5.5885,0.999701,0.999992,0.6076
RSSCN7,Grass,342.jpg,1.9842,61.26,0.9998,4.9758,4.9759,0.999788,0.999998,1.2226
RSSCN7,Grass,343.jpg,1.9947,58.98,0.9995,5.6595,5.6599,0.999779,0.999994,1.9275
RSSCN7,Grass,344.jpg,1.9999,60.46,0.9998,5.0271,5.0274,0.999840,0.999997,1.0496
RSSCN7,Grass,345.jpg,2.0023,58.80,0.9995,5.7286,5.7291,0.999867,0.999994,2.7821
RSSCN7,Grass,346.jpg,1.9914,60.76,0.9997,5.3989,5.3989,0.999850,0.999998,0.9866
RSSCN7,Grass,347.jpg,2.0031,60.78,0.9997,5.7159,5.7160,0.999895,0.999996,0.0419
RSSCN7,Grass,348.jpg,2.0001,59.66,0.9997,5.2734,5.2739,0.999884,0.999997,0.8031
RSSCN7,Grass,349.jpg,1.9892,62.04,0.9998,4.8150,4.8155,0.999875,0.999998,1.0273
RSSCN7,Grass,35.jpg,2.0070,57.45,0.9994,6.0982,6.0987,0.999906,0.999995,1.5935
RSSCN7,Grass,350.jpg,1.9964,60.27,0.9997,4.9589,4.9594,0.999824,0.999997,2.0867
RSSCN7,Grass,351.jpg,2.0069,61.92,0.9998,4.9577,4.9579,0.999872,0.999998,1.0697
RSSCN7,Grass,352.jpg,1.9989,59.10,0.9997,5.2471,5.2475,0.999804,0.999996,1.2078
RSSCN7,Grass,353.jpg,2.0010,58.54,0.9996,5.1140,5.1147,0.999750,0.999995,1.9876
RSSCN7,Grass,354.jpg,2.0177,62.03,0.9998,4.8505,4.8508,0.999750,0.999998,1.6546
RSSCN7,Grass,355.jpg,1.9998,62.45,0.9998,4.8544,4.8548,0.999798,0.999998,2.0309
RSSCN7,Grass,356.jpg,2.0036,57.25,0.9993,6.3460,6.3463,0.999879,0.999992,1.5176
RSSCN7,Grass,357.jpg,2.0138,61.26,0.9998,4.9434,4.9439,0.999816,0.999998,2.6290
RSSCN7,Grass,358.jpg,1.9896,59.04,0.9996,5.0006,5.0012,0.999707,0.999996,0.8984
RSSCN7,Grass,359.jpg,2.0033,54.32,0.9988,6.1521,6.1525,0.999608,0.999985,0.9519
RSSCN7,Grass,36.jpg,1.9979,52.69,0.9980,6.0304,6.0313,0.999498,0.999981,1.7071
RSSCN7,Grass,360.jpg,2.0015,59.12,0.9995,5.5240,5.5245,0.999757,0.999995,0.5119
RSSCN7,Grass,361.jpg,1.9945,59.52,0.9995,5.5874,5.5877,0.999765,0.999996,0.2465
RSSCN7,Grass,362.jpg,1.9987,60.19,0.9996,5.1395,5.1398,0.999711,0.999997,0.8851
RSSCN7,Grass,363.jpg,1.9976,59.31,0.9996,5.9258,5.9260,0.999848,0.999996,0.7786
RSSCN7,Grass,364.jpg,2.0007,58.99,0.9995,5.7254,5.7257,0.999787,0.999996,0.1568
RSSCN7,Grass,365.jpg,1.9950,59.44,0.9997,5.6111,5.6113,0.999874,0.999993,3.3887
RSSCN7,Grass,366.jpg,2.0079,61.76,0.9998,5.0095,5.0099,0.999820,0.999998,2.2607
RSSCN7,Grass,367.jpg,1.9963,63.09,0.9998,4.4646,4.4652,0.999673,0.999999,0.7000
RSSCN7,Grass,368.jpg,2.0055,54.70,0.9989,5.9541,5.9547,0.999586,0.999986,2.1888
RSSCN7,Grass,369.jpg,1.9967,58.36,0.9995,5.7513,5.7517,0.999782,0.999994,1.1104
RSSCN7,Grass,37.jpg,1.9979,57.25,0.9991,5.3605,5.3615,0.999442,0.999996,3.1625
RSSCN7,Grass,370.jpg,2.0149,60.26,0.9997,5.6911,5.6914,0.999862,0.999997,2.0987
RSSCN7,Grass,371.jpg,2.0045,55.37,0.9990,6.0813,6.0818,0.999737,0.999989,0.8181
RSSCN7,Grass,372.jpg,2.0168,57.27,0.9993,5.9039,5.9045,0.999867,0.999995,0.9455
RSSCN7,Grass,373.jpg,1.9824,62.78,0.9998,4.3552,4.3556,0.999711,0.999998,0.3798
RSSCN7,Grass,374.jpg,1.9953,61.92,0.9998,4.4670,4.4673,0.999770,0.999997,1.1372
RSSCN7,Grass,375.jpg,2.0038,56.85,0.9993,5.4474,5.4483,0.999618,0.999994,0.9807
RSSCN7,Grass,376.jpg,1.9937,63.26,0.9998,4.5489,4.5494,0.999731,0.999999,1.5046
RSSCN7,Grass,377.jpg,2.0161,59.14,0.9996,5.3513,5.3517,0.999838,0.999996,3.1201
RSSCN7,Grass,378.jpg,1.9994,57.04,0.9995,5.8899,5.8905,0.999844,0.999994,1.6883
RSSCN7,Grass,379.jpg,1.9888,59.60,0.9996,5.6516,5.6521,0.999858,0.999997,0.5996
RSSCN7,Grass,38.jpg,1.9974,57.90,0.9993,5.6198,5.6205,0.999861,0.999995,4.0097
RSSCN7,Grass,380.jpg,2.0011,55.64,0.9990,6.1842,6.1845,0.999743,0.999991,2.7394
RSSCN7,Grass,381.jpg,1.9966,57.10,0.9991,5.9178,5.9183,0.999729,0.999994,1.1573
RSSCN7,Grass,382.jpg,1.9852,55.92,0.9992,6.0330,6.0333,0.999773,0.999992,3.0694
RSSCN7,Grass,383.jpg,2.0003,58.51,0.9995,5.6130,5.6133,0.999729,0.999995,1.0780
RSSCN7,Grass,384.jpg,1.9933,61.69,0.9998,4.7073,4.7074,0.999674,0.999997,1.4417
RSSCN7,Grass,385.jpg,1.9856,56.52,0.9994,5.9611,5.9616,0.999842,0.999993,0.0051
RSSCN7,Grass,386.jpg,2.0099,58.40,0.9995,5.8110,5.8114,0.999795,0.999995,2.4921
RSSCN7,Grass,387.jpg,2.0073,59.67,0.9995,5.4475,5.4481,0.999726,0.999994,1.0026
RSSCN7,Grass,388.jpg,1.9918,58.83,0.9994,5.4876,5.4880,0.999675,0.999996,2.7573
RSSCN7,Grass,389.jpg,2.0069,61.00,0.9997,4.8846,4.8848,0.999793,0.999996,0.4471
RSSCN7,Grass,39.jpg,2.0047,56.93,0.9992,6.0869,6.0875,0.999934,0.999994,1.2590
RSSCN7,Grass,390.jpg,2.0068,59.76,0.9995,5.6203,5.6205,0.999803,0.999996,1.2216
RSSCN7,Grass,391.jpg,1.9937,60.28,0.9997,5.6303,5.6304,0.999854,0.999996,1.3454
RSSCN7,Grass,392.jpg,1.9893,58.59,0.9996,4.7722,4.7729,0.999682,0.999995,0.9120
RSSCN7,Grass,393.jpg,2.0088,59.33,0.9996,5.0210,5.0214,0.999628,0.999995,1.0843
RSSCN7,Grass,394.jpg,1.9987,64.85,0.9999,4.7003,4.7005,0.999807,0.999998,0.3615
RSSCN7,Grass,395.jpg,1.9962,58.28,0.9994,5.4327,5.4336,0.999741,0.999995,2.0287
RSSCN7,Grass,396.jpg,1.9969,58.51,0.9994,5.6223,5.6228,0.999787,0.999996,1.7299
RSSCN7,Grass,397.jpg,1.9980,57.71,0.9994,5.8543,5.8547,0.999795,0.999996,0.6706
RSSCN7,Grass,398.jpg,1.9782,58.57,0.9996,5.5722,5.5727,0.999869,0.999996,0.9875
RSSCN7,Grass,399.jpg,1.9851,58.82,0.9996,5.7447,5.7451,0.999818,0.999997,1.1432
RSSCN7,Grass,4.jpg,2.0135,56.64,0.9993,6.3791,6.3795,0.999944,0.999996,2.6271
RSSCN7,Grass,40.jpg,1.9925,60.35,0.9996,5.3481,5.3486,0.999826,0.999996,2.4803
RSSCN7,Grass,400.jpg,2.0039,57.44,0.9995,5.6912,5.6914,0.999823,0.999996,2.5943
RSSCN7,Grass,41.jpg,2.0054,55.53,0.9990,5.9607,5.9616,0.999849,0.999993,2.5490
RSSCN7,Grass,42.jpg,1.9984,55.69,0.9992,6.1427,6.1429,0.999796,0.999989,1.5717
RSSCN7,Grass,43.jpg,1.9928,61.14,0.9997,6.0134,6.0135,0.999937,0.999998,0.0960
RSSCN7,Grass,44.jpg,1.9956,56.42,0.9992,6.3758,6.3761,0.999903,0.999993,2.4151
RSSCN7,Grass,45.jpg,2.0090,57.89,0.9993,5.9814,5.9817,0.999869,0.999996,1.6215
RSSCN7,Grass,46.jpg,2.0109,56.59,0.9991,5.9145,5.9152,0.999917,0.999995,1.5768
RSSCN7,Grass,47.jpg,2.0041,54.98,0.9989,6.0381,6.0390,0.999797,0.999993,1.4048
RSSCN7,Grass,48.jpg,1.9878,58.74,0.9994,5.6339,5.6344,0.999796,0.999997,1.2786
RSSCN7,Grass,49.jpg,1.9960,57.67,0.9993,6.0476,6.0477,0.999840,0.999996,0.7499
RSSCN7,Grass,5.jpg,2.0029,56.61,0.9992,6.0817,6.0820,0.999840,0.999995,2.4739
RSSCN7,Grass,50.jpg,1.9877,58.18,0.9992,6.0122,6.0130,0.999882,0.999996,0.6085
RSSCN7,Grass,51.jpg,1.9879,54.91,0.9986,5.5928,5.5936,0.999367,0.999991,3.4981
RSSCN7,Grass,52.jpg,2.0025,56.35,0.9990,5.5163,5.5171,0.999428,0.999993,0.3775
RSSCN7,Grass,53.jpg,2.0053,54.67,0.9988,6.3276,6.3283,0.999786,0.999992,2.6290
RSSCN7,Grass,54.jpg,2.0099,56.46,0.9992,6.6686,6.6694,0.999941,0.999996,0.1274
RSSCN7,Grass,55.jpg,2.0038,53.28,0.9988,7.0048,7.0052,0.999877,0.999987,3.0387
RSSCN7,Grass,56.jpg,2.0109,59.98,0.9996,5.8105,5.8109,0.999955,0.999997,1.2764
RSSCN7,Grass,57.jpg,2.0026,55.42,0.9988,5.5057,5.5068,0.999331,0.999994,2.0216
RSSCN7,Grass,58.jpg,2.0060,55.95,0.9988,5.4762,5.4773,0.999367,0.999994,1.8494
RSSCN7,Grass,59.jpg,2.0001,54.06,0.9986,6.6949,6.6957,0.999922,0.999992,1.9914
RSSCN7,Grass,6.jpg,2.0038,53.15,0.9983,6.4632,6.4638,0.999771,0.999987,2.9170
RSSCN7,Grass,60.jpg,2.0014,53.61,0.9989,6.4927,6.4937,0.999850,0.999987,3.0760
RSSCN7,Grass,61.jpg,2.0169,58.72,0.9995,5.4865,5.4872,0.999895,0.999995,0.4693
RSSCN7,Grass,62.jpg,2.0178,58.94,0.9994,5.0706,5.0718,0.999545,0.999995,0.4473
RSSCN7,Grass,63.jpg,2.0016,53.05,0.9981,5.7531,5.7546,0.999625,0.999984,1.6449
RSSCN7,Grass,64.jpg,2.0025,60.61,0.9997,5.4035,5.4044,0.999980,0.999998,1.5039
RSSCN7,Grass,65.jpg,2.0068,55.69,0.9992,6.2844,6.2849,0.999864,0.999990,2.8489
RSSCN7,Grass,66.jpg,1.9988,54.23,0.9988,6.6395,6.6399,0.999871,0.999990,1.9835
RSSCN7,Grass,67.jpg,1.9915,56.07,0.9994,6.1579,6.1585,0.999900,0.999992,1.6085
RSSCN7,Grass,68.jpg,2.0071,52.65,0.9982,5.9407,5.9416,0.999329,0.999982,2.4750
RSSCN7,Grass,69.jpg,1.9984,55.85,0.9991,6.1234,6.1239,0.999863,0.999992,0.6082
RSSCN7,Grass,7.jpg,1.9947,53.33,0.9985,7.0849,7.0855,0.999912,0.999991,0.4017
RSSCN7,Grass,70.jpg,2.0029,57.02,0.9991,6.1163,6.1169,0.999863,0.999996,1.4302
RSSCN7,Grass,71.jpg,2.0068,59.46,0.9994,4.9485,4.9494,0.999445,0.999998,0.8421
RSSCN7,Grass,72.jpg,1.9959,52.28,0.9983,6.2917,6.2923,0.999543,0.999977,1.4040
RSSCN7,Grass,73.jpg,2.0014,52.32,0.9981,5.8900,5.8909,0.999183,0.999981,4.7882
RSSCN7,Grass,74.jpg,2.0005,54.68,0.9985,5.5501,5.5515,0.999570,0.999991,3.5909
RSSCN7,Grass,75.jpg,2.0295,64.92,0.9998,4.9233,4.9236,0.999934,0.999997,0.5801
RSSCN7,Grass,76.jpg,1.9982,53.05,0.9982,5.8532,5.8540,0.999210,0.999990,1.0879
RSSCN7,Grass,77.jpg,2.0056,52.36,0.9983,6.2624,6.2632,0.999694,0.999979,2.8888
RSSCN7,Grass,78.jpg,2.0021,51.85,0.9986,6.1855,6.1862,0.999501,0.999978,1.0873
RSSCN7,Grass,79.jpg,2.0129,53.52,0.9984,6.0205,6.0213,0.999593,0.999986,2.8195
RSSCN7,Grass,8.jpg,2.0075,57.22,0.9991,5.5267,5.5273,0.999545,0.999995,1.5176
RSSCN7,Grass,80.jpg,2.0019,55.88,0.9993,6.7643,6.7648,0.999945,0.999994,1.8018
RSSCN7,Grass,81.jpg,2.0065,52.81,0.9982,6.1652,6.1659,0.999591,0.999987,1.9108
RSSCN7,Grass,82.jpg,1.9969,52.45,0.9980,5.7911,5.7923,0.999044,0.999984,2.2763
RSSCN7,Grass,83.jpg,2.0041,53.61,0.9988,6.6861,6.6869,0.999866,0.999990,1.6107
RSSCN7,Grass,84.jpg,2.0010,52.06,0.9984,6.3306,6.3312,0.999697,0.999983,2.7239
RSSCN7,Grass,85.jpg,1.9984,52.76,0.9982,6.5147,6.5156,0.999775,0.999983,2.3129
RSSCN7,Grass,86.jpg,2.0002,52.53,0.9983,6.2158,6.2163,0.999461,0.999981,3.5288
RSSCN7,Grass,87.jpg,1.9982,52.42,0.9981,5.9604,5.9614,0.999204,0.999975,0.9988
RSSCN7,Grass,88.jpg,2.0049,52.87,0.9984,6.4018,6.4026,0.999746,0.999980,2.6498
RSSCN7,Grass,89.jpg,2.0030,52.56,0.9984,6.3459,6.3465,0.999678,0.999977,2.4525
RSSCN7,Grass,9.jpg,2.0098,55.78,0.9990,6.1732,6.1737,0.999757,0.999995,1.0035
RSSCN7,Grass,90.jpg,1.9906,56.69,0.9991,5.2728,5.2742,0.999481,0.999990,1.7215
RSSCN7,Grass,91.jpg,2.0026,56.19,0.9988,5.3130,5.3142,0.999171,0.999988,2.8847
RSSCN7,Grass,92.jpg,1.9987,53.94,0.9984,5.8384,5.8393,0.999353,0.999983,2.4425
RSSCN7,Grass,93.jpg,1.9904,56.05,0.9988,5.3795,5.3806,0.999214,0.999985,1.6775
RSSCN7,Grass,94.jpg,2.0111,55.34,0.9987,5.2913,5.2927,0.999007,0.999986,0.5914
RSSCN7,Grass,95.jpg,2.0054,52.55,0.9980,5.7695,5.7708,0.999008,0.999970,2.6235
RSSCN7,Grass,96.jpg,1.9891,56.44,0.9990,5.3410,5.3422,0.999568,0.999987,0.9460
RSSCN7,Grass,97.jpg,2.0110,58.22,0.9994,4.8492,4.8501,0.999329,0.999991,0.8112
RSSCN7,Grass,98.jpg,2.0026,53.57,0.9981,5.6921,5.6931,0.999093,0.999986,3.3852
RSSCN7,Grass,99.jpg,2.0069,54.09,0.9987,6.7601,6.7606,0.999852,0.999991,1.9431
RSSCN7,Industry,1000.jpg,2.0025,53.73,0.9991,7.3384,7.3385,0.999938,0.999987,3.9005
RSSCN7,Industry,1001.jpg,2.0028,53.36,0.9991,7.6327,7.6331,0.999952,0.999991,0.8733
RSSCN7,Industry,1002.jpg,1.9978,53.47,0.9990,7.3996,7.4000,0.999935,0.999989,2.3084
RSSCN7,Industry,1003.jpg,1.9954,53.53,0.9990,7.2700,7.2702,0.999922,0.999987,1.8370
RSSCN7,Industry,1004.jpg,1.9980,53.17,0.9990,7.5417,7.5423,0.999948,0.999990,2.0557
RSSCN7,Industry,1005.jpg,2.0011,53.51,0.9990,7.4342,7.4341,0.999928,0.999988,2.1630
RSSCN7,Industry,1006.jpg,1.9992,53.16,0.9989,7.4244,7.4246,0.999922,0.999986,0.1987
RSSCN7,Industry,1007.jpg,1.9999,52.81,0.9990,7.5517,7.5519,0.999926,0.999989,1.2114
RSSCN7,Industry,1008.jpg,2.0021,52.93,0.9990,7.5242,7.5245,0.999930,0.999988,1.7876
RSSCN7,Industry,1009.jpg,2.0006,53.09,0.9989,7.2888,7.2891,0.999897,0.999988,1.9109
RSSCN7,Industry,1010.jpg,2.0060,53.06,0.9991,7.3601,7.3602,0.999919,0.999988,4.1610
RSSCN7,Industry,1011.jpg,2.0018,53.14,0.9991,7.3147,7.3149,0.999923,0.999987,2.5826
RSSCN7,Industry,1012.jpg,1.9984,53.11,0.9991,7.4340,7.4342,0.999934,0.999988,2.0813
RSSCN7,Industry,1013.jpg,2.0062,53.22,0.9991,7.3303,7.3306,0.999927,0.999986,0.5755
RSSCN7,Industry,1014.jpg,1.9992,53.02,0.9990,7.4576,7.4579,0.999934,0.999987,2.7076
RSSCN7,Industry,1015.jpg,1.9938,53.21,0.9991,7.4018,7.4020,0.999935,0.999987,1.6162
RSSCN7,Industry,1016.jpg,1.9957,53.10,0.9991,7.2837,7.2840,0.999917,0.999987,1.6235
RSSCN7,Industry,1017.jpg,1.9970,53.01,0.9990,7.5240,7.5246,0.999938,0.999989,2.0917
RSSCN7,Industry,1018.jpg,1.9913,53.35,0.9991,7.5229,7.5231,0.999944,0.999988,3.0074
RSSCN7,Industry,1019.jpg,2.0059,53.50,0.9990,7.3420,7.3421,0.999930,0.999990,3.1122
RSSCN7,Industry,1020.jpg,1.9983,52.66,0.9989,7.3561,7.3565,0.999908,0.999985,3.4462
RSSCN7,Industry,1021.jpg,1.9965,53.40,0.9989,7.3873,7.3878,0.999929,0.999989,1.6692
RSSCN7,Industry,1022.jpg,2.0009,53.26,0.9987,6.9454,6.9457,0.999882,0.999975,1.6392
RSSCN7,Industry,1023.jpg,2.0047,52.83,0.9990,7.4417,7.4419,0.999918,0.999986,1.1409
RSSCN7,Industry,1024.jpg,2.0016,54.87,0.9993,6.8780,6.8782,0.999936,0.999987,1.0688
RSSCN7,Industry,1025.jpg,2.0005,54.09,0.9991,6.9513,6.9514,0.999890,0.999984,1.7381
RSSCN7,Industry,1026.jpg,1.9962,53.87,0.9991,7.2582,7.2584,0.999915,0.999991,1.7397
RSSCN7,Industry,1027.jpg,2.0028,54.25,0.9991,7.3553,7.3554,0.999964,0.999994,1.6640
RSSCN7,Industry,1028.jpg,2.0066,53.78,0.9991,7.3737,7.3737,0.999961,0.999993,4.8421
RSSCN7,Industry,1029.jpg,2.0084,53.28,0.9991,7.4712,7.4715,0.999940,0.999991,1.3211
RSSCN7,Industry,1030.jpg,1.9988,53.89,0.9991,7.4785,7.4791,0.999961,0.999993,5.1064
RSSCN7,Industry,1031.jpg,2.0045,53.44,0.9988,7.3422,7.3428,0.999944,0.999990,2.2900
RSSCN7,Industry,1032.jpg,2.0001,54.80,0.9992,6.7965,6.7970,0.999898,0.999994,0.2188
RSSCN7,Industry,1033.jpg,2.0066,53.64,0.9990,7.4482,7.4489,0.999949,0.999992,2.0113
RSSCN7,Industry,1034.jpg,1.9980,53.31,0.9990,7.0892,7.0899,0.999911,0.999989,2.0150
RSSCN7,Industry,1035.jpg,1.9973,53.58,0.9991,6.8965,6.8969,0.999847,0.999987,1.5065
RSSCN7,Industry,1036.jpg,1.9976,53.51,0.9991,7.0405,7.0413,0.999936,0.999992,1.6837
RSSCN7,Industry,1037.jpg,2.0003,55.18,0.9991,6.9424,6.9427,0.999927,0.999993,0.4662
RSSCN7,Industry,1038.jpg,2.0030,54.93,0.9990,6.7517,6.7524,0.999928,0.999993,2.0672
RSSCN7,Industry,1039.jpg,1.9975,53.61,0.9988,7.0540,7.0545,0.999900,0.999988,1.1494
RSSCN7,Industry,1040.jpg,2.0058,53.51,0.9990,7.0719,7.0723,0.999886,0.999991,0.3991
RSSCN7,Industry,1041.jpg,1.9950,52.33,0.9990,7.4098,7.4099,0.999914,0.999989,0.8706
RSSCN7,Industry,1042.jpg,2.0036,54.03,0.9990,7.2629,7.2635,0.999964,0.999994,0.4620
RSSCN7,Industry,1043.jpg,1.9939,54.30,0.9990,6.8561,6.8570,0.999949,0.999994,0.7308
RSSCN7,Industry,1044.jpg,2.0000,53.77,0.9990,7.1572,7.1576,0.999927,0.999991,3.5465
RSSCN7,Industry,1045.jpg,1.9972,53.58,0.9989,6.9223,6.9227,0.999903,0.999991,1.6675
RSSCN7,Industry,1046.jpg,1.9964,54.83,0.9991,6.8374,6.8377,0.999895,0.999992,1.7489
RSSCN7,Industry,1047.jpg,2.0090,54.32,0.9991,7.2207,7.2208,0.999940,0.999994,1.2182
RSSCN7,Industry,1048.jpg,1.9903,54.79,0.9990,6.6501,6.6503,0.999847,0.999992,0.0168
RSSCN7,Industry,1049.jpg,1.9955,52.56,0.9991,7.6034,7.6039,0.999936,0.999991,2.4252
RSSCN7,Industry,1050.jpg,2.0050,53.66,0.9991,7.2770,7.2781,0.999952,0.999995,1.6945
RSSCN7,Industry,1051.jpg,1.9987,52.75,0.9989,7.2941,7.2946,0.999893,0.999985,0.4423
RSSCN7,Industry,1052.jpg,1.9920,52.55,0.9990,7.4064,7.4065,0.999910,0.999986,0.6009
RSSCN7,Industry,1053.jpg,1.9962,52.74,0.9990,7.5620,7.5623,0.999939,0.999988,2.5424
RSSCN7,Industry,1054.jpg,2.0032,53.57,0.9989,7.0364,7.0368,0.999881,0.999992,1.8367
RSSCN7,Industry,1055.jpg,2.0027,53.35,0.9988,6.9694,6.9697,0.999862,0.999990,3.5034
RSSCN7,Industry,1056.jpg,2.0000,53.74,0.9990,7.1257,7.1265,0.999914,0.999993,1.8177
RSSCN7,Industry,1057.jpg,2.0061,54.22,0.9989,6.9433,6.9436,0.999884,0.999990,0.1181
RSSCN7,Industry,1058.jpg,2.0051,53.14,0.9989,7.3096,7.3100,0.999905,0.999993,2.1098
RSSCN7,Industry,1059.jpg,2.0019,52.82,0.9990,7.4763,7.4765,0.999917,0.999993,2.7258
RSSCN7,Industry,1060.jpg,1.9950,52.99,0.9990,7.4320,7.4325,0.999915,0.999994,0.8817
RSSCN7,Industry,1061.jpg,2.0042,53.05,0.9990,7.4391,7.4392,0.999916,0.999992,2.3339
RSSCN7,Industry,1062.jpg,1.9928,52.90,0.9992,7.5181,7.5184,0.999935,0.999992,2.9183
RSSCN7,Industry,1063.jpg,2.0018,52.95,0.9992,7.3319,7.3324,0.999918,0.999993,1.0074
RSSCN7,Industry,1064.jpg,2.0023,52.80,0.9991,7.4228,7.4231,0.999917,0.999993,1.0059
RSSCN7,Industry,1065.jpg,2.0009,52.49,0.9991,7.5534,7.5538,0.999920,0.999992,3.4122
RSSCN7,Industry,1066.jpg,1.9984,52.18,0.9991,7.5776,7.5779,0.999917,0.999991,3.5155
RSSCN7,Industry,1067.jpg,2.0093,52.79,0.9992,7.4598,7.4602,0.999931,0.999990,1.5489
RSSCN7,Industry,1068.jpg,1.9925,52.37,0.9989,7.5426,7.5430,0.999921,0.999992,2.2580
RSSCN7,Industry,1069.jpg,2.0018,52.21,0.9990,7.4703,7.4706,0.999902,0.999991,2.0242
RSSCN7,Industry,1070.jpg,2.0114,52.18,0.9991,7.5836,7.5839,0.999919,0.999992,0.2461
RSSCN7,Industry,1071.jpg,1.9879,52.14,0.9990,7.6034,7.6040,0.999928,0.999990,1.6990
RSSCN7,Industry,1072.jpg,2.0044,52.21,0.9991,7.6039,7.6041,0.999923,0.999989,1.7964
RSSCN7,Industry,1073.jpg,2.0057,52.30,0.9990,7.5412,7.5414,0.999921,0.999989,2.8512
RSSCN7,Industry,1074.jpg,1.9947,52.34,0.9991,7.6747,7.6749,0.999937,0.999990,1.1093
RSSCN7,Industry,1075.jpg,2.0072,52.64,0.9991,7.5525,7.5528,0.999939,0.999986,1.1656
RSSCN7,Industry,1076.jpg,2.0063,52.86,0.9992,7.5337,7.5339,0.999954,0.999987,0.3669
RSSCN7,Industry,1077.jpg,1.9968,52.55,0.9992,7.6645,7.6649,0.999940,0.999991,0.7890
RSSCN7,Industry,1078.jpg,1.9897,54.05,0.9991,7.1309,7.1314,0.999921,0.999991,1.4166
RSSCN7,Industry,1079.jpg,2.0082,53.55,0.9990,7.1563,7.1565,0.999890,0.999991,0.2807
RSSCN7,Industry,1080.jpg,1.9925,53.81,0.9990,7.0347,7.0352,0.999889,0.999990,1.0553
RSSCN7,Industry,1081.jpg,1.9971,52.32,0.9990,7.5471,7.5472,0.999917,0.999991,1.6829
RSSCN7,Industry,1082.jpg,2.0023,52.32,0.9990,7.5528,7.5530,0.999916,0.999990,1.2716
RSSCN7,Industry,1083.jpg,2.0004,52.40,0.9989,7.4225,7.4226,0.999897,0.999990,2.4607
RSSCN7,Industry,1084.jpg,2.0004,52.27,0.9991,7.5361,7.5364,0.999913,0.999990,0.2108
RSSCN7,Industry,1085.jpg,1.9950,52.31,0.9991,7.6367,7.6371,0.999929,0.999990,1.1723
RSSCN7,Industry,1086.jpg,1.9970,52.30,0.9991,7.5999,7.6001,0.999926,0.999989,1.7267
RSSCN7,Industry,1087.jpg,2.0034,52.56,0.9991,7.5492,7.5494,0.999927,0.999989,1.3504
RSSCN7,Industry,1088.jpg,1.9979,52.98,0.9991,7.5633,7.5636,0.999932,0.999988,1.4953
RSSCN7,Industry,1089.jpg,1.9986,52.29,0.9991,7.5366,7.5369,0.999912,0.999991,1.8623
RSSCN7,Industry,1090.jpg,2.0067,52.24,0.9991,7.5498,7.5499,0.999916,0.999989,2.2415
RSSCN7,Industry,1091.jpg,2.0040,54.61,0.9991,7.1044,7.1046,0.999938,0.999994,0.7491
RSSCN7,Industry,1092.jpg,1.9999,54.10,0.9991,7.0737,7.0743,0.999942,0.999994,1.4143
RSSCN7,Industry,1093.jpg,2.0073,54.86,0.9991,6.7527,6.7540,0.999958,0.999994,3.3035
RSSCN7,Industry,1094.jpg,2.0001,53.80,0.9990,7.2301,7.2307,0.999945,0.999991,1.8311
RSSCN7,Industry,1095.jpg,2.0054,54.90,0.9991,6.7394,6.7403,0.999958,0.999994,1.2311
RSSCN7,Industry,1096.jpg,2.0026,54.34,0.9990,6.8707,6.8720,0.999955,0.999993,1.6364
RSSCN7,Industry,1097.jpg,2.0058,54.54,0.9991,7.1426,7.1429,0.999938,0.999994,0.8538
RSSCN7,Industry,1098.jpg,2.0028,54.79,0.9991,6.9130,6.9134,0.999937,0.999993,2.7424
RSSCN7,Industry,1099.jpg,1.9906,54.30,0.9990,6.9049,6.9057,0.999934,0.999991,1.9995
RSSCN7,Industry,1100.jpg,1.9964,53.95,0.9990,6.9699,6.9704,0.999919,0.999991,3.1788
RSSCN7,Industry,1101.jpg,2.0065,52.00,0.9992,7.6108,7.6110,0.999929,0.999985,1.4335
RSSCN7,Industry,1102.jpg,2.0053,52.07,0.9994,7.6697,7.6700,0.999945,0.999985,0.2058
RSSCN7,Industry,1103.jpg,1.9905,51.95,0.9991,7.5394,7.5400,0.999908,0.999982,1.9302
RSSCN7,Industry,1104.jpg,2.0008,51.89,0.9992,7.4900,7.4902,0.999896,0.999987,0.4486
RSSCN7,Industry,1105.jpg,1.9984,51.92,0.9991,7.5495,7.5497,0.999904,0.999985,1.8902
RSSCN7,Industry,1106.jpg,1.9982,51.82,0.9993,7.6424,7.6427,0.999914,0.999986,0.1016
RSSCN7,Industry,1107.jpg,2.0037,51.91,0.9993,7.4794,7.4797,0.999896,0.999987,3.6138
RSSCN7,Industry,1108.jpg,1.9935,52.36,0.9992,7.5480,7.5482,0.999935,0.999984,2.5402
RSSCN7,Industry,1109.jpg,2.0026,51.99,0.9991,7.5136,7.5137,0.999905,0.999989,1.4255
RSSCN7,Industry,1110.jpg,2.0040,51.95,0.9990,7.3272,7.3274,0.999871,0.999991,2.0978
RSSCN7,Industry,1111.jpg,1.9977,52.09,0.9991,7.4984,7.4987,0.999908,0.999987,1.9226
RSSCN7,Industry,1112.jpg,2.0038,52.57,0.9991,7.2926,7.2928,0.999893,0.999992,2.0641
RSSCN7,Industry,1113.jpg,1.9978,52.29,0.9991,7.2614,7.2615,0.999865,0.999989,1.5953
RSSCN7,Industry,1114.jpg,1.9983,52.05,0.9991,7.4223,7.4225,0.999889,0.999990,1.7573
RSSCN7,Industry,1115.jpg,1.9979,52.03,0.9992,7.5273,7.5275,0.999906,0.999990,1.4041
RSSCN7,Industry,1116.jpg,2.0018,52.69,0.9990,7.2216,7.2220,0.999872,0.999993,3.4731
RSSCN7,Industry,1117.jpg,2.0002,52.46,0.9990,7.3632,7.3634,0.999893,0.999990,1.0637
RSSCN7,Industry,1118.jpg,1.9951,52.57,0.9989,7.3302,7.3306,0.999888,0.999992,0.6737
RSSCN7,Industry,1119.jpg,1.9908,52.78,0.9990,7.3851,7.3854,0.999911,0.999991,1.6771
RSSCN7,Industry,1120.jpg,2.0090,52.62,0.9990,7.4408,7.4411,0.999911,0.999991,1.6153
RSSCN7,Industry,1121.jpg,1.9976,52.25,0.9990,7.4552,7.4555,0.999900,0.999990,2.8503
RSSCN7,Industry,1122.jpg,1.9970,52.83,0.9990,7.4126,7.4131,0.999916,0.999992,2.3449
RSSCN7,Industry,1123.jpg,1.9977,52.41,0.9989,7.2210,7.2212,0.999867,0.999990,1.7129
RSSCN7,Industry,1124.jpg,2.0003,51.85,0.9991,7.3351,7.3353,0.999867,0.999987,2.5061
RSSCN7,Industry,1125.jpg,2.0025,52.70,0.9989,6.8532,6.8535,0.999837,0.999983,4.5392
RSSCN7,Industry,1126.jpg,1.9984,53.10,0.9991,7.0105,7.0107,0.999883,0.999987,3.8443
RSSCN7,Industry,1127.jpg,2.0065,52.37,0.9990,7.2602,7.2605,0.999882,0.999985,2.5370
RSSCN7,Industry,1128.jpg,2.0089,52.21,0.9990,7.3996,7.3999,0.999890,0.999991,1.4365
RSSCN7,Industry,1129.jpg,2.0065,52.30,0.9990,7.4581,7.4584,0.999907,0.999991,1.6407
RSSCN7,Industry,1130.jpg,1.9957,52.34,0.9989,7.3954,7.3959,0.999898,0.999991,1.2994
RSSCN7,Industry,1131.jpg,1.9949,52.07,0.9990,7.3680,7.3682,0.999882,0.999989,3.3761
RSSCN7,Industry,1132.jpg,1.9985,52.26,0.9990,7.2401,7.2403,0.999867,0.999990,1.9919
RSSCN7,Industry,1133.jpg,1.9974,52.06,0.9989,7.4068,7.4071,0.999904,0.999986,1.7446
RSSCN7,Industry,1134.jpg,1.9987,52.05,0.9989,7.4141,7.4143,0.999898,0.999986,1.2601
RSSCN7,Industry,1135.jpg,2.0047,52.09,0.9990,7.5064,7.5067,0.999904,0.999987,0.6163
RSSCN7,Industry,1136.jpg,2.0001,53.52,0.9991,7.2444,7.2446,0.999914,0.999992,1.0102
RSSCN7,Industry,1137.jpg,1.9987,52.31,0.9990,7.4506,7.4507,0.999906,0.999989,3.5269
RSSCN7,Industry,1138.jpg,2.0045,52.01,0.9992,7.8105,7.8106,0.999942,0.999988,0.0641
RSSCN7,Industry,1139.jpg,2.0048,52.12,0.9991,7.7210,7.7213,0.999935,0.999989,1.9719
RSSCN7,Industry,1140.jpg,1.9935,51.95,0.9992,7.7795,7.7799,0.999939,0.999987,2.5930
RSSCN7,Industry,1141.jpg,2.0052,52.43,0.9989,7.2718,7.2720,0.999877,0.999989,1.8561
RSSCN7,Industry,1142.jpg,2.0063,52.29,0.9991,7.5917,7.5918,0.999920,0.999991,0.3972
RSSCN7,Industry,1143.jpg,2.0008,52.43,0.9991,7.6455,7.6456,0.999924,0.999989,0.7944
RSSCN7,Industry,1144.jpg,2.0080,52.26,0.9991,7.6759,7.6759,0.999929,0.999987,1.5138
RSSCN7,Industry,1145.jpg,2.0013,52.06,0.9992,7.5248,7.5252,0.999905,0.999986,1.0127
RSSCN7,Industry,1146.jpg,2.0048,52.19,0.9991,7.6027,7.6030,0.999924,0.999983,2.2725
RSSCN7,Industry,1147.jpg,2.0064,52.08,0.9992,7.7304,7.7308,0.999936,0.999985,0.4493
RSSCN7,Industry,1148.jpg,1.9954,51.92,0.9993,7.7251,7.7253,0.999927,0.999989,3.5715
RSSCN7,Industry,1149.jpg,1.9951,52.09,0.9992,7.6325,7.6326,0.999918,0.999987,1.2448
RSSCN7,Industry,1150.jpg,1.9937,52.57,0.9991,7.6684,7.6687,0.999940,0.999990,1.2217
RSSCN7,Industry,1151.jpg,1.9982,52.55,0.9989,7.2334,7.2336,0.999884,0.999988,0.9644
RSSCN7,Industry,1152.jpg,2.0007,52.94,0.9991,7.2835,7.2840,0.999902,0.999989,1.1865
RSSCN7,Industry,1153.jpg,2.0008,53.12,0.9991,7.4248,7.4252,0.999934,0.999993,1.3014
RSSCN7,Industry,1154.jpg,2.0076,52.22,0.9990,7.3355,7.3355,0.999878,0.999993,1.4819
RSSCN7,Industry,1155.jpg,1.9979,52.73,0.9990,7.2065,7.2070,0.999883,0.999989,2.9748
RSSCN7,Industry,1156.jpg,1.9984,53.36,0.9991,7.1758,7.1760,0.999887,0.999991,3.7715
RSSCN7,Industry,1157.jpg,1.9938,52.41,0.9990,7.2787,7.2789,0.999877,0.999990,2.1535
RSSCN7,Industry,1158.jpg,1.9994,52.59,0.9990,7.3138,7.3140,0.999888,0.999988,2.3225
RSSCN7,Industry,1159.jpg,2.0082,52.69,0.9989,7.2325,7.2328,0.999885,0.999989,1.4759
RSSCN7,Industry,1160.jpg,1.9968,52.42,0.9990,7.2911,7.2914,0.999883,0.999989,3.1672
RSSCN7,Industry,1161.jpg,2.0038,52.61,0.9991,7.5064,7.5066,0.999921,0.999987,0.3859
RSSCN7,Industry,1162.jpg,2.0042,52.77,0.9990,7.4362,7.4364,0.999911,0.999991,2.8750
RSSCN7,Industry,1163.jpg,2.0040,53.45,0.9990,7.4781,7.4784,0.999941,0.999992,4.0126
RSSCN7,Industry,1164.jpg,2.0018,53.80,0.9990,7.0963,7.0968,0.999910,0.999992,0.6455
RSSCN7,Industry,1165.jpg,2.0025,53.55,0.9990,7.2519,7.2520,0.999907,0.999990,2.8654
RSSCN7,Industry,1166.jpg,1.9993,53.32,0.9990,7.2851,7.2853,0.999911,0.999990,1.5767
RSSCN7,Industry,1167.jpg,2.0030,52.68,0.9990,7.1922,7.1925,0.999874,0.999989,2.6195
RSSCN7,Industry,1168.jpg,2.0041,52.57,0.9990,7.3753,7.3759,0.999906,0.999992,0.8595
RSSCN7,Industry,1169.jpg,1.9986,53.80,0.9991,7.2652,7.2658,0.999934,0.999992,1.8835
RSSCN7,Industry,1170.jpg,1.9997,52.34,0.9991,7.5281,7.5283,0.999916,0.999988,2.5707
RSSCN7,Industry,1171.jpg,2.0015,52.41,0.9989,7.2070,7.2072,0.999867,0.999986,1.9117
RSSCN7,Industry,1172.jpg,2.0017,52.69,0.9989,7.2362,7.2365,0.999886,0.999991,2.2906
RSSCN7,Industry,1173.jpg,1.9971,52.70,0.9988,7.2022,7.2024,0.999881,0.999991,0.7274
RSSCN7,Industry,1174.jpg,1.9994,52.49,0.9991,7.0921,7.0924,0.999848,0.999982,3.1112
RSSCN7,Industry,1175.jpg,2.0003,52.12,0.9990,7.1704,7.1707,0.999846,0.999982,0.2071
RSSCN7,Industry,1176.jpg,1.9944,52.82,0.9990,7.2008,7.2012,0.999873,0.999986,1.6320
RSSCN7,Industry,1177.jpg,1.9937,52.37,0.9989,7.2935,7.2939,0.999902,0.999985,1.3170
RSSCN7,Industry,1178.jpg,1.9918,52.64,0.9990,7.3778,7.3780,0.999911,0.999990,2.2151
RSSCN7,Industry,1179.jpg,1.9989,53.43,0.9989,7.2023,7.2027,0.999920,0.999990,0.4964
RSSCN7,Industry,1180.jpg,2.0027,53.73,0.9989,7.1976,7.1981,0.999926,0.999989,2.1166
RSSCN7,Industry,1181.jpg,2.0024,53.70,0.9989,7.2507,7.2511,0.999945,0.999992,1.6276
RSSCN7,Industry,1182.jpg,2.0031,51.87,0.9992,7.3257,7.3260,0.999876,0.999980,1.7816
RSSCN7,Industry,1183.jpg,1.9990,52.29,0.9991,7.0844,7.0846,0.999862,0.999981,2.0237
RSSCN7,Industry,1184.jpg,2.0071,52.08,0.9991,7.4193,7.4195,0.999895,0.999984,1.2557
RSSCN7,Industry,1185.jpg,1.9984,52.16,0.9990,7.1413,7.1416,0.999847,0.999982,1.8408
RSSCN7,Industry,1186.jpg,1.9967,52.03,0.9993,7.7241,7.7246,0.999930,0.999991,1.7466
RSSCN7,Industry,1187.jpg,1.9947,52.15,0.9992,7.6111,7.6115,0.999922,0.999991,1.4919
RSSCN7,Industry,1188.jpg,2.0070,53.09,0.9990,7.4349,7.4351,0.999935,0.999991,2.7621
RSSCN7,Industry,1189.jpg,1.9971,52.88,0.9992,7.5939,7.5941,0.999962,0.999993,3.7748
RSSCN7,Industry,1190.jpg,2.0030,52.80,0.9992,7.5923,7.5929,0.999947,0.999993,0.7087
RSSCN7,Industry,1191.jpg,2.0017,52.90,0.9992,7.6261,7.6267,0.999955,0.999992,0.1286
RSSCN7,Industry,1192.jpg,1.9932,52.19,0.9991,7.5087,7.5089,0.999913,0.999986,0.9881
RSSCN7,Industry,1193.jpg,2.0048,52.12,0.9991,7.3842,7.3845,0.999888,0.999987,2.2777
RSSCN7,Industry,1194.jpg,1.9954,52.54,0.9989,7.2500,7.2501,0.999880,0.999987,2.6317
RSSCN7,Industry,1195.jpg,1.9987,51.96,0.9991,7.3331,7.3337,0.999874,0.999987,0.9438
RSSCN7,Industry,1196.jpg,2.0011,52.11,0.9993,7.7843,7.7843,0.999944,0.999988,2.4096
RSSCN7,Industry,1197.jpg,1.9903,52.06,0.9991,7.6523,7.6527,0.999924,0.999988,0.4052
RSSCN7,Industry,1198.jpg,1.9981,52.58,0.9991,7.5719,7.5725,0.999935,0.999992,2.5226
RSSCN7,Industry,1199.jpg,2.0030,52.35,0.9991,7.5679,7.5680,0.999923,0.999985,1.0125
RSSCN7,Industry,1200.jpg,2.0082,52.36,0.9990,7.3943,7.3946,0.999900,0.999985,2.2083
RSSCN7,Industry,801.jpg,2.0009,53.98,0.9991,7.3607,7.3612,0.999943,0.999992,2.7890
RSSCN7,Industry,802.jpg,1.9992,54.51,0.9992,7.0478,7.0484,0.999978,0.999995,0.5336
RSSCN7,Industry,803.jpg,1.9945,54.77,0.9992,6.8123,6.8128,0.999939,0.999990,1.4897
RSSCN7,Industry,804.jpg,1.9985,53.64,0.9991,7.4239,7.4244,0.999936,0.999992,1.8338
RSSCN7,Industry,805.jpg,2.0027,55.14,0.9993,6.4931,6.4935,0.999895,0.999989,0.2976
RSSCN7,Industry,806.jpg,2.0031,55.64,0.9993,6.4749,6.4750,0.999915,0.999991,2.6188
RSSCN7,Industry,807.jpg,1.9924,55.81,0.9995,6.7804,6.7810,0.999979,0.999997,1.8058
RSSCN7,Industry,808.jpg,2.0039,55.60,0.9994,7.1839,7.1845,0.999947,0.999994,0.5261
RSSCN7,Industry,809.jpg,2.0005,54.73,0.9993,7.3119,7.3122,0.999953,0.999993,1.2694
RSSCN7,Industry,810.jpg,1.9973,52.39,0.9988,7.5348,7.5352,0.999933,0.999988,0.5136
RSSCN7,Industry,811.jpg,2.0001,53.94,0.9992,6.8664,6.8664,0.999899,0.999989,0.6859
RSSCN7,Industry,812.jpg,1.9940,53.32,0.9990,7.4843,7.4845,0.999941,0.999991,2.6977
RSSCN7,Industry,813.jpg,1.9952,53.54,0.9992,7.3034,7.3039,0.999936,0.999992,2.9457
RSSCN7,Industry,814.jpg,1.9967,54.32,0.9993,7.0622,7.0629,0.999945,0.999991,1.8044
RSSCN7,Industry,815.jpg,2.0054,52.74,0.9990,7.2232,7.2233,0.999880,0.999991,3.2087
RSSCN7,Industry,816.jpg,2.0006,53.50,0.9992,7.0045,7.0050,0.999905,0.999991,2.2367
RSSCN7,Industry,817.jpg,1.9985,53.67,0.9995,7.0839,7.0846,0.999935,0.999991,1.3230
RSSCN7,Industry,818.jpg,1.9906,52.70,0.9992,7.5880,7.5882,0.999928,0.999988,2.0646
RSSCN7,Industry,819.jpg,1.9994,56.02,0.9996,6.2788,6.2794,0.999974,0.999996,0.3826
RSSCN7,Industry,820.jpg,1.9976,53.92,0.9993,7.1772,7.1776,0.999948,0.999984,3.0991
RSSCN7,Industry,821.jpg,1.9978,52.88,0.9992,7.5094,7.5098,0.999950,0.999989,3.2887
RSSCN7,Industry,822.jpg,1.9951,54.06,0.9992,7.5292,7.5296,0.999973,0.999991,0.3829
RSSCN7,Industry,823.jpg,1.9961,54.73,0.9992,7.4102,7.4106,0.999980,0.999996,1.5624
RSSCN7,Industry,824.jpg,1.9975,54.92,0.9993,7.3498,7.3500,0.999977,0.999993,0.3074
RSSCN7,Industry,825.jpg,2.0011,52.99,0.9993,7.6981,7.6986,0.999958,0.999994,2.0511
RSSCN7,Industry,826.jpg,1.9983,53.88,0.9993,7.5811,7.5816,0.999968,0.999991,1.3707
RSSCN7,Industry,827.jpg,2.0008,54.26,0.9992,7.4624,7.4625,0.999958,0.999991,1.2266
RSSCN7,Industry,828.jpg,2.0019,53.83,0.9992,7.3409,7.3414,0.999946,0.999988,2.6487
RSSCN7,Industry,829.jpg,2.0011,52.72,0.9991,7.7022,7.7024,0.999950,0.999987,2.5444
RSSCN7,Industry,830.jpg,2.0023,53.44,0.9991,7.5508,7.5510,0.999940,0.999992,1.2665
RSSCN7,Industry,831.jpg,2.0041,53.83,0.9992,7.6895,7.6897,0.999969,0.999995,1.3779
RSSCN7,Industry,832.jpg,1.9979,55.23,0.9994,7.4819,7.4820,0.999963,0.999996,1.2204
RSSCN7,Industry,833.jpg,2.0008,53.65,0.9990,7.6297,7.6300,0.999952,0.999993,0.5568
RSSCN7,Industry,834.jpg,1.9985,54.19,0.9991,6.9920,6.9928,0.999936,0.999994,0.9497
RSSCN7,Industry,835.jpg,1.9997,53.65,0.9991,7.1996,7.1999,0.999920,0.999993,3.1829
RSSCN7,Industry,836.jpg,2.0089,52.77,0.9989,7.5518,7.5520,0.999927,0.999989,2.0331
RSSCN7,Industry,837.jpg,1.9986,53.93,0.9991,7.2445,7.2447,0.999922,0.999994,2.3456
RSSCN7,Industry,838.jpg,1.9934,53.87,0.9990,7.4489,7.4490,0.999944,0.999994,1.8449
RSSCN7,Industry,839.jpg,1.9913,53.12,0.9988,7.3330,7.3331,0.999924,0.999993,2.0878
RSSCN7,Industry,840.jpg,1.9917,55.33,0.9992,6.8551,6.8557,0.999974,0.999997,0.1119
RSSCN7,Industry,841.jpg,1.9977,53.74,0.9992,7.4645,7.4651,0.999955,0.999993,3.5190
RSSCN7,Industry,842.jpg,2.0045,53.59,0.9987,7.1257,7.1262,0.999921,0.999992,1.1461
RSSCN7,Industry,843.jpg,1.9914,53.67,0.9991,7.6314,7.6317,0.999953,0.999992,2.1409
RSSCN7,Industry,844.jpg,2.0046,53.36,0.9989,7.3955,7.3959,0.999924,0.999990,0.6313
RSSCN7,Industry,845.jpg,2.0031,53.12,0.9989,7.5415,7.5420,0.999947,0.999994,2.8785
RSSCN7,Industry,846.jpg,2.0058,52.71,0.9990,7.6870,7.6871,0.999944,0.999991,3.3164
RSSCN7,Industry,847.jpg,2.0037,54.75,0.9992,7.2192,7.2197,0.999951,0.999995,2.1335
RSSCN7,Industry,848.jpg,1.9957,53.21,0.9991,7.4699,7.4699,0.999937,0.999994,1.3885
RSSCN7,Industry,849.jpg,2.0053,55.02,0.9992,7.1322,7.1333,0.999974,0.999996,0.2289
RSSCN7,Industry,850.jpg,1.9926,54.40,0.9989,7.1575,7.1579,0.999951,0.999993,1.6565
RSSCN7,Industry,851.jpg,2.0051,53.51,0.9988,7.3401,7.3408,0.999952,0.999992,1.7165
RSSCN7,Industry,852.jpg,1.9958,55.15,0.9993,7.4111,7.4113,0.999977,0.999997,1.1651
RSSCN7,Industry,853.jpg,1.9965,54.44,0.9992,7.5006,7.5013,0.999972,0.999996,2.4953
RSSCN7,Industry,854.jpg,2.0155,54.85,0.9990,7.2954,7.2957,0.999978,0.999996,0.9486
RSSCN7,Industry,855.jpg,2.0079,53.29,0.9990,7.5344,7.5348,0.999949,0.999991,0.4386
RSSCN7,Industry,856.jpg,1.9961,53.38,0.9988,7.4143,7.4146,0.999928,0.999994,1.4697
RSSCN7,Industry,857.jpg,2.0006,53.67,0.9988,7.2718,7.2721,0.999944,0.999995,2.2759
RSSCN7,Industry,858.jpg,2.0086,54.20,0.9987,7.0633,7.0641,0.999932,0.999996,0.8441
RSSCN7,Industry,859.jpg,1.9955,54.84,0.9990,7.0005,7.0009,0.999944,0.999996,3.1094
RSSCN7,Industry,860.jpg,2.0042,55.52,0.9991,6.9265,6.9269,0.999955,0.999997,1.7514
RSSCN7,Industry,861.jpg,2.0005,55.53,0.9993,6.9570,6.9573,0.999924,0.999996,1.4193
RSSCN7,Industry,862.jpg,2.0008,55.49,0.9991,7.4154,7.4153,0.999980,0.999997,2.3252
RSSCN7,Industry,863.jpg,1.9987,56.04,0.9993,6.6537,6.6542,0.999935,0.999997,0.7140
RSSCN7,Industry,864.jpg,2.0064,56.15,0.9994,6.2547,6.2554,0.999907,0.999997,1.8576
RSSCN7,Industry,865.jpg,1.9990,53.23,0.9989,7.2863,7.2865,0.999901,0.999989,0.5446
RSSCN7,Industry,866.jpg,1.9890,54.51,0.9991,6.8769,6.8773,0.999907,0.999995,2.2751
RSSCN7,Industry,867.jpg,1.9991,54.86,0.9991,6.8829,6.8834,0.999920,0.999995,0.0297
RSSCN7,Industry,868.jpg,1.9872,54.58,0.9990,6.4134,6.4139,0.999789,0.999996,0.3325
RSSCN7,Industry,869.jpg,1.9992,54.53,0.9991,6.5819,6.5823,0.999875,0.999996,1.0776
RSSCN7,Industry,870.jpg,2.0049,57.75,0.9995,6.6203,6.6207,0.999962,0.999998,2.5550
RSSCN7,Industry,871.jpg,1.9923,59.62,0.9996,6.0104,6.0109,0.999942,0.999999,0.4327
RSSCN7,Industry,872.jpg,2.0010,57.24,0.9996,6.1051,6.1055,0.999938,0.999998,1.4655
RSSCN7,Industry,873.jpg,2.0014,52.76,0.9990,7.4698,7.4700,0.999920,0.999985,0.4990
RSSCN7,Industry,874.jpg,1.9958,54.25,0.9992,7.2555,7.2562,0.999943,0.999989,0.2332
RSSCN7,Industry,875.jpg,1.9927,52.70,0.9988,7.5153,7.5156,0.999926,0.999987,0.0231
RSSCN7,Industry,876.jpg,2.0037,53.34,0.9990,7.3816,7.3824,0.999969,0.999993,0.1317
RSSCN7,Industry,877.jpg,1.9999,52.79,0.9990,7.6700,7.6705,0.999951,0.999991,0.7044
RSSCN7,Industry,878.jpg,2.0025,53.81,0.9990,7.0915,7.0919,0.999909,0.999990,1.9237
RSSCN7,Industry,879.jpg,2.0018,53.55,0.9991,7.1819,7.1824,0.999938,0.999995,0.3865
RSSCN7,Industry,880.jpg,2.0010,53.34,0.9990,7.3537,7.3542,0.999952,0.999993,0.1459
RSSCN7,Industry,881.jpg,2.0014,52.33,0.9989,7.3065,7.3073,0.999895,0.999977,2.1566
RSSCN7,Industry,882.jpg,2.0031,52.68,0.9990,7.4782,7.4786,0.999920,0.999985,0.8207
RSSCN7,Industry,883.jpg,2.0044,52.41,0.9987,7.2254,7.2259,0.999876,0.999976,1.6085
RSSCN7,Industry,884.jpg,1.9947,52.60,0.9988,7.2152,7.2154,0.999885,0.999979,1.5353
RSSCN7,Industry,885.jpg,1.9965,52.90,0.9988,7.3071,7.3074,0.999908,0.999982,3.1285
RSSCN7,Industry,886.jpg,2.0057,52.53,0.9988,7.2404,7.2406,0.999885,0.999976,1.0927
RSSCN7,Industry,887.jpg,2.0033,52.72,0.9988,7.2933,7.2936,0.999899,0.999979,0.1988
RSSCN7,Industry,888.jpg,1.9990,52.75,0.9989,7.2813,7.2819,0.999926,0.999987,2.2760
RSSCN7,Industry,889.jpg,1.9980,55.12,0.9991,6.9356,6.9360,0.999965,0.999997,1.6991
RSSCN7,Industry,890.jpg,2.0018,54.36,0.9994,7.3062,7.3072,0.999976,0.999996,0.7446
RSSCN7,Industry,891.jpg,1.9925,53.67,0.9992,7.4864,7.4866,0.999950,0.999995,1.1491
RSSCN7,Industry,892.jpg,2.0036,53.00,0.9990,7.5793,7.5795,0.999929,0.999993,1.3644
RSSCN7,Industry,893.jpg,2.0036,52.89,0.9991,7.7268,7.7270,0.999954,0.999992,3.6837
RSSCN7,Industry,894.jpg,2.0004,52.70,0.9992,7.6257,7.6262,0.999939,0.999993,1.4782
RSSCN7,Industry,895.jpg,2.0037,54.33,0.9992,7.5566,7.5571,0.999965,0.999996,0.7813
RSSCN7,Industry,896.jpg,2.0044,53.45,0.9992,7.4855,7.4860,0.999942,0.999995,3.5436
RSSCN7,Industry,897.jpg,2.0000,53.37,0.9992,7.7238,7.7246,0.999960,0.999994,3.4568
RSSCN7,Industry,898.jpg,1.9996,53.46,0.9990,7.4211,7.4216,0.999931,0.999993,0.2705
RSSCN7,Industry,899.jpg,2.0099,53.11,0.9992,7.7622,7.7626,0.999955,0.999993,1.3890
RSSCN7,Industry,900.jpg,2.0056,53.42,0.9992,7.3843,7.3852,0.999950,0.999994,2.8648
RSSCN7,Industry,901.jpg,2.0070,54.91,0.9994,6.9321,6.9326,0.999966,0.999996,0.0810
RSSCN7,Industry,902.jpg,2.0007,52.47,0.9989,7.1108,7.1113,0.999876,0.999987,2.5044
RSSCN7,Industry,903.jpg,1.9992,53.73,0.9991,7.1223,7.1228,0.999934,0.999990,0.3685
RSSCN7,Industry,904.jpg,1.9967,53.50,0.9989,7.3062,7.3066,0.999941,0.999989,3.3542
RSSCN7,Industry,905.jpg,1.9975,53.10,0.9990,7.5462,7.5471,0.999958,0.999993,0.2389
RSSCN7,Industry,906.jpg,1.9975,53.09,0.9989,7.3583,7.3586,0.999933,0.999989,2.0081
RSSCN7,Industry,907.jpg,2.0023,53.81,0.9989,7.3756,7.3765,0.999966,0.999995,1.1304
RSSCN7,Industry,908.jpg,2.0041,54.05,0.9992,7.2407,7.2409,0.999943,0.999992,1.0079
RSSCN7,Industry,909.jpg,2.0145,56.41,0.9995,6.3641,6.3638,0.999981,0.999998,0.1215
RSSCN7,Industry,910.jpg,1.9967,54.22,0.9991,7.0319,7.0324,0.999935,0.999992,2.0288
RSSCN7,Industry,911.jpg,2.0079,53.54,0.9990,7.1852,7.1860,0.999928,0.999991,2.1370
RSSCN7,Industry,912.jpg,1.9934,53.26,0.9990,7.1303,7.1309,0.999898,0.999991,0.8879
RSSCN7,Industry,913.jpg,1.9966,54.06,0.9990,6.8395,6.8401,0.999902,0.999992,1.5032
RSSCN7,Industry,914.jpg,2.0040,53.94,0.9990,7.1044,7.1047,0.999892,0.999991,3.4507
RSSCN7,Industry,915.jpg,2.0019,53.28,0.9991,7.2821,7.2833,0.999951,0.999991,1.2122
RSSCN7,Industry,916.jpg,1.9969,54.58,0.9990,6.9808,6.9814,0.999926,0.999991,1.7204
RSSCN7,Industry,917.jpg,1.9936,52.67,0.9992,7.6900,7.6902,0.999943,0.999988,0.5305
RSSCN7,Industry,918.jpg,1.9959,53.34,0.9991,7.5867,7.5869,0.999946,0.999992,2.3295
RSSCN7,Industry,919.jpg,1.9990,53.26,0.9991,7.3350,7.3352,0.999929,0.999987,1.1919
RSSCN7,Industry,920.jpg,2.0040,52.76,0.9992,7.7721,7.7724,0.999955,0.999989,0.4795
RSSCN7,Industry,921.jpg,1.9995,52.61,0.9990,7.5287,7.5289,0.999918,0.999989,0.6445
RSSCN7,Industry,922.jpg,2.0020,52.67,0.9991,7.3982,7.3985,0.999908,0.999988,1.5441
RSSCN7,Industry,923.jpg,2.0001,53.26,0.9990,7.6400,7.6406,0.999962,0.999991,1.0966
RSSCN7,Industry,924.jpg,2.0007,55.08,0.9994,7.2749,7.2755,0.999971,0.999997,2.2171
RSSCN7,Industry,925.jpg,1.9996,52.61,0.9992,7.7474,7.7476,0.999953,0.999992,2.0376
RSSCN7,Industry,926.jpg,2.0000,52.31,0.9991,7.7032,7.7034,0.999943,0.999989,2.5689
RSSCN7,Industry,927.jpg,1.9949,52.41,0.9992,7.6704,7.6704,0.999950,0.999989,1.5440
RSSCN7,Industry,928.jpg,2.0033,54.46,0.9992,7.5521,7.5527,0.999974,0.999995,2.3261
RSSCN7,Industry,929.jpg,2.0015,52.25,0.9991,7.7682,7.7684,0.999938,0.999990,0.8281
RSSCN7,Industry,930.jpg,1.9957,52.03,0.9992,7.7148,7.7151,0.999932,0.999988,2.5327
RSSCN7,Industry,931.jpg,2.0010,52.67,0.9990,7.5155,7.5157,0.999940,0.999984,2.4689
RSSCN7,Industry,932.jpg,2.0034,52.96,0.9989,7.2010,7.2014,0.999915,0.999979,2.2626
RSSCN7,Industry,933.jpg,1.9970,52.83,0.9989,7.2771,7.2774,0.999913,0.999979,2.9018
RSSCN7,Industry,934.jpg,1.9970,52.80,0.9993,7.5645,7.5649,0.999952,0.999988,1.2204
RSSCN7,Industry,935.jpg,2.0015,53.38,0.9991,7.4718,7.4725,0.999958,0.999989,0.9869
RSSCN7,Industry,936.jpg,1.9931,53.08,0.9991,7.2698,7.2701,0.999915,0.999983,0.6420
RSSCN7,Industry,937.jpg,2.0088,53.00,0.9992,7.8183,7.8184,0.999965,0.999991,1.4644
RSSCN7,Industry,938.jpg,2.0036,53.31,0.9992,7.4849,7.4852,0.999956,0.999987,1.6771
RSSCN7,Industry,939.jpg,2.0009,53.14,0.9990,7.5485,7.5488,0.999951,0.999993,2.5176
RSSCN7,Industry,940.jpg,2.0072,52.43,0.9991,7.7688,7.7691,0.999942,0.999992,2.8344
RSSCN7,Industry,941.jpg,2.0011,53.14,0.9991,7.5661,7.5663,0.999952,0.999989,1.4082
RSSCN7,Industry,942.jpg,2.0070,52.82,0.9992,7.6906,7.6907,0.999944,0.999989,1.8468
RSSCN7,Industry,943.jpg,1.9990,53.60,0.9991,7.4802,7.4807,0.999968,0.999992,1.7636
RSSCN7,Industry,944.jpg,2.0047,53.40,0.9991,7.5484,7.5488,0.999963,0.999992,0.9202
RSSCN7,Industry,945.jpg,2.0007,54.43,0.9992,7.1132,7.1138,0.999979,0.999995,0.9354
RSSCN7,Industry,946.jpg,2.0062,53.87,0.9991,6.9742,6.9748,0.999912,0.999983,1.9962
RSSCN7,Industry,947.jpg,1.9983,53.50,0.9989,7.2624,7.2631,0.999957,0.999991,0.7941
RSSCN7,Industry,948.jpg,1.9979,52.89,0.9990,7.2921,7.2923,0.999908,0.999986,1.1314
RSSCN7,Industry,949.jpg,2.0143,54.92,0.9993,6.9764,6.9769,0.999936,0.999992,2.5826
RSSCN7,Industry,950.jpg,1.9999,52.84,0.9990,7.3695,7.3698,0.999909,0.999988,3.1467
RSSCN7,Industry,951.jpg,2.0029,53.25,0.9991,7.4848,7.4851,0.999958,0.999986,2.1821
RSSCN7,Industry,952.jpg,2.0102,52.86,0.9993,7.6101,7.6112,0.999955,0.999995,1.5984
RSSCN7,Industry,953.jpg,2.0022,52.19,0.9992,7.6015,7.6017,0.999924,0.999992,0.8753
RSSCN7,Industry,954.jpg,1.9939,53.85,0.9992,7.2032,7.2033,0.999959,0.999996,1.6451
RSSCN7,Industry,955.jpg,2.0042,52.88,0.9991,7.6369,7.6375,0.999951,0.999995,1.5494
RSSCN7,Industry,956.jpg,1.9953,55.02,0.9993,7.5131,7.5135,0.999975,0.999995,1.2125
RSSCN7,Industry,957.jpg,1.9940,53.78,0.9992,7.1688,7.1690,0.999937,0.999996,0.4756
RSSCN7,Industry,958.jpg,2.0032,52.84,0.9991,7.6944,7.6946,0.999947,0.999993,1.9980
RSSCN7,Industry,959.jpg,1.9929,52.39,0.9990,7.6294,7.6295,0.999935,0.999992,2.9082
RSSCN7,Industry,960.jpg,2.0045,52.17,0.9991,7.5403,7.5405,0.999915,0.999992,2.4507
RSSCN7,Industry,961.jpg,2.0062,52.46,0.9990,7.5236,7.5238,0.999928,0.999993,2.5676
RSSCN7,Industry,962.jpg,2.0034,52.53,0.9995,7.7328,7.7330,0.999953,0.999992,0.1556
RSSCN7,Industry,963.jpg,2.0007,53.28,0.9992,7.3069,7.3074,0.999942,0.999987,1.4656
RSSCN7,Industry,964.jpg,2.0019,52.36,0.9990,7.6606,7.6608,0.999937,0.999990,1.7664
RSSCN7,Industry,965.jpg,1.9981,52.26,0.9990,7.5660,7.5660,0.999930,0.999986,1.3942
RSSCN7,Industry,966.jpg,2.0009,53.06,0.9990,7.6829,7.6830,0.999953,0.999992,1.8123
RSSCN7,Industry,967.jpg,1.9997,53.44,0.9991,7.4968,7.4970,0.999952,0.999995,2.6413
RSSCN7,Industry,968.jpg,1.9969,52.58,0.9991,7.5618,7.5619,0.999925,0.999994,0.3032
RSSCN7,Industry,969.jpg,1.9976,53.96,0.9992,7.2893,7.2896,0.999946,0.999994,1.9096
RSSCN7,Industry,970.jpg,2.0000,53.52,0.9992,7.5775,7.5778,0.999948,0.999994,2.4695
RSSCN7,Industry,971.jpg,1.9979,52.58,0.9990,7.6191,7.6194,0.999935,0.999991,3.2004
RSSCN7,Industry,972.jpg,1.9839,53.08,0.9992,7.5182,7.5186,0.999934,0.999992,2.4102
RSSCN7,Industry,973.jpg,1.9953,52.53,0.9992,7.7038,7.7040,0.999940,0.999990,2.6349
RSSCN7,Industry,974.jpg,1.9942,53.05,0.9992,7.6192,7.6195,0.999946,0.999988,4.2003
RSSCN7,Industry,975.jpg,2.0024,52.81,0.9992,7.7422,7.7423,0.999950,0.999992,0.0837
RSSCN7,Industry,976.jpg,2.0003,52.80,0.9992,7.7987,7.7988,0.999954,0.999991,3.0334
RSSCN7,Industry,977.jpg,1.9888,54.02,0.9993,7.2877,7.2882,0.999966,0.999995,0.0231
RSSCN7,Industry,978.jpg,1.9916,52.97,0.9990,7.1830,7.1833,0.999886,0.999995,0.8863
RSSCN7,Industry,979.jpg,1.9947,53.42,0.9990,7.4509,7.4514,0.999939,0.999994,1.9358
RSSCN7,Industry,980.jpg,2.0127,54.04,0.9990,7.1689,7.1692,0.999910,0.999987,1.8471
RSSCN7,Industry,981.jpg,1.9997,54.89,0.9992,7.0236,7.0241,0.999949,0.999993,1.0761
RSSCN7,Industry,982.jpg,2.0005,54.58,0.9991,7.2071,7.2071,0.999930,0.999988,2.4675
RSSCN7,Industry,983.jpg,2.0082,54.77,0.9992,7.1475,7.1479,0.999931,0.999990,2.6733
RSSCN7,Industry,984.jpg,1.9954,54.65,0.9991,7.2451,7.2453,0.999934,0.999990,2.0101
RSSCN7,Industry,985.jpg,1.9999,53.43,0.9990,7.3015,7.3016,0.999911,0.999989,2.5231
RSSCN7,Industry,986.jpg,1.9987,54.31,0.9991,7.0744,7.0747,0.999917,0.999991,0.6958
RSSCN7,Industry,987.jpg,2.0141,54.33,0.9992,7.3523,7.3526,0.999943,0.999994,2.4118
RSSCN7,Industry,988.jpg,2.0036,54.47,0.9993,7.2683,7.2685,0.999946,0.999989,1.2599
RSSCN7,Industry,989.jpg,2.0100,53.84,0.9992,7.3779,7.3782,0.999944,0.999989,0.9801
RSSCN7,Industry,990.jpg,2.0041,53.89,0.9991,7.3302,7.3305,0.999946,0.999988,2.1199
RSSCN7,Industry,991.jpg,2.0035,53.96,0.9992,7.4796,7.4798,0.999950,0.999991,3.6458
RSSCN7,Industry,992.jpg,2.0007,54.81,0.9993,7.0992,7.0996,0.999959,0.999991,2.4386
RSSCN7,Industry,993.jpg,2.0023,54.44,0.9992,7.2998,7.3000,0.999953,0.999989,1.6238
RSSCN7,Industry,994.jpg,1.9957,54.04,0.9992,7.4036,7.4039,0.999953,0.999990,3.3182
RSSCN7,Industry,995.jpg,1.9879,54.50,0.9993,7.4097,7.4099,0.999960,0.999991,3.2003
RSSCN7,Industry,996.jpg,2.0016,53.52,0.9990,7.3770,7.3772,0.999935,0.999989,1.7036
RSSCN7,Industry,997.jpg,2.0115,53.48,0.9989,7.1952,7.1953,0.999896,0.999988,3.1612
RSSCN7,Industry,998.jpg,2.0022,53.56,0.9991,7.4374,7.4376,0.999945,0.999989,2.0175
RSSCN7,Industry,999.jpg,2.0042,54.10,0.9992,7.4227,7.4231,0.999950,0.999989,1.2078
RSSCN7,Parking,2401.jpg,2.0007,52.99,0.9991,7.2883,7.2888,0.999907,0.999993,0.7005
RSSCN7,Parking,2402.jpg,2.0084,53.13,0.9993,6.7901,6.7906,0.999888,0.999983,2.8454
RSSCN7,Parking,2403.jpg,1.9949,54.14,0.9990,7.1890,7.1894,0.999937,0.999995,1.7872
RSSCN7,Parking,2404.jpg,2.0092,53.48,0.9993,7.1419,7.1425,0.999928,0.999995,1.1857
RSSCN7,Parking,2405.jpg,2.0089,53.56,0.9993,7.3318,7.3323,0.999944,0.999995,0.1825
RSSCN7,Parking,2406.jpg,1.9911,52.80,0.9991,7.5278,7.5283,0.999937,0.999992,1.2833
RSSCN7,Parking,2407.jpg,2.0045,53.23,0.9991,7.3153,7.3155,0.999935,0.999994,0.5413
RSSCN7,Parking,2408.jpg,2.0005,53.83,0.9991,7.5232,7.5234,0.999959,0.999994,1.0009
RSSCN7,Parking,2409.jpg,1.9948,53.44,0.9993,7.4095,7.4101,0.999942,0.999995,0.9966
RSSCN7,Parking,2410.jpg,1.9990,53.13,0.9992,7.5560,7.5561,0.999943,0.999994,2.3291
RSSCN7,Parking,2411.jpg,2.0078,53.63,0.9992,7.5388,7.5408,0.999963,0.999993,2.5745
RSSCN7,Parking,2412.jpg,2.0023,53.23,0.9993,7.5016,7.5020,0.999941,0.999994,3.0380
RSSCN7,Parking,2413.jpg,2.0067,52.48,0.9992,7.4657,7.4657,0.999913,0.999989,1.2888
RSSCN7,Parking,2414.jpg,2.0058,52.75,0.9988,7.1678,7.1681,0.999882,0.999989,1.8178
RSSCN7,Parking,2415.jpg,2.0013,52.66,0.9992,7.5345,7.5348,0.999931,0.999988,1.1323
RSSCN7,Parking,2416.jpg,2.0056,53.29,0.9993,7.4822,7.4828,0.999951,0.999989,0.1875
RSSCN7,Parking,2417.jpg,1.9931,52.75,0.9993,7.5969,7.5973,0.999943,0.999992,0.4187
RSSCN7,Parking,2418.jpg,1.9949,53.21,0.9993,7.2035,7.2042,0.999935,0.999994,0.8942
RSSCN7,Parking,2419.jpg,2.0005,53.24,0.9993,7.5361,7.5366,0.999957,0.999993,3.6528
RSSCN7,Parking,2420.jpg,2.0058,54.70,0.9991,7.0465,7.0468,0.999925,0.999996,0.4285
RSSCN7,Parking,2421.jpg,1.9970,53.19,0.9989,7.1294,7.1296,0.999893,0.999993,0.0839
RSSCN7,Parking,2422.jpg,1.9997,53.03,0.9987,6.8509,6.8512,0.999819,0.999993,1.6792
RSSCN7,Parking,2423.jpg,2.0021,55.80,0.9991,6.0148,6.0156,0.999808,0.999998,2.0360
RSSCN7,Parking,2424.jpg,2.0041,55.97,0.9994,6.3888,6.3894,0.999924,0.999998,2.3793
RSSCN7,Parking,2425.jpg,2.0111,53.36,0.9990,6.9788,6.9791,0.999916,0.999993,0.6101
RSSCN7,Parking,2426.jpg,2.0072,55.55,0.9990,6.8480,6.8484,0.999910,0.999996,2.6327
RSSCN7,Parking,2427.jpg,2.0077,57.06,0.9993,5.4455,5.4465,0.999869,0.999998,0.3658
RSSCN7,Parking,2428.jpg,2.0010,53.90,0.9990,7.1962,7.1965,0.999927,0.999994,3.7069
RSSCN7,Parking,2429.jpg,1.9883,56.00,0.9992,5.7864,5.7871,0.999868,0.999998,0.9615
RSSCN7,Parking,2430.jpg,2.0022,54.77,0.9992,6.7450,6.7458,0.999944,0.999997,1.8455
RSSCN7,Parking,2431.jpg,1.9943,55.08,0.9992,6.4499,6.4507,0.999896,0.999997,2.1995
RSSCN7,Parking,2432.jpg,1.9979,55.10,0.9994,6.8664,6.8668,0.999917,0.999997,1.7470
RSSCN7,Parking,2433.jpg,1.9961,53.76,0.9993,7.2047,7.2050,0.999936,0.999995,0.8883
RSSCN7,Parking,2434.jpg,2.0008,53.75,0.9993,7.3495,7.3498,0.999945,0.999995,2.6403
RSSCN7,Parking,2435.jpg,1.9997,53.86,0.9990,7.2975,7.2978,0.999947,0.999995,1.4883
RSSCN7,Parking,2436.jpg,2.0041,53.47,0.9990,7.0449,7.0452,0.999870,0.999993,1.3612
RSSCN7,Parking,2437.jpg,2.0048,53.74,0.9992,7.0298,7.0305,0.999931,0.999995,1.7812
RSSCN7,Parking,2438.jpg,2.0013,53.65,0.9991,7.2063,7.2068,0.999902,0.999995,3.9177
RSSCN7,Parking,2439.jpg,2.0136,53.43,0.9991,6.6699,6.6707,0.999905,0.999996,1.4203
RSSCN7,Parking,2440.jpg,2.0029,53.79,0.9993,6.9660,6.9672,0.999944,0.999997,1.3003
RSSCN7,Parking,2441.jpg,1.9934,53.36,0.9991,7.2837,7.2847,0.999936,0.999996,2.1013
RSSCN7,Parking,2442.jpg,1.9987,52.46,0.9992,7.6598,7.6600,0.999935,0.999993,4.1886
RSSCN7,Parking,2443.jpg,2.0013,53.20,0.9994,7.1027,7.1033,0.999945,0.999996,1.2670
RSSCN7,Parking,2444.jpg,2.0100,53.63,0.9992,7.0159,7.0157,0.999933,0.999997,3.3174
RSSCN7,Parking,2445.jpg,1.9995,52.96,0.9994,7.4313,7.4317,0.999930,0.999993,2.6029
RSSCN7,Parking,2446.jpg,2.0037,54.52,0.9993,6.7521,6.7531,0.999943,0.999997,1.6427
RSSCN7,Parking,2447.jpg,2.0006,54.42,0.9994,6.5062,6.5068,0.999941,0.999997,0.9065
RSSCN7,Parking,2448.jpg,2.0017,54.19,0.9993,6.7621,6.7627,0.999906,0.999996,0.0393
RSSCN7,Parking,2449.jpg,1.9991,53.06,0.9994,7.5343,7.5350,0.999953,0.999995,0.7376
RSSCN7,Parking,2450.jpg,2.0001,53.31,0.9989,6.7608,6.7614,0.999883,0.999996,1.7416
RSSCN7,Parking,2451.jpg,2.0027,54.13,0.9992,6.9542,6.9546,0.999913,0.999995,2.4577
RSSCN7,Parking,2452.jpg,1.9979,52.78,0.9990,7.2934,7.2937,0.999921,0.999990,0.0834
RSSCN7,Parking,2453.jpg,2.0021,54.62,0.9994,6.8291,6.8293,0.999923,0.999997,2.7473
RSSCN7,Parking,2454.jpg,2.0074,53.29,0.9993,7.3932,7.3936,0.999932,0.999992,3.2889
RSSCN7,Parking,2455.jpg,1.9976,52.93,0.9988,7.3400,7.3404,0.999914,0.999990,1.4251
RSSCN7,Parking,2456.jpg,1.9977,53.54,0.9993,7.6284,7.6290,0.999949,0.999995,2.9959
RSSCN7,Parking,2457.jpg,2.0038,54.06,0.9993,7.2997,7.3004,0.999962,0.999996,1.9702
RSSCN7,Parking,2458.jpg,2.0098,52.49,0.9992,7.6570,7.6573,0.999940,0.999991,0.6552
RSSCN7,Parking,2459.jpg,2.0116,53.94,0.9993,7.2821,7.2826,0.999945,0.999995,1.8291
RSSCN7,Parking,2460.jpg,1.9969,52.68,0.9991,7.1664,7.1669,0.999905,0.999981,1.4517
RSSCN7,Parking,2461.jpg,1.9982,53.02,0.9991,6.7243,6.7253,0.999835,0.999982,1.8275
RSSCN7,Parking,2462.jpg,1.9986,53.57,0.9992,6.7347,6.7351,0.999868,0.999989,2.2369
RSSCN7,Parking,2463.jpg,2.0078,53.50,0.9993,7.2215,7.2225,0.999948,0.999990,2.4760
RSSCN7,Parking,2464.jpg,1.9979,52.93,0.9992,7.0060,7.0071,0.999910,0.999985,1.2935
RSSCN7,Parking,2465.jpg,1.9972,53.42,0.9992,7.6280,7.6287,0.999949,0.999994,0.9943
RSSCN7,Parking,2466.jpg,2.0037,52.99,0.9992,7.4980,7.4987,0.999938,0.999993,1.3533
RSSCN7,Parking,2467.jpg,2.0009,53.02,0.9994,7.7722,7.7723,0.999955,0.999991,1.4231
RSSCN7,Parking,2468.jpg,2.0067,53.33,0.9991,7.2882,7.2886,0.999938,0.999991,1.2263
RSSCN7,Parking,2469.jpg,2.0074,53.87,0.9993,6.8322,6.8328,0.999917,0.999996,4.3678
RSSCN7,Parking,2470.jpg,1.9878,52.89,0.9991,7.3150,7.3152,0.999908,0.999992,2.4785
RSSCN7,Parking,2471.jpg,2.0079,53.53,0.9992,7.3148,7.3153,0.999920,0.999995,0.5638
RSSCN7,Parking,2472.jpg,1.9965,53.19,0.9994,7.4090,7.4093,0.999957,0.999993,2.6223
RSSCN7,Parking,2473.jpg,1.9989,54.12,0.9994,7.1735,7.1740,0.999964,0.999991,0.1012
RSSCN7,Parking,2474.jpg,2.0006,53.52,0.9993,7.4279,7.4285,0.999958,0.999994,1.1845
RSSCN7,Parking,2475.jpg,1.9999,53.00,0.9993,7.7094,7.7098,0.999954,0.999992,0.8653
RSSCN7,Parking,2476.jpg,1.9968,53.56,0.9991,6.9400,6.9404,0.999870,0.999995,0.4706
RSSCN7,Parking,2477.jpg,1.9990,52.57,0.9993,7.6352,7.6356,0.999941,0.999993,2.3268
RSSCN7,Parking,2478.jpg,2.0022,52.25,0.9996,7.7087,7.7089,0.999942,0.999990,0.4647
RSSCN7,Parking,2479.jpg,1.9978,53.94,0.9993,7.4180,7.4185,0.999951,0.999995,0.4232
RSSCN7,Parking,2480.jpg,1.9990,53.94,0.9992,6.9720,6.9724,0.999939,0.999995,1.2549
RSSCN7,Parking,2481.jpg,1.9929,54.86,0.9993,6.9182,6.9188,0.999965,0.999996,2.2373
RSSCN7,Parking,2482.jpg,1.9933,53.44,0.9992,7.2879,7.2884,0.999948,0.999994,2.0625
RSSCN7,Parking,2483.jpg,1.9981,52.76,0.9990,7.6068,7.6069,0.999933,0.999991,0.3260
RSSCN7,Parking,2484.jpg,2.0030,54.26,0.9993,7.3383,7.3388,0.999965,0.999994,0.5459
RSSCN7,Parking,2485.jpg,1.9964,53.89,0.9991,7.0440,7.0447,0.999930,0.999993,0.2804
RSSCN7,Parking,2486.jpg,1.9982,55.05,0.9992,6.1884,6.1892,0.999898,0.999996,1.7027
RSSCN7,Parking,2487.jpg,1.9882,55.61,0.9993,6.6401,6.6404,0.999965,0.999997,1.0438
RSSCN7,Parking,2488.jpg,2.0022,53.34,0.9992,7.2934,7.2937,0.999911,0.999990,0.3809
RSSCN7,Parking,2489.jpg,1.9925,54.93,0.9994,6.9566,6.9569,0.999929,0.999995,1.4104
RSSCN7,Parking,2490.jpg,2.0034,53.28,0.9992,7.4469,7.4474,0.999931,0.999990,0.8053
RSSCN7,Parking,2491.jpg,2.0016,52.88,0.9991,7.7657,7.7660,0.999951,0.999992,1.6701
RSSCN7,Parking,2492.jpg,2.0058,53.67,0.9992,7.5937,7.5938,0.999951,0.999991,2.1443
RSSCN7,Parking,2493.jpg,2.0011,52.94,0.9992,7.5518,7.5526,0.999943,0.999989,0.3329
RSSCN7,Parking,2494.jpg,1.9988,53.29,0.9991,7.2618,7.2622,0.999922,0.999984,1.0223
RSSCN7,Parking,2495.jpg,2.0006,53.15,0.9991,7.3122,7.3130,0.999933,0.999986,1.8070
RSSCN7,Parking,2496.jpg,2.0084,53.36,0.9994,7.4725,7.4728,0.999942,0.999990,0.6277
RSSCN7,Parking,2497.jpg,1.9797,54.48,0.9993,7.3115,7.3122,0.999968,0.999994,1.7656
RSSCN7,Parking,2498.jpg,2.0066,54.24,0.9993,6.5424,6.5435,0.999915,0.999993,2.3637
RSSCN7,Parking,2499.jpg,2.0023,53.82,0.9993,6.9157,6.9164,0.999907,0.999991,1.6064
RSSCN7,Parking,2500.jpg,2.0089,55.75,0.9995,6.1545,6.1553,0.999956,0.999998,1.7893
RSSCN7,Parking,2501.jpg,1.9959,52.70,0.9988,7.3641,7.3643,0.999902,0.999993,0.3836
RSSCN7,Parking,2502.jpg,2.0001,53.68,0.9990,7.2952,7.2954,0.999942,0.999994,1.2099
RSSCN7,Parking,2503.jpg,2.0063,54.90,0.9992,6.8661,6.8666,0.999933,0.999997,0.7623
RSSCN7,Parking,2504.jpg,2.0012,53.77,0.9988,7.4094,7.4099,0.999943,0.999993,0.6989
RSSCN7,Parking,2505.jpg,1.9930,53.45,0.9989,6.9700,6.9705,0.999874,0.999995,0.3349
RSSCN7,Parking,2506.jpg,1.9949,53.65,0.9991,6.9942,6.9950,0.999917,0.999995,1.8360
RSSCN7,Parking,2507.jpg,2.0028,54.26,0.9992,6.8961,6.8970,0.999926,0.999996,0.6174
RSSCN7,Parking,2508.jpg,1.9975,53.20,0.9991,7.3302,7.3306,0.999916,0.999994,0.4622
RSSCN7,Parking,2509.jpg,2.0063,52.70,0.9991,7.2094,7.2098,0.999910,0.999995,2.6536
RSSCN7,Parking,2510.jpg,1.9981,53.22,0.9991,7.1632,7.1642,0.999930,0.999996,0.4174
RSSCN7,Parking,2511.jpg,2.0004,53.96,0.9990,6.4523,6.4530,0.999844,0.999997,1.7695
RSSCN7,Parking,2512.jpg,1.9961,54.28,0.9992,7.1957,7.1962,0.999926,0.999996,2.3190
RSSCN7,Parking,2513.jpg,1.9969,55.02,0.9994,6.8956,6.8961,0.999942,0.999997,1.9512
RSSCN7,Parking,2514.jpg,1.9996,53.50,0.9992,7.3452,7.3456,0.999945,0.999993,1.7144
RSSCN7,Parking,2515.jpg,1.9972,53.12,0.9991,7.5140,7.5144,0.999933,0.999990,3.1058
RSSCN7,Parking,2516.jpg,1.9999,53.88,0.9989,6.8649,6.8653,0.999904,0.999996,0.6701
RSSCN7,Parking,2517.jpg,2.0028,53.96,0.9991,7.4973,7.4977,0.999958,0.999995,1.9867
RSSCN7,Parking,2518.jpg,1.9933,53.14,0.9990,7.2405,7.2404,0.999897,0.999995,0.9386
RSSCN7,Parking,2519.jpg,1.9998,53.45,0.9991,7.2371,7.2375,0.999921,0.999996,0.6014
RSSCN7,Parking,2520.jpg,1.9955,53.17,0.9990,7.2275,7.2281,0.999916,0.999993,2.0684
RSSCN7,Parking,2521.jpg,1.9932,52.67,0.9992,7.5667,7.5671,0.999945,0.999994,2.7578
RSSCN7,Parking,2522.jpg,1.9986,53.11,0.9990,7.2425,7.2428,0.999903,0.999995,3.0036
RSSCN7,Parking,2523.jpg,2.0080,53.11,0.9991,7.2282,7.2285,0.999914,0.999994,1.5702
RSSCN7,Parking,2524.jpg,2.0006,52.74,0.9991,7.4788,7.4791,0.999920,0.999994,0.5347
RSSCN7,Parking,2525.jpg,1.9992,53.96,0.9990,6.7197,6.7202,0.999908,0.999991,2.1732
RSSCN7,Parking,2526.jpg,1.9998,53.08,0.9988,7.2092,7.2096,0.999895,0.999991,0.1208
RSSCN7,Parking,2527.jpg,2.0028,53.72,0.9991,6.3723,6.3730,0.999846,0.999994,2.2406
RSSCN7,Parking,2528.jpg,1.9906,53.46,0.9989,6.1236,6.1250,0.999788,0.999994,2.0678
RSSCN7,Parking,2529.jpg,1.9965,53.83,0.9991,7.2296,7.2300,0.999922,0.999995,2.0712
RSSCN7,Parking,2530.jpg,2.0081,52.60,0.9992,7.5544,7.5547,0.999923,0.999993,1.7052
RSSCN7,Parking,2531.jpg,2.0011,52.77,0.9991,7.2775,7.2779,0.999909,0.999990,0.6327
RSSCN7,Parking,2532.jpg,2.0081,54.32,0.9987,5.4380,5.4400,0.999563,0.999985,1.0071
RSSCN7,Parking,2533.jpg,2.0033,53.30,0.9994,7.1053,7.1060,0.999935,0.999995,0.9311
RSSCN7,Parking,2534.jpg,1.9966,52.84,0.9992,6.9682,6.9687,0.999866,0.999992,1.6987
RSSCN7,Parking,2535.jpg,1.9953,52.83,0.9990,7.4665,7.4670,0.999927,0.999989,1.3285
RSSCN7,Parking,2536.jpg,1.9977,52.95,0.9993,7.1430,7.1436,0.999904,0.999990,0.4016
RSSCN7,Parking,2537.jpg,2.0032,53.01,0.9991,7.4182,7.4184,0.999933,0.999994,0.2773
RSSCN7,Parking,2538.jpg,1.9993,52.98,0.9991,6.8379,6.8384,0.999837,0.999988,1.3382
RSSCN7,Parking,2539.jpg,1.9977,52.68,0.9992,7.1115,7.1118,0.999860,0.999987,1.6254
RSSCN7,Parking,2540.jpg,1.9972,53.12,0.9988,6.9608,6.9611,0.999844,0.999991,1.0923
RSSCN7,Parking,2541.jpg,2.0063,53.22,0.9989,6.8205,6.8210,0.999828,0.999991,2.5507
RSSCN7,Parking,2542.jpg,1.9987,53.20,0.9991,7.2837,7.2844,0.999910,0.999992,0.9941
RSSCN7,Parking,2543.jpg,2.0096,53.28,0.9988,6.9760,6.9772,0.999917,0.999986,2.8969
RSSCN7,Parking,2544.jpg,2.0027,53.67,0.9989,7.4559,7.4564,0.999954,0.999991,1.6813
RSSCN7,Parking,2545.jpg,1.9948,52.25,0.9991,7.2506,7.2510,0.999900,0.999984,1.9138
RSSCN7,Parking,2546.jpg,2.0020,52.46,0.9992,7.4097,7.4100,0.999948,0.999988,0.0868
RSSCN7,Parking,2547.jpg,1.9992,52.46,0.9990,7.3678,7.3681,0.999898,0.999987,0.9779
RSSCN7,Parking,2548.jpg,2.0017,52.45,0.9991,7.3844,7.3849,0.999917,0.999986,2.5332
RSSCN7,Parking,2549.jpg,1.9927,52.29,0.9991,7.2539,7.2543,0.999903,0.999984,1.2104
RSSCN7,Parking,2550.jpg,2.0072,52.92,0.9991,7.5631,7.5635,0.999933,0.999989,1.4812
RSSCN7,Parking,2551.jpg,2.0011,52.92,0.9990,7.4022,7.4026,0.999929,0.999992,2.9396
RSSCN7,Parking,2552.jpg,1.9972,52.80,0.9993,7.5777,7.5782,0.999933,0.999993,1.7694
RSSCN7,Parking,2553.jpg,1.9970,52.63,0.9988,7.1592,7.1594,0.999911,0.999991,1.4791
RSSCN7,Parking,2554.jpg,1.9998,52.96,0.9992,7.3697,7.3702,0.999919,0.999990,1.3616
RSSCN7,Parking,2555.jpg,1.9949,52.51,0.9991,7.2485,7.2487,0.999882,0.999992,1.4360
RSSCN7,Parking,2556.jpg,1.9962,52.55,0.9992,7.6800,7.6803,0.999943,0.999991,1.2697
RSSCN7,Parking,2557.jpg,1.9957,54.55,0.9992,6.6227,6.6233,0.999905,0.999997,0.9123
RSSCN7,Parking,2558.jpg,1.9910,53.25,0.9993,7.6191,7.6194,0.999961,0.999993,2.7020
RSSCN7,Parking,2559.jpg,1.9960,52.57,0.9991,7.5128,7.5131,0.999935,0.999992,1.2832
RSSCN7,Parking,2560.jpg,1.9958,52.95,0.9989,6.6696,6.6700,0.999825,0.999993,0.6908
RSSCN7,Parking,2561.jpg,2.0034,52.46,0.9991,7.5070,7.5072,0.999918,0.999993,2.8751
RSSCN7,Parking,2562.jpg,1.9944,52.94,0.9991,7.5180,7.5183,0.999943,0.999993,1.3179
RSSCN7,Parking,2563.jpg,2.0056,53.05,0.9992,7.2762,7.2765,0.999905,0.999991,0.8016
RSSCN7,Parking,2564.jpg,2.0011,53.04,0.9992,7.3873,7.3878,0.999921,0.999994,1.2747
RSSCN7,Parking,2565.jpg,1.9953,51.96,0.9995,7.6145,7.6145,0.999914,0.999988,0.2700
RSSCN7,Parking,2566.jpg,2.0067,53.21,0.9989,7.0560,7.0566,0.999883,0.999989,3.0416
RSSCN7,Parking,2567.jpg,2.0081,54.04,0.9991,6.9235,6.9241,0.999892,0.999993,1.5192
RSSCN7,Parking,2568.jpg,1.9934,52.91,0.9990,7.2187,7.2192,0.999916,0.999992,0.7928
RSSCN7,Parking,2569.jpg,2.0037,53.06,0.9992,7.3103,7.3107,0.999933,0.999989,1.3121
RSSCN7,Parking,2570.jpg,2.0000,52.92,0.9991,7.2424,7.2429,0.999898,0.999991,1.9631
RSSCN7,Parking,2571.jpg,1.9886,53.48,0.9991,7.3340,7.3345,0.999922,0.999992,0.8029
RSSCN7,Parking,2572.jpg,2.0045,54.12,0.9989,6.6345,6.6352,0.999868,0.999993,2.2849
RSSCN7,Parking,2573.jpg,2.0013,54.88,0.9990,6.5092,6.5100,0.999871,0.999994,0.4038
RSSCN7,Parking,2574.jpg,2.0103,52.73,0.9991,7.2826,7.2832,0.999929,0.999990,1.0910
RSSCN7,Parking,2575.jpg,1.9968,53.01,0.9991,7.4065,7.4069,0.999942,0.999989,2.1846
RSSCN7,Parking,2576.jpg,2.0003,54.80,0.9995,6.9862,6.9870,0.999977,0.999993,0.5050
RSSCN7,Parking,2577.jpg,1.9991,52.16,0.9995,6.5269,6.5285,0.999793,0.999977,1.5313
RSSCN7,Parking,2578.jpg,2.0002,53.68,0.9992,6.8747,6.8750,0.999847,0.999994,0.5771
RSSCN7,Parking,2579.jpg,2.0033,52.70,0.9989,7.0302,7.0307,0.999858,0.999993,1.6424
RSSCN7,Parking,2580.jpg,1.9971,53.07,0.9993,6.8681,6.8685,0.999848,0.999993,0.4518
RSSCN7,Parking,2581.jpg,2.0003,53.76,0.9992,7.1675,7.1682,0.999912,0.999994,0.5528
RSSCN7,Parking,2582.jpg,2.0071,53.04,0.9991,6.9273,6.9277,0.999904,0.999991,2.8379
RSSCN7,Parking,2583.jpg,2.0073,52.88,0.9991,7.0453,7.0457,0.999880,0.999991,0.4995
RSSCN7,Parking,2584.jpg,1.9946,52.85,0.9991,7.4479,7.4480,0.999923,0.999992,2.6370
RSSCN7,Parking,2585.jpg,1.9980,52.88,0.9991,7.3214,7.3218,0.999907,0.999989,2.1665
RSSCN7,Parking,2586.jpg,2.0019,53.26,0.9990,6.5836,6.5847,0.999875,0.999994,0.0106
RSSCN7,Parking,2587.jpg,1.9865,53.40,0.9991,6.8782,6.8788,0.999889,0.999994,2.0175
RSSCN7,Parking,2588.jpg,2.0051,53.50,0.9988,6.3365,6.3374,0.999829,0.999994,3.0145
RSSCN7,Parking,2589.jpg,2.0077,53.82,0.9989,6.7343,6.7350,0.999912,0.999992,1.2777
RSSCN7,Parking,2590.jpg,1.9933,53.48,0.9989,6.4799,6.4809,0.999842,0.999993,0.5385
RSSCN7,Parking,2591.jpg,1.9974,54.40,0.9987,6.0631,6.0638,0.999609,0.999993,1.7615
RSSCN7,Parking,2592.jpg,2.0113,53.87,0.9989,6.4731,6.4741,0.999911,0.999995,1.1267
RSSCN7,Parking,2593.jpg,1.9901,52.87,0.9991,7.4980,7.4983,0.999919,0.999993,1.7156
RSSCN7,Parking,2594.jpg,2.0009,53.48,0.9990,7.0208,7.0214,0.999909,0.999992,1.2720
RSSCN7,Parking,2595.jpg,2.0024,53.09,0.9991,7.3441,7.3444,0.999946,0.999992,0.2764
RSSCN7,Parking,2596.jpg,1.9956,51.98,0.9994,7.4970,7.4973,0.999898,0.999986,1.7034
RSSCN7,Parking,2597.jpg,2.0062,52.65,0.9991,7.4671,7.4673,0.999917,0.999990,2.1197
RSSCN7,Parking,2598.jpg,2.0095,53.20,0.9993,7.5644,7.5646,0.999944,0.999990,0.7632
RSSCN7,Parking,2599.jpg,2.0088,52.82,0.9992,7.3997,7.4000,0.999918,0.999989,0.7037
RSSCN7,Parking,2600.jpg,1.9994,53.70,0.9990,6.8819,6.8822,0.999890,0.999989,1.5611
RSSCN7,Parking,2601.jpg,2.0004,55.11,0.9992,6.5982,6.5987,0.999874,0.999987,2.0378
RSSCN7,Parking,2602.jpg,2.0012,53.14,0.9989,6.6848,6.6853,0.999804,0.999981,1.6799
RSSCN7,Parking,2603.jpg,1.9922,54.73,0.9991,6.6405,6.6409,0.999864,0.999986,0.5347
RSSCN7,Parking,2604.jpg,2.0055,53.42,0.9989,6.6481,6.6485,0.999771,0.999984,1.1810
RSSCN7,Parking,2605.jpg,2.0017,53.68,0.9989,6.8703,6.8711,0.999908,0.999989,2.9153
RSSCN7,Parking,2606.jpg,2.0055,53.24,0.9988,6.8003,6.8007,0.999819,0.999986,3.0682
RSSCN7,Parking,2607.jpg,2.0076,53.20,0.9988,6.8457,6.8465,0.999938,0.999988,0.6440
RSSCN7,Parking,2608.jpg,2.0003,52.81,0.9987,6.6510,6.6516,0.999833,0.999979,1.6268
RSSCN7,Parking,2609.jpg,2.0008,53.99,0.9991,6.9087,6.9090,0.999888,0.999987,1.9333
RSSCN7,Parking,2610.jpg,1.9953,53.22,0.9991,7.1525,7.1529,0.999901,0.999989,0.2843
RSSCN7,Parking,2611.jpg,2.0076,54.29,0.9991,7.0260,7.0266,0.999927,0.999990,2.5217
RSSCN7,Parking,2612.jpg,1.9980,52.85,0.9989,6.9282,6.9286,0.999830,0.999984,2.1759
RSSCN7,Parking,2613.jpg,1.9980,52.54,0.9990,7.1151,7.1152,0.999851,0.999986,1.0745
RSSCN7,Parking,2614.jpg,2.0096,52.61,0.9990,6.9378,6.9383,0.999824,0.999979,1.0202
RSSCN7,Parking,2615.jpg,1.9999,52.59,0.9989,6.7996,6.7997,0.999767,0.999983,2.7055
RSSCN7,Parking,2616.jpg,2.0022,52.78,0.9989,6.8908,6.8912,0.999810,0.999984,1.3577
RSSCN7,Parking,2617.jpg,1.9985,52.92,0.9986,6.6171,6.6178,0.999780,0.999979,2.7256
RSSCN7,Parking,2618.jpg,2.0072,53.48,0.9990,6.8995,6.9000,0.999928,0.999989,1.2359
RSSCN7,Parking,2619.jpg,1.9966,52.96,0.9988,6.6596,6.6600,0.999740,0.999981,1.8726
RSSCN7,Parking,2620.jpg,1.9987,53.32,0.9989,6.6706,6.6711,0.999840,0.999987,1.6038
RSSCN7,Parking,2621.jpg,1.9957,53.23,0.9989,6.6779,6.6782,0.999836,0.999986,1.4901
RSSCN7,Parking,2622.jpg,2.0027,52.86,0.9987,6.6447,6.6452,0.999746,0.999980,1.8849
RSSCN7,Parking,2623.jpg,2.0002,52.99,0.9987,6.6450,6.6454,0.999753,0.999981,0.5399
RSSCN7,Parking,2624.jpg,2.0037,52.58,0.9989,6.9298,6.9304,0.999820,0.999979,1.6406
RSSCN7,Parking,2625.jpg,1.9997,52.73,0.9990,6.9154,6.9158,0.999813,0.999984,2.4416
RSSCN7,Parking,2626.jpg,2.0032,52.90,0.9990,6.7659,6.7662,0.999788,0.999985,1.4277
RSSCN7,Parking,2627.jpg,1.9979,52.44,0.9988,6.7272,6.7275,0.999756,0.999988,2.3295
RSSCN7,Parking,2628.jpg,1.9917,53.04,0.9989,7.0031,7.0033,0.999867,0.999990,1.8877
RSSCN7,Parking,2629.jpg,1.9925,53.13,0.9989,7.0868,7.0871,0.999874,0.999991,1.1283
RSSCN7,Parking,2630.jpg,2.0002,52.75,0.9990,7.3400,7.3405,0.999930,0.999991,0.8141
RSSCN7,Parking,2631.jpg,2.0038,54.42,0.9991,6.9329,6.9332,0.999889,0.999990,1.7895
RSSCN7,Parking,2632.jpg,1.9953,54.56,0.9991,6.5776,6.5782,0.999851,0.999990,1.5974
RSSCN7,Parking,2633.jpg,1.9951,53.63,0.9991,6.8057,6.8060,0.999848,0.999986,0.1434
RSSCN7,Parking,2634.jpg,1.9999,53.66,0.9988,6.8748,6.8752,0.999907,0.999983,1.5355
RSSCN7,Parking,2635.jpg,1.9971,53.37,0.9989,6.7040,6.7045,0.999808,0.999980,1.7243
RSSCN7,Parking,2636.jpg,2.0051,55.34,0.9993,6.4967,6.4971,0.999893,0.999991,3.3604
RSSCN7,Parking,2637.jpg,2.0012,53.02,0.9990,7.3147,7.3153,0.999917,0.999989,3.0116
RSSCN7,Parking,2638.jpg,2.0037,54.17,0.9992,7.2863,7.2867,0.999931,0.999992,2.8391
RSSCN7,Parking,2639.jpg,2.0049,53.97,0.9991,7.2298,7.2302,0.999921,0.999993,2.6935
RSSCN7,Parking,2640.jpg,2.0019,53.12,0.9991,7.3201,7.3205,0.999946,0.999990,2.4347
RSSCN7,Parking,2641.jpg,1.9980,52.88,0.9990,7.3246,7.3247,0.999927,0.999991,0.7322
RSSCN7,Parking,2642.jpg,2.0058,52.56,0.9992,7.5186,7.5182,0.999940,0.999993,0.0813
RSSCN7,Parking,2643.jpg,2.0024,52.96,0.9990,7.1075,7.1072,0.999920,0.999993,2.4442
RSSCN7,Parking,2644.jpg,1.9963,53.05,0.9990,6.9938,6.9937,0.999921,0.999993,1.8401
RSSCN7,Parking,2645.jpg,1.9966,52.64,0.9991,6.9898,6.9901,0.999828,0.999992,0.5089
RSSCN7,Parking,2646.jpg,1.9962,52.95,0.9990,7.1542,7.1547,0.999885,0.999991,2.0149
RSSCN7,Parking,2647.jpg,1.9991,52.80,0.9990,7.2589,7.2589,0.999927,0.999993,4.1579
RSSCN7,Parking,2648.jpg,1.9989,52.44,0.9989,6.8239,6.8246,0.999888,0.999983,2.1996
RSSCN7,Parking,2649.jpg,2.0052,54.28,0.9989,6.4443,6.4454,0.999874,0.999995,1.7280
RSSCN7,Parking,2650.jpg,1.9934,54.18,0.9989,6.5205,6.5221,0.999902,0.999995,1.2188
RSSCN7,Parking,2651.jpg,2.0062,53.90,0.9991,6.9935,6.9942,0.999924,0.999994,2.1398
RSSCN7,Parking,2652.jpg,2.0056,54.98,0.9992,6.8255,6.8257,0.999970,0.999997,1.8644
RSSCN7,Parking,2653.jpg,1.9929,53.07,0.9989,7.1714,7.1716,0.999926,0.999991,0.7103
RSSCN7,Parking,2654.jpg,2.0066,52.53,0.9991,7.6068,7.6067,0.999930,0.999991,2.8024
RSSCN7,Parking,2655.jpg,1.9974,53.07,0.9991,7.5773,7.5773,0.999950,0.999994,0.4553
RSSCN7,Parking,2656.jpg,1.9954,52.88,0.9990,7.4045,7.4042,0.999952,0.999992,1.0764
RSSCN7,Parking,2657.jpg,1.9985,53.59,0.9991,7.5190,7.5190,0.999965,0.999996,0.0732
RSSCN7,Parking,2658.jpg,1.9965,52.68,0.9991,7.6109,7.6114,0.999946,0.999992,1.9095
RSSCN7,Parking,2659.jpg,2.0012,52.26,0.9991,7.2167,7.2170,0.999874,0.999987,1.5859
RSSCN7,Parking,2660.jpg,2.0012,52.69,0.9988,7.0485,7.0489,0.999887,0.999985,0.7135
RSSCN7,Parking,2661.jpg,2.0028,52.49,0.9989,7.3258,7.3265,0.999910,0.999989,2.8581
RSSCN7,Parking,2662.jpg,1.9992,52.84,0.9990,7.4246,7.4247,0.999927,0.999990,1.4048
RSSCN7,Parking,2663.jpg,1.9985,53.08,0.9990,7.1783,7.1787,0.999895,0.999989,0.9630
RSSCN7,Parking,2664.jpg,2.0077,52.56,0.9990,7.4723,7.4727,0.999910,0.999992,1.2554
RSSCN7,Parking,2665.jpg,2.0032,52.65,0.9991,7.4818,7.4819,0.999929,0.999992,0.4140
RSSCN7,Parking,2666.jpg,1.9931,52.31,0.9991,7.4459,7.4464,0.999913,0.999992,1.0621
RSSCN7,Parking,2667.jpg,2.0031,52.15,0.9990,7.3852,7.3855,0.999886,0.999988,1.9207
RSSCN7,Parking,2668.jpg,2.0011,52.58,0.9990,7.3939,7.3941,0.999897,0.999990,2.1289
RSSCN7,Parking,2669.jpg,1.9942,51.94,0.9993,7.4323,7.4327,0.999894,0.999987,1.7984
RSSCN7,Parking,2670.jpg,1.9994,52.22,0.9990,7.5284,7.5287,0.999909,0.999989,0.4972
RSSCN7,Parking,2671.jpg,1.9980,53.30,0.9989,6.8054,6.8061,0.999860,0.999991,1.8035
RSSCN7,Parking,2672.jpg,2.0057,53.45,0.9990,6.2465,6.2474,0.999667,0.999993,0.5370
RSSCN7,Parking,2673.jpg,2.0011,52.94,0.9991,6.7138,6.7142,0.999784,0.999991,0.9919
RSSCN7,Parking,2674.jpg,2.0000,53.89,0.9992,6.7436,6.7440,0.999842,0.999994,3.0182
RSSCN7,Parking,2675.jpg,1.9941,53.34,0.9990,6.6619,6.6623,0.999789,0.999992,2.1285
RSSCN7,Parking,2676.jpg,1.9933,53.12,0.9990,6.6975,6.6986,0.999868,0.999992,1.4843
RSSCN7,Parking,2677.jpg,1.9912,53.04,0.9990,6.9578,6.9581,0.999855,0.999989,0.4298
RSSCN7,Parking,2678.jpg,2.0050,53.47,0.9989,6.6321,6.6326,0.999844,0.999986,3.3100
RSSCN7,Parking,2679.jpg,2.0059,52.65,0.9991,6.6972,6.6977,0.999757,0.999982,1.6753
RSSCN7,Parking,2680.jpg,2.0016,53.46,0.9988,7.1179,7.1182,0.999890,0.999988,1.4797
RSSCN7,Parking,2681.jpg,1.9988,52.97,0.9989,6.9446,6.9450,0.999855,0.999988,0.8016
RSSCN7,Parking,2682.jpg,2.0026,53.22,0.9989,6.9937,6.9941,0.999858,0.999988,3.1542
RSSCN7,Parking,2683.jpg,2.0048,54.16,0.9989,7.0130,7.0133,0.999890,0.999989,2.0599
RSSCN7,Parking,2684.jpg,2.0070,55.11,0.9991,6.8784,6.8789,0.999906,0.999992,0.9203
RSSCN7,Parking,2685.jpg,2.0009,54.14,0.9989,6.9683,6.9686,0.999880,0.999987,0.6594
RSSCN7,Parking,2686.jpg,1.9997,53.24,0.9988,6.7687,6.7690,0.999832,0.999985,1.7163
RSSCN7,Parking,2687.jpg,2.0066,53.26,0.9989,7.0743,7.0749,0.999894,0.999989,0.0529
RSSCN7,Parking,2688.jpg,1.9992,53.59,0.9987,6.5211,6.5220,0.999785,0.999989,0.2966
RSSCN7,Parking,2689.jpg,1.9995,52.95,0.9990,7.4476,7.4481,0.999940,0.999992,1.2041
RSSCN7,Parking,2690.jpg,1.9962,53.37,0.9989,6.8413,6.8419,0.999869,0.999989,1.8397
RSSCN7,Parking,2691.jpg,1.9954,53.15,0.9989,7.1990,7.1993,0.999897,0.999990,1.2567
RSSCN7,Parking,2692.jpg,2.0068,54.23,0.9992,7.1354,7.1365,0.999975,0.999993,2.1559
RSSCN7,Parking,2693.jpg,1.9911,53.14,0.9990,7.3524,7.3527,0.999908,0.999990,0.3270
RSSCN7,Parking,2694.jpg,1.9956,53.82,0.9989,6.8524,6.8527,0.999927,0.999988,3.2416
RSSCN7,Parking,2695.jpg,2.0069,54.45,0.9992,6.4885,6.4890,0.999828,0.999990,1.6946
RSSCN7,Parking,2696.jpg,1.9964,54.23,0.9988,6.1673,6.1686,0.999802,0.999990,2.4242
RSSCN7,Parking,2697.jpg,1.9938,52.29,0.9991,6.5189,6.5194,0.999736,0.999986,1.8313
RSSCN7,Parking,2698.jpg,1.9997,54.11,0.9988,5.7567,5.7586,0.999826,0.999989,1.6880
RSSCN7,Parking,2699.jpg,2.0055,54.92,0.9993,6.1329,6.1339,0.999866,0.999990,0.5676
RSSCN7,Parking,2700.jpg,2.0007,56.40,0.9994,5.6290,5.6299,0.999796,0.999993,1.0428
RSSCN7,Parking,2701.jpg,1.9951,54.63,0.9991,6.6044,6.6049,0.999819,0.999992,1.0024
RSSCN7,Parking,2702.jpg,2.0043,53.75,0.9988,7.0143,7.0145,0.999910,0.999987,1.3497
RSSCN7,Parking,2703.jpg,2.0040,54.45,0.9990,6.5427,6.5431,0.999864,0.999984,2.7940
RSSCN7,Parking,2704.jpg,2.0014,52.93,0.9989,7.0818,7.0819,0.999853,0.999986,1.6019
RSSCN7,Parking,2705.jpg,1.9985,52.64,0.9989,7.2294,7.2299,0.999890,0.999989,0.8830
RSSCN7,Parking,2706.jpg,2.0018,52.35,0.9990,7.2670,7.2676,0.999882,0.999987,2.5364
RSSCN7,Parking,2707.jpg,2.0014,54.66,0.9990,6.8279,6.8282,0.999905,0.999987,1.2630
RSSCN7,Parking,2708.jpg,2.0001,52.66,0.9987,6.9145,6.9149,0.999809,0.999983,0.8188
RSSCN7,Parking,2709.jpg,1.9886,53.20,0.9992,7.4204,7.4206,0.999924,0.999990,0.7806
RSSCN7,Parking,2710.jpg,1.9876,53.91,0.9994,7.1197,7.1202,0.999957,0.999989,1.3448
RSSCN7,Parking,2711.jpg,1.9996,52.65,0.9992,7.5439,7.5438,0.999948,0.999993,2.9619
RSSCN7,Parking,2712.jpg,1.9996,52.95,0.9991,7.4454,7.4453,0.999947,0.999994,1.9152
RSSCN7,Parking,2713.jpg,1.9937,52.84,0.9989,7.2944,7.2946,0.999918,0.999992,1.9639
RSSCN7,Parking,2714.jpg,1.9914,52.94,0.9988,7.2512,7.2514,0.999903,0.999989,1.8486
RSSCN7,Parking,2715.jpg,2.0045,53.55,0.9993,7.2974,7.2980,0.999930,0.999993,0.7147
RSSCN7,Parking,2716.jpg,1.9942,53.50,0.9993,7.3104,7.3106,0.999938,0.999994,1.2787
RSSCN7,Parking,2717.jpg,1.9972,52.31,0.9989,7.5306,7.5310,0.999921,0.999989,3.2342
RSSCN7,Parking,2718.jpg,2.0025,52.89,0.9991,7.4129,7.4132,0.999921,0.999989,0.5639
RSSCN7,Parking,2719.jpg,1.9958,52.54,0.9992,7.3733,7.3733,0.999906,0.999988,3.0972
RSSCN7,Parking,2720.jpg,1.9956,52.06,0.9990,7.3724,7.3727,0.999883,0.999989,1.5201
RSSCN7,Parking,2721.jpg,2.0073,52.61,0.9992,7.3105,7.3094,0.999944,0.999993,1.1746
RSSCN7,Parking,2722.jpg,2.0009,52.40,0.9990,7.5105,7.5110,0.999921,0.999991,0.3384
RSSCN7,Parking,2723.jpg,2.0016,52.59,0.9989,7.4194,7.4200,0.999921,0.999990,0.0228
RSSCN7,Parking,2724.jpg,1.9956,52.57,0.9989,7.0702,7.0705,0.999852,0.999988,3.3197
RSSCN7,Parking,2725.jpg,1.9961,52.87,0.9990,7.6338,7.6338,0.999957,0.999994,0.7954
RSSCN7,Parking,2726.jpg,1.9956,53.60,0.9988,6.7725,6.7732,0.999840,0.999993,2.7904
RSSCN7,Parking,2727.jpg,2.0047,53.66,0.9988,6.6719,6.6723,0.999814,0.999993,2.6527
RSSCN7,Parking,2728.jpg,1.9952,53.05,0.9989,7.0028,7.0035,0.999878,0.999989,2.3320
RSSCN7,Parking,2729.jpg,2.0007,52.92,0.9986,6.4858,6.4862,0.999672,0.999982,2.1493
RSSCN7,Parking,2730.jpg,1.9969,52.59,0.9987,7.0543,7.0546,0.999838,0.999985,2.7834
RSSCN7,Parking,2731.jpg,1.9993,53.01,0.9985,6.9071,6.9075,0.999832,0.999981,1.8809
RSSCN7,Parking,2732.jpg,2.0050,52.63,0.9988,7.3449,7.3457,0.999910,0.999987,2.4336
RSSCN7,Parking,2733.jpg,2.0131,54.10,0.9991,7.0281,7.0287,0.999923,0.999990,0.5905
RSSCN7,Parking,2734.jpg,1.9963,53.82,0.9989,6.6502,6.6503,0.999879,0.999985,2.0828
RSSCN7,Parking,2735.jpg,1.9963,52.67,0.9989,7.1558,7.1559,0.999876,0.999984,2.6759
RSSCN7,Parking,2736.jpg,1.9982,52.79,0.9988,6.8634,6.8642,0.999853,0.999987,1.5028
RSSCN7,Parking,2737.jpg,1.9989,52.52,0.9988,6.8738,6.8742,0.999791,0.999985,0.6633
RSSCN7,Parking,2738.jpg,2.0070,52.82,0.9988,7.2724,7.2727,0.999905,0.999988,1.5416
RSSCN7,Parking,2739.jpg,2.0055,52.51,0.9988,7.1469,7.1473,0.999879,0.999990,1.9198
RSSCN7,Parking,2740.jpg,1.9999,53.46,0.9988,6.6463,6.6467,0.999830,0.999988,1.8833
RSSCN7,Parking,2741.jpg,2.0020,52.97,0.9989,7.0889,7.0891,0.999876,0.999991,1.9712
RSSCN7,Parking,2742.jpg,1.9984,52.67,0.9989,7.0259,7.0260,0.999834,0.999990,2.1678
RSSCN7,Parking,2743.jpg,2.0124,53.09,0.9990,6.9084,6.9085,0.999845,0.999989,2.3430
RSSCN7,Parking,2744.jpg,1.9938,52.97,0.9989,6.9153,6.9154,0.999841,0.999989,0.0239
RSSCN7,Parking,2745.jpg,1.9984,52.71,0.9989,7.1288,7.1290,0.999878,0.999987,3.1099
RSSCN7,Parking,2746.jpg,1.9996,53.43,0.9991,7.2025,7.2032,0.999952,0.999986,3.5071
RSSCN7,Parking,2747.jpg,1.9963,54.03,0.9989,6.7305,6.7307,0.999861,0.999989,0.6124
RSSCN7,Parking,2748.jpg,1.9946,52.57,0.9988,7.2604,7.2608,0.999916,0.999988,1.5927
RSSCN7,Parking,2749.jpg,1.9965,52.80,0.9989,7.1126,7.1132,0.999905,0.999989,4.5786
RSSCN7,Parking,2750.jpg,2.0039,52.31,0.9988,7.0424,7.0426,0.999873,0.999984,1.9213
RSSCN7,Parking,2751.jpg,1.9861,53.22,0.9989,6.8052,6.8058,0.999907,0.999989,1.0491
RSSCN7,Parking,2752.jpg,2.0049,53.26,0.9989,6.8302,6.8310,0.999923,0.999989,1.6608
RSSCN7,Parking,2753.jpg,2.0024,52.88,0.9989,6.9804,6.9810,0.999908,0.999986,0.7657
RSSCN7,Parking,2754.jpg,1.9938,53.80,0.9990,6.4806,6.4811,0.999820,0.999987,0.2064
RSSCN7,Parking,2755.jpg,2.0072,52.85,0.9989,6.8515,6.8518,0.999793,0.999987,0.4709
RSSCN7,Parking,2756.jpg,1.9961,53.55,0.9988,6.7235,6.7238,0.999796,0.999986,2.7189
RSSCN7,Parking,2757.jpg,1.9991,54.23,0.9988,6.1484,6.1490,0.999631,0.999975,1.9629
RSSCN7,Parking,2758.jpg,1.9938,52.97,0.9989,6.8415,6.8418,0.999850,0.999983,2.1301
RSSCN7,Parking,2759.jpg,1.9986,52.32,0.9991,7.4835,7.4839,0.999907,0.999987,0.7470
RSSCN7,Parking,2760.jpg,1.9916,52.59,0.9991,7.2558,7.2560,0.999875,0.999989,0.9986
RSSCN7,Parking,2761.jpg,2.0020,53.29,0.9988,6.7892,6.7900,0.999846,0.999986,0.3925
RSSCN7,Parking,2762.jpg,1.9980,52.54,0.9988,7.0031,7.0034,0.999858,0.999988,2.3910
RSSCN7,Parking,2763.jpg,2.0088,52.45,0.9988,6.9462,6.9465,0.999848,0.999986,0.0610
RSSCN7,Parking,2764.jpg,1.9974,52.76,0.9989,6.8539,6.8542,0.999832,0.999985,3.1210
RSSCN7,Parking,2765.jpg,2.0087,52.81,0.9989,6.9069,6.9075,0.999822,0.999987,2.7876
RSSCN7,Parking,2766.jpg,2.0005,52.79,0.9988,6.8720,6.8724,0.999873,0.999989,1.2687
RSSCN7,Parking,2767.jpg,2.0061,52.50,0.9989,7.0418,7.0420,0.999889,0.999989,0.3231
RSSCN7,Parking,2768.jpg,1.9984,54.03,0.9989,6.8245,6.8251,0.999903,0.999991,2.5508
RSSCN7,Parking,2769.jpg,2.0034,52.77,0.9990,7.3350,7.3357,0.999938,0.999993,2.6574
RSSCN7,Parking,2770.jpg,2.0056,52.91,0.9988,6.8481,6.8483,0.999809,0.999986,1.7074
RSSCN7,Parking,2771.jpg,2.0046,52.72,0.9985,7.1968,7.1971,0.999906,0.999984,1.9778
RSSCN7,Parking,2772.jpg,1.9975,52.43,0.9987,7.3306,7.3310,0.999915,0.999987,0.7533
RSSCN7,Parking,2773.jpg,2.0062,52.53,0.9987,7.2030,7.2033,0.999870,0.999985,2.3948
RSSCN7,Parking,2774.jpg,1.9967,52.48,0.9987,7.1699,7.1703,0.999895,0.999987,1.3046
RSSCN7,Parking,2775.jpg,1.9976,52.13,0.9988,7.0970,7.0974,0.999852,0.999982,2.4709
RSSCN7,Parking,2776.jpg,2.0047,52.59,0.9988,7.0782,7.0783,0.999851,0.999984,0.3981
RSSCN7,Parking,2777.jpg,1.9981,52.81,0.9988,7.0775,7.0779,0.999882,0.999986,1.4669
RSSCN7,Parking,2778.jpg,2.0095,52.46,0.9988,6.9759,6.9762,0.999836,0.999982,2.5139
RSSCN7,Parking,2779.jpg,1.9977,52.47,0.9987,7.1662,7.1663,0.999904,0.999986,1.7228
RSSCN7,Parking,2780.jpg,1.9987,53.25,0.9987,6.7124,6.7130,0.999830,0.999984,2.6493
RSSCN7,Parking,2781.jpg,2.0029,52.45,0.9987,6.8738,6.8742,0.999799,0.999981,1.8441
RSSCN7,Parking,2782.jpg,1.9987,53.21,0.9988,6.9308,6.9322,0.999911,0.999986,0.8311
RSSCN7,Parking,2783.jpg,2.0064,53.35,0.9987,6.8106,6.8111,0.999861,0.999983,0.4023
RSSCN7,Parking,2784.jpg,1.9914,52.69,0.9988,7.0576,7.0580,0.999896,0.999987,2.3301
RSSCN7,Parking,2785.jpg,2.0019,52.58,0.9987,6.6752,6.6756,0.999819,0.999980,2.0603
RSSCN7,Parking,2786.jpg,1.9940,53.61,0.9989,6.9118,6.9123,0.999879,0.999989,1.3725
RSSCN7,Parking,2787.jpg,1.9981,52.86,0.9988,7.1054,7.1055,0.999874,0.999986,3.4933
RSSCN7,Parking,2788.jpg,2.0015,54.85,0.9992,6.5289,6.5295,0.999900,0.999991,2.2896
RSSCN7,Parking,2789.jpg,2.0024,52.88,0.9989,7.2236,7.2241,0.999910,0.999990,1.9104
RSSCN7,Parking,2790.jpg,2.0036,52.89,0.9987,7.1491,7.1495,0.999908,0.999986,1.6352
RSSCN7,Parking,2791.jpg,1.9927,52.77,0.9986,7.0868,7.0875,0.999917,0.999986,2.2289
RSSCN7,Parking,2792.jpg,1.9985,52.46,0.9987,7.2409,7.2414,0.999893,0.999986,0.5207
RSSCN7,Parking,2793.jpg,1.9974,52.30,0.9987,7.1174,7.1178,0.999880,0.999981,1.9798
RSSCN7,Parking,2794.jpg,1.9894,53.17,0.9988,6.9610,6.9613,0.999866,0.999984,2.4812
RSSCN7,Parking,2795.jpg,2.0016,52.34,0.9989,7.0188,7.0190,0.999822,0.999987,3.5649
RSSCN7,Parking,2796.jpg,1.9998,52.82,0.9988,6.8873,6.8879,0.999875,0.999988,1.3680
RSSCN7,Parking,2797.jpg,2.0016,53.00,0.9988,6.8760,6.8765,0.999841,0.999989,0.0582
RSSCN7,Parking,2798.jpg,2.0043,52.84,0.9987,6.9421,6.9426,0.999896,0.999987,3.0131
RSSCN7,Parking,2799.jpg,2.0089,53.06,0.9987,6.9394,6.9398,0.999896,0.999987,1.0203
RSSCN7,Parking,2800.jpg,2.0039,52.99,0.9987,6.9463,6.9466,0.999877,0.999987,4.5224
RSSCN7,Resident,2001.jpg,1.9993,53.25,0.9992,7.5597,7.5600,0.999935,0.999992,2.3902
RSSCN7,Resident,2002.jpg,2.0004,52.70,0.9990,7.6890,7.6893,0.999940,0.999992,3.0761
RSSCN7,Resident,2003.jpg,2.0069,52.78,0.9990,7.5497,7.5499,0.999930,0.999992,2.8068
RSSCN7,Resident,2004.jpg,2.0097,53.13,0.9991,7.5664,7.5666,0.999932,0.999991,2.6565
RSSCN7,Resident,2005.jpg,2.0059,53.14,0.9990,7.4191,7.4193,0.999919,0.999993,0.1077
RSSCN7,Resident,2006.jpg,1.9893,52.85,0.9990,7.2795,7.2802,0.999939,0.999981,1.5025
RSSCN7,Resident,2007.jpg,1.9940,53.00,0.9990,7.1234,7.1239,0.999924,0.999980,2.5914
RSSCN7,Resident,2008.jpg,1.9965,52.85,0.9987,7.2055,7.2059,0.999900,0.999979,0.4069
RSSCN7,Resident,2009.jpg,2.0016,52.52,0.9988,7.4006,7.4010,0.999915,0.999989,2.6705
RSSCN7,Resident,2010.jpg,2.0054,53.85,0.9993,7.7571,7.7578,0.999972,0.999995,1.6445
RSSCN7,Resident,2011.jpg,2.0106,53.59,0.9993,7.7425,7.7432,0.999972,0.999995,1.0332
RSSCN7,Resident,2012.jpg,1.9958,52.85,0.9992,7.6562,7.6567,0.999945,0.999989,1.0934
RSSCN7,Resident,2013.jpg,1.9939,52.38,0.9991,7.8068,7.8071,0.999954,0.999987,0.3569
RSSCN7,Resident,2014.jpg,2.0024,53.15,0.9992,7.6660,7.6665,0.999945,0.999990,1.8139
RSSCN7,Resident,2015.jpg,2.0065,53.44,0.9993,7.6779,7.6782,0.999950,0.999992,1.5556
RSSCN7,Resident,2016.jpg,2.0005,53.83,0.9992,7.5431,7.5433,0.999946,0.999992,2.4196
RSSCN7,Resident,2017.jpg,2.0057,53.90,0.9992,7.5143,7.5143,0.999942,0.999992,1.7919
RSSCN7,Resident,2018.jpg,2.0047,55.06,0.9993,7.1474,7.1477,0.999947,0.999995,2.2893
RSSCN7,Resident,2019.jpg,1.9933,53.52,0.9992,7.4320,7.4321,0.999925,0.999990,3.1206
RSSCN7,Resident,2020.jpg,1.9926,53.29,0.9992,7.5807,7.5812,0.999949,0.999994,0.2477
RSSCN7,Resident,2021.jpg,1.9970,53.42,0.9992,7.5106,7.5108,0.999938,0.999994,1.4012
RSSCN7,Resident,2022.jpg,2.0059,54.03,0.9992,7.4970,7.4973,0.999937,0.999991,2.0373
RSSCN7,Resident,2023.jpg,1.9967,53.45,0.9991,7.5696,7.5699,0.999936,0.999990,3.0475
RSSCN7,Resident,2024.jpg,1.9934,53.47,0.9991,7.5086,7.5090,0.999939,0.999989,1.8486
RSSCN7,Resident,2025.jpg,1.9994,53.35,0.9990,7.5054,7.5058,0.999940,0.999990,1.7800
RSSCN7,Resident,2026.jpg,2.0095,54.11,0.9990,7.1297,7.1300,0.999912,0.999988,0.7344
RSSCN7,Resident,2027.jpg,1.9895,53.78,0.9990,7.2912,7.2916,0.999925,0.999991,0.6440
RSSCN7,Resident,2028.jpg,1.9986,53.74,0.9990,7.2991,7.2993,0.999926,0.999992,2.7679
RSSCN7,Resident,2029.jpg,2.0017,53.58,0.9989,7.3868,7.3873,0.999934,0.999988,0.6184
RSSCN7,Resident,2030.jpg,1.9928,53.71,0.9990,7.3614,7.3618,0.999935,0.999991,1.8453
RSSCN7,Resident,2031.jpg,2.0092,54.13,0.9992,7.4219,7.4223,0.999941,0.999993,1.5944
RSSCN7,Resident,2032.jpg,1.9995,53.72,0.9991,7.2973,7.2982,0.999940,0.999993,2.4298
RSSCN7,Resident,2033.jpg,2.0052,53.71,0.9992,7.5407,7.5413,0.999948,0.999992,1.8112
RSSCN7,Resident,2034.jpg,1.9943,54.04,0.9989,7.1478,7.1481,0.999931,0.999991,0.7830
RSSCN7,Resident,2035.jpg,2.0092,54.39,0.9992,7.1267,7.1269,0.999922,0.999992,0.7746
RSSCN7,Resident,2036.jpg,1.9955,53.81,0.9988,7.2756,7.2760,0.999932,0.999989,2.2002
RSSCN7,Resident,2037.jpg,1.9894,54.63,0.9991,7.0547,7.0549,0.999911,0.999993,1.6097
RSSCN7,Resident,2038.jpg,1.9970,54.38,0.9990,7.0547,7.0552,0.999899,0.999992,1.5593
RSSCN7,Resident,2039.jpg,2.0002,53.07,0.9992,7.5211,7.5214,0.999936,0.999993,1.3413
RSSCN7,Resident,2040.jpg,1.9959,52.84,0.9992,7.6034,7.6040,0.999943,0.999992,2.6535
RSSCN7,Resident,2041.jpg,2.0036,53.13,0.9993,7.6830,7.6834,0.999947,0.999992,1.0077
RSSCN7,Resident,2042.jpg,2.0035,52.74,0.9992,7.6176,7.6180,0.999933,0.999990,1.0425
RSSCN7,Resident,2043.jpg,2.0047,54.12,0.9993,7.3923,7.3929,0.999949,0.999993,2.1559
RSSCN7,Resident,2044.jpg,2.0017,53.52,0.9993,7.4691,7.4696,0.999943,0.999992,2.8405
RSSCN7,Resident,2045.jpg,1.9947,53.36,0.9992,7.6204,7.6206,0.999941,0.999993,2.4598
RSSCN7,Resident,2046.jpg,2.0022,54.45,0.9993,7.3780,7.3784,0.999946,0.999991,0.9902
RSSCN7,Resident,2047.jpg,2.0037,53.96,0.9992,7.2840,7.2845,0.999951,0.999992,1.3452
RSSCN7,Resident,2048.jpg,1.9966,54.25,0.9991,7.3569,7.3574,0.999947,0.999993,1.9157
RSSCN7,Resident,2049.jpg,1.9938,54.48,0.9992,7.3690,7.3697,0.999955,0.999994,1.8022
RSSCN7,Resident,2050.jpg,2.0052,54.27,0.9992,7.4886,7.4893,0.999953,0.999994,2.5747
RSSCN7,Resident,2051.jpg,2.0030,55.36,0.9994,7.0973,7.0979,0.999956,0.999995,2.8017
RSSCN7,Resident,2052.jpg,1.9999,54.30,0.9992,7.3577,7.3584,0.999946,0.999993,1.1402
RSSCN7,Resident,2053.jpg,1.9933,54.01,0.9993,7.7334,7.7336,0.999958,0.999994,1.5983
RSSCN7,Resident,2054.jpg,2.0004,54.76,0.9994,7.5053,7.5056,0.999958,0.999995,1.0889
RSSCN7,Resident,2055.jpg,2.0035,54.16,0.9992,7.4449,7.4455,0.999951,0.999995,2.0686
RSSCN7,Resident,2056.jpg,1.9951,54.58,0.9993,7.5044,7.5047,0.999952,0.999994,1.5709
RSSCN7,Resident,2057.jpg,1.9916,52.90,0.9991,7.6218,7.6225,0.999947,0.999993,2.4528
RSSCN7,Resident,2058.jpg,2.0030,52.97,0.9992,7.6092,7.6098,0.999944,0.999993,3.0214
RSSCN7,Resident,2059.jpg,2.0025,52.87,0.9991,7.6953,7.6958,0.999943,0.999992,1.9779
RSSCN7,Resident,2060.jpg,1.9983,52.82,0.9991,7.6930,7.6936,0.999941,0.999991,0.8715
RSSCN7,Resident,2061.jpg,2.0001,53.40,0.9991,7.5299,7.5302,0.999935,0.999990,1.0209
RSSCN7,Resident,2062.jpg,2.0049,52.96,0.9991,7.6859,7.6864,0.999946,0.999990,0.8375
RSSCN7,Resident,2063.jpg,2.0023,53.27,0.9992,7.5618,7.5623,0.999941,0.999990,2.1680
RSSCN7,Resident,2064.jpg,2.0023,52.98,0.9991,7.6555,7.6560,0.999945,0.999989,0.1981
RSSCN7,Resident,2065.jpg,1.9912,53.17,0.9991,7.4511,7.4511,0.999928,0.999989,1.5429
RSSCN7,Resident,2066.jpg,2.0059,53.06,0.9992,7.5971,7.5976,0.999942,0.999990,3.3303
RSSCN7,Resident,2067.jpg,1.9961,52.98,0.9992,7.6735,7.6737,0.999942,0.999992,0.9252
RSSCN7,Resident,2068.jpg,2.0023,53.67,0.9991,7.3972,7.3976,0.999934,0.999994,1.8260
RSSCN7,Resident,2069.jpg,1.9965,53.53,0.9991,7.4059,7.4062,0.999932,0.999993,1.3933
RSSCN7,Resident,2070.jpg,1.9915,53.64,0.9991,7.4038,7.4040,0.999926,0.999993,3.1840
RSSCN7,Resident,2071.jpg,2.0055,53.41,0.9991,7.4125,7.4129,0.999923,0.999993,0.4126
RSSCN7,Resident,2072.jpg,2.0013,53.36,0.9990,7.4202,7.4206,0.999930,0.999993,4.0050
RSSCN7,Resident,2073.jpg,1.9959,53.42,0.9991,7.4585,7.4586,0.999941,0.999993,1.9528
RSSCN7,Resident,2074.jpg,1.9920,53.41,0.9991,7.2984,7.2988,0.999911,0.999993,0.0824
RSSCN7,Resident,2075.jpg,1.9988,53.49,0.9989,7.1188,7.1193,0.999894,0.999989,2.7707
RSSCN7,Resident,2076.jpg,2.0039,53.66,0.9989,7.0834,7.0837,0.999901,0.999990,2.3765
RSSCN7,Resident,2077.jpg,1.9920,54.19,0.9989,7.1028,7.1032,0.999908,0.999990,1.6205
RSSCN7,Resident,2078.jpg,2.0060,53.55,0.9991,7.5027,7.5032,0.999935,0.999993,0.4591
RSSCN7,Resident,2079.jpg,1.9996,53.67,0.9993,7.0105,7.0109,0.999917,0.999991,1.7291
RSSCN7,Resident,2080.jpg,2.0007,53.48,0.9992,6.9217,6.9223,0.999903,0.999990,3.1157
RSSCN7,Resident,2081.jpg,2.0004,54.06,0.9991,7.1797,7.1800,0.999920,0.999993,1.0131
RSSCN7,Resident,2082.jpg,1.9994,54.12,0.9991,7.3956,7.3959,0.999933,0.999994,1.8537
RSSCN7,Resident,2083.jpg,2.0006,53.91,0.9991,7.3104,7.3106,0.999921,0.999993,0.7367
RSSCN7,Resident,2084.jpg,1.9980,53.89,0.9992,7.2362,7.2364,0.999915,0.999995,2.3387
RSSCN7,Resident,2085.jpg,2.0004,52.63,0.9990,7.5303,7.5305,0.999937,0.999988,1.8688
RSSCN7,Resident,2086.jpg,2.0042,52.73,0.9989,7.5163,7.5166,0.999937,0.999987,1.1870
RSSCN7,Resident,2087.jpg,2.0082,52.74,0.9990,7.5356,7.5360,0.999936,0.999989,2.3075
RSSCN7,Resident,2088.jpg,2.0032,52.48,0.9991,7.6008,7.6011,0.999936,0.999988,1.7301
RSSCN7,Resident,2089.jpg,1.9954,52.87,0.9989,7.5162,7.5166,0.999931,0.999990,0.9537
RSSCN7,Resident,2090.jpg,2.0038,53.62,0.9990,6.9400,6.9404,0.999888,0.999991,1.5182
RSSCN7,Resident,2091.jpg,2.0009,53.20,0.9991,7.1123,7.1129,0.999892,0.999992,0.4655
RSSCN7,Resident,2092.jpg,1.9970,52.85,0.9988,7.2541,7.2543,0.999929,0.999989,2.1596
RSSCN7,Resident,2093.jpg,1.9967,53.19,0.9992,7.2193,7.2195,0.999889,0.999985,3.2731
RSSCN7,Resident,2094.jpg,2.0001,53.25,0.9990,7.1097,7.1102,0.999893,0.999983,2.3478
RSSCN7,Resident,2095.jpg,2.0142,53.03,0.9989,6.4841,6.4849,0.999759,0.999969,1.0298
RSSCN7,Resident,2096.jpg,1.9906,54.63,0.9992,6.4328,6.4337,0.999849,0.999986,2.4313
RSSCN7,Resident,2097.jpg,2.0141,54.40,0.9992,7.0568,7.0572,0.999924,0.999995,1.0975
RSSCN7,Resident,2098.jpg,2.0031,52.52,0.9989,7.2862,7.2864,0.999878,0.999983,1.5596
RSSCN7,Resident,2099.jpg,2.0048,53.17,0.9993,7.5370,7.5373,0.999935,0.999994,2.4957
RSSCN7,Resident,2100.jpg,1.9997,52.92,0.9991,7.7220,7.7223,0.999952,0.999990,1.9434
RSSCN7,Resident,2101.jpg,2.0020,52.60,0.9990,7.2365,7.2367,0.999886,0.999992,2.7577
RSSCN7,Resident,2102.jpg,1.9998,52.54,0.9989,7.2927,7.2930,0.999892,0.999992,0.4316
RSSCN7,Resident,2103.jpg,1.9926,52.73,0.9989,7.1812,7.1816,0.999883,0.999992,2.9693
RSSCN7,Resident,2104.jpg,1.9974,52.36,0.9989,7.3081,7.3085,0.999889,0.999990,0.1462
RSSCN7,Resident,2105.jpg,1.9882,51.96,0.9991,7.4128,7.4132,0.999881,0.999988,1.8848
RSSCN7,Resident,2106.jpg,2.0003,52.03,0.9991,7.3903,7.3904,0.999881,0.999989,0.9910
RSSCN7,Resident,2107.jpg,2.0063,52.42,0.9990,7.4525,7.4528,0.999910,0.999990,2.8895
RSSCN7,Resident,2108.jpg,2.0021,52.64,0.9992,7.3208,7.3214,0.999904,0.999993,1.3826
RSSCN7,Resident,2109.jpg,1.9964,52.29,0.9986,6.9736,6.9738,0.999804,0.999985,2.8746
RSSCN7,Resident,2110.jpg,1.9956,52.29,0.9991,7.5288,7.5290,0.999914,0.999989,0.7721
RSSCN7,Resident,2111.jpg,2.0015,52.40,0.9991,7.4947,7.4948,0.999908,0.999991,1.7986
RSSCN7,Resident,2112.jpg,2.0013,52.15,0.9992,7.5882,7.5884,0.999922,0.999985,1.8021
RSSCN7,Resident,2113.jpg,1.9993,52.26,0.9992,7.6381,7.6383,0.999929,0.999985,0.7350
RSSCN7,Resident,2114.jpg,2.0011,52.76,0.9991,7.7600,7.7609,0.999954,0.999992,2.1510
RSSCN7,Resident,2115.jpg,2.0060,52.56,0.9991,7.7208,7.7219,0.999947,0.999992,0.6769
RSSCN7,Resident,2116.jpg,2.0067,52.48,0.9990,7.5914,7.5915,0.999920,0.999989,0.9763
RSSCN7,Resident,2117.jpg,1.9949,52.67,0.9991,7.4754,7.4757,0.999910,0.999989,0.6656
RSSCN7,Resident,2118.jpg,1.9944,52.44,0.9992,7.5755,7.5756,0.999921,0.999990,3.3319
RSSCN7,Resident,2119.jpg,2.0094,52.52,0.9992,7.5114,7.5116,0.999913,0.999990,1.4241
RSSCN7,Resident,2120.jpg,2.0021,52.18,0.9991,7.6086,7.6089,0.999929,0.999984,1.6371
RSSCN7,Resident,2121.jpg,1.9973,52.54,0.9993,7.7613,7.7617,0.999954,0.999992,0.5550
RSSCN7,Resident,2122.jpg,2.0003,52.31,0.9992,7.6795,7.6798,0.999944,0.999991,2.1870
RSSCN7,Resident,2123.jpg,1.9939,52.57,0.9994,7.6701,7.6704,0.999943,0.999990,2.6526
RSSCN7,Resident,2124.jpg,2.0111,52.12,0.9990,7.3736,7.3738,0.999884,0.999987,1.5649
RSSCN7,Resident,2125.jpg,2.0039,52.52,0.9993,7.6229,7.6231,0.999930,0.999991,0.2234
RSSCN7,Resident,2126.jpg,2.0086,52.33,0.9993,7.5876,7.5878,0.999925,0.999990,3.3064
RSSCN7,Resident,2127.jpg,2.0011,52.66,0.9993,7.6083,7.6095,0.999954,0.999994,0.3420
RSSCN7,Resident,2128.jpg,2.0000,52.56,0.9993,7.6426,7.6437,0.999954,0.999994,0.6859
RSSCN7,Resident,2129.jpg,2.0023,52.79,0.9993,7.6525,7.6540,0.999960,0.999994,1.8560
RSSCN7,Resident,2130.jpg,1.9997,52.63,0.9992,7.6088,7.6091,0.999931,0.999989,3.4646
RSSCN7,Resident,2131.jpg,2.0038,53.52,0.9992,7.2767,7.2771,0.999922,0.999995,0.1926
RSSCN7,Resident,2132.jpg,2.0043,52.19,0.9990,7.5119,7.5122,0.999913,0.999984,0.9636
RSSCN7,Resident,2133.jpg,2.0099,52.66,0.9989,7.1456,7.1461,0.999884,0.999990,1.2171
RSSCN7,Resident,2134.jpg,1.9964,52.73,0.9991,7.7271,7.7278,0.999946,0.999992,0.1061
RSSCN7,Resident,2135.jpg,2.0055,52.93,0.9990,7.1284,7.1287,0.999879,0.999986,0.9669
RSSCN7,Resident,2136.jpg,2.0040,52.60,0.9991,7.4055,7.4058,0.999909,0.999987,0.5260
RSSCN7,Resident,2137.jpg,2.0071,52.79,0.9991,7.1637,7.1639,0.999898,0.999987,0.7381
RSSCN7,Resident,2138.jpg,2.0049,52.56,0.9991,7.5177,7.5180,0.999939,0.999991,1.8939
RSSCN7,Resident,2139.jpg,2.0046,52.71,0.9993,7.6839,7.6851,0.999955,0.999994,1.8706
RSSCN7,Resident,2140.jpg,2.0025,52.66,0.9991,7.7889,7.7895,0.999953,0.999991,1.5982
RSSCN7,Resident,2141.jpg,2.0075,52.39,0.9992,7.6979,7.6986,0.999949,0.999993,1.9547
RSSCN7,Resident,2142.jpg,1.9910,52.41,0.9993,7.6185,7.6202,0.999952,0.999993,0.0064
RSSCN7,Resident,2143.jpg,1.9988,52.32,0.9993,7.6105,7.6118,0.999951,0.999993,0.2087
RSSCN7,Resident,2144.jpg,2.0044,52.61,0.9992,7.6496,7.6505,0.999951,0.999992,3.1345
RSSCN7,Resident,2145.jpg,2.0043,52.35,0.9991,7.6094,7.6096,0.999926,0.999987,0.8695
RSSCN7,Resident,2146.jpg,2.0011,52.60,0.9991,7.4532,7.4536,0.999923,0.999989,1.8647
RSSCN7,Resident,2147.jpg,2.0011,52.49,0.9991,7.5151,7.5154,0.999925,0.999988,1.9121
RSSCN7,Resident,2148.jpg,2.0002,52.33,0.9990,7.4585,7.4588,0.999908,0.999982,1.1081
RSSCN7,Resident,2149.jpg,2.0022,52.38,0.9991,7.5684,7.5690,0.999940,0.999987,2.3185
RSSCN7,Resident,2150.jpg,1.9988,52.47,0.9989,7.5096,7.5102,0.999952,0.999986,0.6665
RSSCN7,Resident,2151.jpg,1.9985,52.33,0.9991,7.7368,7.7371,0.999940,0.999987,2.4763
RSSCN7,Resident,2152.jpg,2.0043,52.22,0.9991,7.6810,7.6817,0.999941,0.999987,0.6164
RSSCN7,Resident,2153.jpg,2.0089,52.61,0.9991,7.8072,7.8076,0.999956,0.999991,0.1931
RSSCN7,Resident,2154.jpg,1.9994,52.16,0.9991,7.7384,7.7384,0.999935,0.999989,1.2699
RSSCN7,Resident,2155.jpg,1.9925,52.31,0.9992,7.7465,7.7470,0.999946,0.999990,0.3917
RSSCN7,Resident,2156.jpg,2.0000,52.06,0.9991,7.6683,7.6685,0.999931,0.999987,0.6512
RSSCN7,Resident,2157.jpg,2.0071,53.18,0.9990,7.1209,7.1213,0.999893,0.999993,0.1851
RSSCN7,Resident,2158.jpg,2.0014,52.48,0.9990,7.3701,7.3702,0.999898,0.999992,1.8766
RSSCN7,Resident,2159.jpg,1.9933,52.56,0.9990,7.1777,7.1779,0.999878,0.999980,2.0724
RSSCN7,Resident,2160.jpg,1.9959,52.79,0.9989,7.0066,7.0069,0.999844,0.999982,2.9186
RSSCN7,Resident,2161.jpg,2.0016,52.20,0.9991,7.5486,7.5489,0.999924,0.999981,2.4932
RSSCN7,Resident,2162.jpg,2.0015,52.17,0.9991,7.5816,7.5820,0.999928,0.999982,1.5554
RSSCN7,Resident,2163.jpg,1.9910,52.01,0.9991,7.6029,7.6032,0.999926,0.999982,0.4795
RSSCN7,Resident,2164.jpg,1.9974,52.25,0.9991,7.6652,7.6655,0.999941,0.999985,0.9138
RSSCN7,Resident,2165.jpg,2.0008,52.19,0.9992,7.5761,7.5764,0.999923,0.999989,0.1620
RSSCN7,Resident,2166.jpg,2.0063,51.92,0.9991,7.4266,7.4269,0.999898,0.999978,1.7816
RSSCN7,Resident,2167.jpg,2.0130,51.92,0.9991,7.4291,7.4296,0.999900,0.999979,0.9633
RSSCN7,Resident,2168.jpg,2.0077,51.88,0.9992,7.5157,7.5161,0.999906,0.999982,1.2152
RSSCN7,Resident,2169.jpg,2.0016,53.23,0.9991,7.3970,7.3975,0.999935,0.999994,2.2647
RSSCN7,Resident,2170.jpg,1.9981,52.27,0.9990,7.3539,7.3541,0.999879,0.999990,3.3953
RSSCN7,Resident,2171.jpg,1.9990,52.74,0.9990,7.3912,7.3914,0.999900,0.999993,1.6066
RSSCN7,Resident,2172.jpg,2.0042,52.70,0.9988,7.0119,7.0122,0.999852,0.999987,1.0641
RSSCN7,Resident,2173.jpg,1.9977,52.63,0.9988,6.9925,6.9928,0.999822,0.999986,0.9536
RSSCN7,Resident,2174.jpg,2.0131,53.24,0.9987,6.8732,6.8733,0.999833,0.999985,2.9208
RSSCN7,Resident,2175.jpg,2.0006,53.87,0.9989,6.8619,6.8620,0.999858,0.999990,1.7734
RSSCN7,Resident,2176.jpg,1.9954,53.73,0.9989,6.6577,6.6583,0.999836,0.999988,1.9639
RSSCN7,Resident,2177.jpg,1.9966,53.09,0.9989,7.1840,7.1840,0.999896,0.999993,2.7126
RSSCN7,Resident,2178.jpg,1.9996,52.51,0.9993,7.5877,7.5883,0.999926,0.999992,0.3428
RSSCN7,Resident,2179.jpg,2.0009,52.42,0.9993,7.5957,7.5961,0.999929,0.999990,0.0928
RSSCN7,Resident,2180.jpg,2.0092,52.49,0.9991,7.5692,7.5694,0.999923,0.999990,2.0676
RSSCN7,Resident,2181.jpg,1.9949,52.43,0.9992,7.5807,7.5811,0.999923,0.999992,2.7989
RSSCN7,Resident,2182.jpg,2.0038,52.38,0.9991,7.5716,7.5718,0.999924,0.999992,1.5546
RSSCN7,Resident,2183.jpg,2.0075,52.97,0.9990,7.3515,7.3519,0.999918,0.999990,2.2888
RSSCN7,Resident,2184.jpg,2.0087,52.99,0.9989,7.3674,7.3676,0.999915,0.999990,2.2035
RSSCN7,Resident,2185.jpg,1.9980,52.19,0.9990,7.2456,7.2459,0.999859,0.999989,3.1296
RSSCN7,Resident,2186.jpg,2.0024,52.78,0.9991,7.2443,7.2446,0.999894,0.999992,0.8270
RSSCN7,Resident,2187.jpg,1.9979,52.37,0.9991,7.5546,7.5549,0.999920,0.999992,1.4008
RSSCN7,Resident,2188.jpg,2.0000,52.76,0.9990,7.6059,7.6060,0.999932,0.999988,0.0200
RSSCN7,Resident,2189.jpg,2.0038,53.25,0.9986,6.9384,6.9388,0.999859,0.999981,2.6616
RSSCN7,Resident,2190.jpg,2.0026,52.57,0.9990,7.5401,7.5402,0.999918,0.999989,2.0276
RSSCN7,Resident,2191.jpg,2.0026,52.68,0.9991,7.3670,7.3672,0.999895,0.999991,2.1572
RSSCN7,Resident,2192.jpg,1.9954,52.28,0.9990,7.5551,7.5553,0.999917,0.999988,2.4625
RSSCN7,Resident,2193.jpg,2.0034,52.35,0.9987,7.4004,7.4005,0.999901,0.999985,2.0534
RSSCN7,Resident,2194.jpg,1.9991,52.59,0.9990,7.5033,7.5034,0.999916,0.999988,2.8512
RSSCN7,Resident,2195.jpg,1.9922,52.36,0.9992,7.4219,7.4223,0.999912,0.999989,1.0356
RSSCN7,Resident,2196.jpg,1.9922,52.82,0.9992,7.3943,7.3946,0.999903,0.999993,3.5504
RSSCN7,Resident,2197.jpg,1.9994,52.73,0.9991,7.3607,7.3609,0.999897,0.999993,1.6121
RSSCN7,Resident,2198.jpg,2.0030,52.61,0.9992,7.5459,7.5461,0.999922,0.999992,0.3797
RSSCN7,Resident,2199.jpg,2.0086,52.30,0.9991,7.4919,7.4921,0.999906,0.999987,0.3313
RSSCN7,Resident,2200.jpg,2.0095,52.51,0.9993,7.8110,7.8115,0.999958,0.999992,2.7351
RSSCN7,Resident,2201.jpg,1.9962,51.95,0.9991,7.1500,7.1503,0.999841,0.999990,0.9303
RSSCN7,Resident,2202.jpg,1.9974,52.26,0.9990,7.2818,7.2821,0.999882,0.999985,1.0772
RSSCN7,Resident,2203.jpg,2.0028,52.20,0.9991,7.2696,7.2699,0.999869,0.999983,2.0118
RSSCN7,Resident,2204.jpg,2.0012,52.32,0.9990,7.1212,7.1215,0.999837,0.999984,1.9334
RSSCN7,Resident,2205.jpg,2.0087,52.34,0.9992,7.4089,7.4090,0.999903,0.999986,1.4023
RSSCN7,Resident,2206.jpg,1.9979,52.17,0.9991,7.6389,7.6392,0.999930,0.999988,2.8827
RSSCN7,Resident,2207.jpg,2.0047,52.21,0.9990,7.1961,7.1964,0.999851,0.999984,1.2992
RSSCN7,Resident,2208.jpg,2.0014,52.31,0.9992,7.3628,7.3631,0.999908,0.999990,0.7649
RSSCN7,Resident,2209.jpg,1.9966,52.01,0.9991,7.1958,7.1960,0.999843,0.999983,1.2766
RSSCN7,Resident,2210.jpg,1.9992,51.97,0.9992,7.5193,7.5202,0.999916,0.999976,1.5594
RSSCN7,Resident,2211.jpg,2.0056,52.11,0.9992,7.5847,7.5853,0.999919,0.999982,1.7643
RSSCN7,Resident,2212.jpg,1.9957,52.04,0.9994,7.8304,7.8310,0.999952,0.999991,1.4362
RSSCN7,Resident,2213.jpg,1.9902,51.88,0.9992,7.6174,7.6175,0.999915,0.999984,1.1398
RSSCN7,Resident,2214.jpg,1.9933,51.94,0.9994,7.8078,7.8086,0.999943,0.999989,0.4178
RSSCN7,Resident,2215.jpg,1.9995,52.02,0.9992,7.4283,7.4285,0.999888,0.999984,2.6076
RSSCN7,Resident,2216.jpg,1.9949,52.10,0.9991,7.4345,7.4348,0.999918,0.999987,2.8229
RSSCN7,Resident,2217.jpg,2.0019,52.38,0.9992,7.4480,7.4482,0.999919,0.999991,0.4076
RSSCN7,Resident,2218.jpg,2.0066,52.54,0.9992,7.3938,7.3939,0.999921,0.999991,1.4739
RSSCN7,Resident,2219.jpg,2.0048,52.34,0.9991,7.3839,7.3842,0.999899,0.999988,1.7562
RSSCN7,Resident,2220.jpg,1.9974,52.32,0.9991,7.3767,7.3768,0.999892,0.999987,2.7247
RSSCN7,Resident,2221.jpg,2.0035,52.09,0.9991,7.6447,7.6451,0.999919,0.999986,0.5543
RSSCN7,Resident,2222.jpg,2.0022,52.13,0.9990,7.4238,7.4240,0.999897,0.999986,1.7089
RSSCN7,Resident,2223.jpg,2.0046,52.26,0.9989,7.1277,7.1280,0.999840,0.999985,3.3936
RSSCN7,Resident,2224.jpg,2.0027,52.51,0.9989,7.2399,7.2401,0.999874,0.999986,1.4784
RSSCN7,Resident,2225.jpg,2.0053,52.26,0.9990,7.3367,7.3369,0.999878,0.999985,0.2984
RSSCN7,Resident,2226.jpg,2.0046,52.21,0.9993,7.6165,7.6167,0.999923,0.999988,1.7393
RSSCN7,Resident,2227.jpg,1.9985,52.52,0.9992,7.4008,7.4010,0.999901,0.999984,2.1588
RSSCN7,Resident,2228.jpg,1.9992,51.99,0.9993,7.5348,7.5349,0.999912,0.999981,1.5538
RSSCN7,Resident,2229.jpg,1.9907,51.99,0.9992,7.3906,7.3918,0.999905,0.999972,1.4651
RSSCN7,Resident,2230.jpg,1.9951,51.86,0.9994,7.7964,7.7966,0.999937,0.999988,0.8136
RSSCN7,Resident,2231.jpg,1.9968,51.82,0.9993,7.5909,7.5911,0.999907,0.999984,1.2486
RSSCN7,Resident,2232.jpg,2.0047,52.25,0.9992,7.4399,7.4400,0.999896,0.999989,0.0251
RSSCN7,Resident,2233.jpg,2.0037,52.27,0.9989,7.3275,7.3278,0.999902,0.999975,3.6832
RSSCN7,Resident,2234.jpg,2.0061,52.31,0.9991,7.2999,7.3003,0.999886,0.999988,2.6836
RSSCN7,Resident,2235.jpg,2.0046,52.08,0.9992,7.3945,7.3949,0.999899,0.999987,1.1936
RSSCN7,Resident,2236.jpg,2.0021,52.33,0.9992,7.3587,7.3588,0.999904,0.999988,1.7887
RSSCN7,Resident,2237.jpg,2.0014,52.90,0.9990,7.2211,7.2213,0.999885,0.999991,0.3214
RSSCN7,Resident,2238.jpg,2.0068,52.28,0.9994,7.5169,7.5204,0.999954,0.999992,1.2821
RSSCN7,Resident,2239.jpg,1.9947,51.96,0.9993,7.5283,7.5293,0.999931,0.999990,2.3058
RSSCN7,Resident,2240.jpg,1.9906,52.34,0.9995,7.7240,7.7251,0.999951,0.999988,0.5105
RSSCN7,Resident,2241.jpg,2.0027,52.71,0.9995,7.6287,7.6300,0.999959,0.999988,2.9967
RSSCN7,Resident,2242.jpg,1.9998,51.83,0.9991,7.2357,7.2359,0.999879,0.999978,1.3218
RSSCN7,Resident,2243.jpg,2.0068,52.01,0.9991,7.3539,7.3541,0.999900,0.999980,1.1323
RSSCN7,Resident,2244.jpg,2.0042,51.93,0.9989,7.0017,7.0020,0.999803,0.999977,2.1548
RSSCN7,Resident,2245.jpg,2.0005,52.71,0.9988,7.0311,7.0316,0.999855,0.999981,2.7719
RSSCN7,Resident,2246.jpg,2.0092,51.98,0.9990,7.3240,7.3243,0.999904,0.999981,1.7648
RSSCN7,Resident,2247.jpg,2.0030,52.10,0.9989,7.3827,7.3831,0.999925,0.999983,0.0586
RSSCN7,Resident,2248.jpg,1.9977,51.92,0.9991,7.5671,7.5674,0.999921,0.999985,2.0942
RSSCN7,Resident,2249.jpg,2.0015,51.91,0.9991,7.6043,7.6052,0.999930,0.999989,0.1117
RSSCN7,Resident,2250.jpg,1.9965,52.50,0.9990,7.4255,7.4257,0.999910,0.999987,1.3142
RSSCN7,Resident,2251.jpg,1.9962,51.87,0.9992,7.6137,7.6142,0.999920,0.999988,1.7097
RSSCN7,Resident,2252.jpg,1.9997,51.87,0.9991,7.5792,7.5796,0.999921,0.999988,2.3249
RSSCN7,Resident,2253.jpg,1.9998,51.97,0.9992,7.5914,7.5917,0.999918,0.999990,2.5127
RSSCN7,Resident,2254.jpg,1.9966,51.87,0.9991,7.6323,7.6326,0.999921,0.999989,2.0374
RSSCN7,Resident,2255.jpg,2.0086,51.86,0.9992,7.5994,7.5997,0.999915,0.999991,0.2431
RSSCN7,Resident,2256.jpg,1.9984,51.87,0.9993,7.5679,7.5683,0.999914,0.999991,0.3273
RSSCN7,Resident,2257.jpg,1.9975,52.15,0.9989,7.1291,7.1293,0.999837,0.999986,1.7340
RSSCN7,Resident,2258.jpg,1.9964,52.22,0.9990,7.1743,7.1747,0.999859,0.999987,3.3282
RSSCN7,Resident,2259.jpg,2.0083,52.46,0.9990,7.2355,7.2358,0.999872,0.999988,1.7402
RSSCN7,Resident,2260.jpg,2.0038,52.67,0.9989,7.2728,7.2730,0.999898,0.999985,1.2324
RSSCN7,Resident,2261.jpg,1.9925,52.03,0.9991,7.4053,7.4057,0.999903,0.999987,2.4566
RSSCN7,Resident,2262.jpg,2.0044,52.21,0.9988,7.2316,7.2318,0.999880,0.999985,2.0019
RSSCN7,Resident,2263.jpg,2.0015,53.18,0.9990,7.0913,7.0915,0.999890,0.999988,1.1320
RSSCN7,Resident,2264.jpg,2.0088,52.56,0.9988,7.4016,7.4020,0.999916,0.999989,3.0577
RSSCN7,Resident,2265.jpg,2.0009,52.07,0.9989,7.1410,7.1413,0.999855,0.999983,2.0173
RSSCN7,Resident,2266.jpg,2.0023,51.87,0.9993,7.7623,7.7625,0.999934,0.999990,2.0877
RSSCN7,Resident,2267.jpg,2.0014,51.80,0.9993,7.7190,7.7192,0.999926,0.999989,1.5858
RSSCN7,Resident,2268.jpg,1.9981,51.97,0.9992,7.5080,7.5082,0.999915,0.999981,1.0542
RSSCN7,Resident,2269.jpg,2.0005,51.82,0.9993,7.7084,7.7086,0.999930,0.999987,1.0932
RSSCN7,Resident,2270.jpg,1.9999,52.44,0.9988,7.0410,7.0414,0.999840,0.999981,2.5862
RSSCN7,Resident,2271.jpg,1.9986,51.92,0.9993,7.5577,7.5581,0.999921,0.999983,1.2967
RSSCN7,Resident,2272.jpg,1.9997,51.84,0.9993,7.5910,7.5911,0.999921,0.999983,1.7995
RSSCN7,Resident,2273.jpg,2.0084,51.94,0.9992,7.5862,7.5865,0.999925,0.999983,1.0383
RSSCN7,Resident,2274.jpg,2.0014,52.01,0.9991,7.3276,7.3280,0.999898,0.999979,0.7570
RSSCN7,Resident,2275.jpg,1.9926,51.83,0.9992,7.4563,7.4564,0.999908,0.999980,1.1637
RSSCN7,Resident,2276.jpg,2.0026,51.94,0.9991,7.4192,7.4199,0.999910,0.999979,2.1506
RSSCN7,Resident,2277.jpg,2.0067,52.00,0.9991,7.4450,7.4453,0.999909,0.999979,1.6289
RSSCN7,Resident,2278.jpg,2.0145,52.53,0.9986,6.5266,6.5270,0.999673,0.999974,1.9813
RSSCN7,Resident,2279.jpg,2.0076,52.94,0.9987,6.5769,6.5776,0.999741,0.999977,2.1614
RSSCN7,Resident,2280.jpg,1.9970,52.93,0.9987,6.6311,6.6316,0.999746,0.999978,1.9588
RSSCN7,Resident,2281.jpg,2.0032,52.71,0.9987,6.6832,6.6834,0.999734,0.999976,2.9394
RSSCN7,Resident,2282.jpg,1.9995,52.30,0.9989,7.2014,7.2017,0.999891,0.999978,1.4607
RSSCN7,Resident,2283.jpg,2.0063,52.23,0.9989,7.2878,7.2882,0.999889,0.999981,0.7424
RSSCN7,Resident,2284.jpg,1.9958,52.59,0.9988,7.0296,7.0300,0.999856,0.999978,1.3939
RSSCN7,Resident,2285.jpg,2.0020,52.06,0.9991,7.3028,7.3034,0.999914,0.999980,1.8029
RSSCN7,Resident,2286.jpg,1.9997,52.48,0.9989,7.0364,7.0367,0.999849,0.999979,0.6609
RSSCN7,Resident,2287.jpg,2.0033,52.49,0.9988,7.0614,7.0618,0.999898,0.999982,1.6127
RSSCN7,Resident,2288.jpg,2.0118,54.13,0.9990,6.5292,6.5297,0.999819,0.999988,2.2638
RSSCN7,Resident,2289.jpg,1.9917,52.94,0.9989,6.9603,6.9607,0.999850,0.999982,1.6109
RSSCN7,Resident,2290.jpg,2.0071,52.89,0.9990,6.9355,6.9359,0.999850,0.999980,1.5376
RSSCN7,Resident,2291.jpg,1.9951,52.58,0.9990,7.0272,7.0275,0.999851,0.999980,0.0033
RSSCN7,Resident,2292.jpg,1.9984,52.93,0.9990,7.1366,7.1369,0.999878,0.999984,0.8993
RSSCN7,Resident,2293.jpg,2.0030,53.67,0.9991,6.9681,6.9684,0.999882,0.999987,1.3483
RSSCN7,Resident,2294.jpg,2.0009,53.94,0.9992,6.7581,6.7586,0.999877,0.999988,2.2987
RSSCN7,Resident,2295.jpg,2.0035,53.04,0.9991,6.9283,6.9287,0.999864,0.999982,0.7563
RSSCN7,Resident,2296.jpg,2.0000,52.10,0.9991,7.4611,7.4612,0.999928,0.999986,0.0216
RSSCN7,Resident,2297.jpg,1.9910,52.91,0.9990,7.0553,7.0560,0.999924,0.999987,1.6826
RSSCN7,Resident,2298.jpg,1.9983,53.08,0.9991,6.9819,6.9827,0.999870,0.999985,1.1919
RSSCN7,Resident,2299.jpg,2.0005,52.71,0.9988,7.1069,7.1072,0.999866,0.999984,1.2909
RSSCN7,Resident,2300.jpg,2.0032,53.86,0.9990,6.6254,6.6260,0.999864,0.999985,2.3634
RSSCN7,Resident,2301.jpg,1.9942,51.82,0.9991,7.1115,7.1119,0.999837,0.999978,0.9144
RSSCN7,Resident,2302.jpg,2.0015,51.96,0.9990,7.1533,7.1535,0.999848,0.999982,0.6949
RSSCN7,Resident,2303.jpg,2.0017,51.91,0.9990,6.9649,6.9653,0.999791,0.999980,2.0163
RSSCN7,Resident,2304.jpg,2.0029,51.95,0.9990,7.2197,7.2200,0.999863,0.999980,0.8908
RSSCN7,Resident,2305.jpg,2.0028,51.92,0.9989,7.0161,7.0165,0.999807,0.999975,3.5089
RSSCN7,Resident,2306.jpg,1.9989,52.33,0.9988,6.9263,6.9267,0.999800,0.999977,0.8394
RSSCN7,Resident,2307.jpg,1.9954,52.22,0.9987,6.8034,6.8037,0.999755,0.999974,0.2501
RSSCN7,Resident,2308.jpg,1.9966,52.01,0.9990,7.0240,7.0243,0.999813,0.999977,1.1350
RSSCN7,Resident,2309.jpg,2.0047,51.95,0.9988,6.9389,6.9392,0.999808,0.999973,0.0818
RSSCN7,Resident,2310.jpg,1.9984,51.96,0.9989,6.9092,6.9095,0.999789,0.999974,1.3665
RSSCN7,Resident,2311.jpg,1.9926,51.95,0.9988,6.9191,6.9194,0.999790,0.999973,0.0879
RSSCN7,Resident,2312.jpg,2.0015,51.84,0.9989,6.8528,6.8530,0.999761,0.999967,1.9107
RSSCN7,Resident,2313.jpg,2.0084,51.88,0.9990,6.8870,6.8873,0.999777,0.999970,0.2164
RSSCN7,Resident,2314.jpg,2.0074,51.82,0.9991,6.8715,6.8719,0.999761,0.999966,2.3627
RSSCN7,Resident,2315.jpg,1.9946,51.87,0.9990,6.9446,6.9448,0.999778,0.999972,2.0447
RSSCN7,Resident,2316.jpg,2.0055,51.89,0.9990,6.9668,6.9673,0.999792,0.999971,2.1618
RSSCN7,Resident,2317.jpg,1.9974,52.00,0.9989,6.9129,6.9133,0.999810,0.999970,2.6245
RSSCN7,Resident,2318.jpg,2.0014,52.03,0.9988,6.7135,6.7137,0.999720,0.999964,2.4549
RSSCN7,Resident,2319.jpg,1.9952,51.92,0.9990,6.9923,6.9926,0.999831,0.999972,2.3416
RSSCN7,Resident,2320.jpg,2.0060,51.98,0.9989,6.9551,6.9555,0.999811,0.999973,0.1096
RSSCN7,Resident,2321.jpg,2.0026,51.85,0.9992,6.9607,6.9610,0.999792,0.999975,2.0041
RSSCN7,Resident,2322.jpg,1.9988,51.78,0.9992,7.0217,7.0219,0.999800,0.999974,1.2105
RSSCN7,Resident,2323.jpg,1.9934,51.90,0.9992,7.0303,7.0309,0.999801,0.999977,0.6116
RSSCN7,Resident,2324.jpg,2.0038,51.81,0.9993,7.0411,7.0413,0.999801,0.999975,1.0527
RSSCN7,Resident,2325.jpg,1.9969,52.05,0.9990,6.9520,6.9523,0.999819,0.999981,0.1533
RSSCN7,Resident,2326.jpg,2.0003,53.29,0.9992,6.8377,6.8379,0.999830,0.999983,1.2704
RSSCN7,Resident,2327.jpg,2.0011,52.00,0.9988,6.6424,6.6430,0.999700,0.999958,2.2148
RSSCN7,Resident,2328.jpg,1.9969,51.90,0.9989,6.8603,6.8606,0.999773,0.999966,1.3958
RSSCN7,Resident,2329.jpg,2.0030,52.17,0.9987,6.7449,6.7453,0.999735,0.999971,0.8584
RSSCN7,Resident,2330.jpg,1.9979,52.24,0.9987,6.7280,6.7284,0.999742,0.999969,0.0094
RSSCN7,Resident,2331.jpg,2.0012,51.89,0.9990,7.0197,7.0199,0.999804,0.999975,0.7770
RSSCN7,Resident,2332.jpg,2.0018,52.05,0.9990,6.9991,6.9993,0.999799,0.999976,0.2024
RSSCN7,Resident,2333.jpg,2.0056,52.04,0.9988,6.8191,6.8194,0.999758,0.999968,2.2369
RSSCN7,Resident,2334.jpg,2.0019,52.51,0.9984,6.8425,6.8429,0.999836,0.999974,2.5326
RSSCN7,Resident,2335.jpg,1.9966,51.96,0.9989,6.9249,6.9252,0.999779,0.999974,1.6659
RSSCN7,Resident,2336.jpg,2.0052,51.89,0.9991,6.9992,6.9995,0.999797,0.999976,2.4083
RSSCN7,Resident,2337.jpg,2.0040,51.86,0.9990,6.9878,6.9880,0.999795,0.999972,1.6586
RSSCN7,Resident,2338.jpg,1.9971,52.00,0.9989,6.8916,6.8918,0.999770,0.999975,2.7002
RSSCN7,Resident,2339.jpg,2.0003,52.21,0.9988,6.7943,6.7946,0.999737,0.999975,2.7390
RSSCN7,Resident,2340.jpg,2.0057,52.77,0.9986,6.7730,6.7731,0.999766,0.999978,2.5855
RSSCN7,Resident,2341.jpg,2.0032,52.60,0.9986,6.7389,6.7392,0.999742,0.999977,1.3198
RSSCN7,Resident,2342.jpg,2.0034,52.32,0.9987,6.7054,6.7057,0.999713,0.999981,0.3922
RSSCN7,Resident,2343.jpg,2.0010,51.90,0.9989,7.1042,7.1044,0.999823,0.999989,1.7835
RSSCN7,Resident,2344.jpg,2.0009,51.80,0.9991,7.2549,7.2551,0.999849,0.999988,2.8431
RSSCN7,Resident,2345.jpg,2.0031,52.31,0.9990,7.0897,7.0901,0.999834,0.999988,1.8008
RSSCN7,Resident,2346.jpg,2.0013,51.88,0.9991,7.3822,7.3824,0.999875,0.999988,1.4578
RSSCN7,Resident,2347.jpg,1.9946,52.01,0.9991,7.0260,7.0263,0.999805,0.999988,2.0434
RSSCN7,Resident,2348.jpg,2.0027,52.01,0.9989,7.0106,7.0107,0.999799,0.999990,3.1203
RSSCN7,Resident,2349.jpg,2.0001,51.90,0.9990,6.9600,6.9600,0.999773,0.999989,1.3511
RSSCN7,Resident,2350.jpg,1.9850,52.11,0.9988,6.8442,6.8444,0.999758,0.999987,0.2562
RSSCN7,Resident,2351.jpg,1.9981,51.96,0.9990,7.1516,7.1518,0.999843,0.999984,2.0074
RSSCN7,Resident,2352.jpg,1.9960,51.83,0.9990,7.1967,7.1968,0.999838,0.999984,1.9709
RSSCN7,Resident,2353.jpg,2.0027,52.05,0.9987,7.0418,7.0420,0.999811,0.999988,2.9284
RSSCN7,Resident,2354.jpg,1.9959,51.93,0.9989,6.9293,6.9296,0.999772,0.999980,1.2346
RSSCN7,Resident,2355.jpg,1.9946,52.07,0.9988,6.7953,6.7958,0.999731,0.999978,3.0054
RSSCN7,Resident,2356.jpg,2.0029,52.42,0.9986,6.7942,6.7944,0.999757,0.999981,0.2401
RSSCN7,Resident,2357.jpg,2.0022,52.09,0.9988,6.8731,6.8730,0.999756,0.999980,0.7052
RSSCN7,Resident,2358.jpg,2.0079,51.80,0.9990,6.8075,6.8078,0.999733,0.999978,1.0066
RSSCN7,Resident,2359.jpg,2.0036,51.79,0.9989,6.7599,6.7603,0.999702,0.999977,1.7854
RSSCN7,Resident,2360.jpg,1.9979,51.93,0.9989,6.8479,6.8481,0.999755,0.999980,0.3447
RSSCN7,Resident,2361.jpg,1.9982,51.89,0.9987,6.6166,6.6170,0.999650,0.999975,1.5718
RSSCN7,Resident,2362.jpg,1.9956,52.02,0.9987,6.6097,6.6099,0.999659,0.999982,1.9198
RSSCN7,Resident,2363.jpg,2.0012,51.97,0.9990,7.0485,7.0486,0.999825,0.999978,1.9907
RSSCN7,Resident,2364.jpg,1.9946,51.98,0.9990,7.1376,7.1378,0.999847,0.999982,2.9150
RSSCN7,Resident,2365.jpg,1.9971,51.88,0.9992,7.2026,7.2029,0.999850,0.999982,1.0581
RSSCN7,Resident,2366.jpg,1.9964,52.22,0.9989,7.2141,7.2142,0.999882,0.999984,1.4007
RSSCN7,Resident,2367.jpg,2.0034,52.54,0.9988,7.1165,7.1169,0.999889,0.999985,1.5376
RSSCN7,Resident,2368.jpg,2.0066,52.38,0.9989,7.1446,7.1450,0.999868,0.999984,2.5594
RSSCN7,Resident,2369.jpg,2.0055,52.47,0.9988,6.8333,6.8336,0.999803,0.999979,0.2768
RSSCN7,Resident,2370.jpg,2.0033,52.15,0.9989,6.9985,6.9989,0.999834,0.999978,1.6128
RSSCN7,Resident,2371.jpg,1.9990,52.41,0.9989,7.0989,7.0994,0.999858,0.999985,1.6311
RSSCN7,Resident,2372.jpg,2.0039,52.81,0.9989,6.8921,6.8925,0.999843,0.999985,2.4237
RSSCN7,Resident,2373.jpg,1.9969,52.63,0.9990,6.9661,6.9667,0.999858,0.999984,0.4132
RSSCN7,Resident,2374.jpg,2.0029,52.52,0.9989,6.9699,6.9705,0.999847,0.999985,2.2445
RSSCN7,Resident,2375.jpg,2.0048,52.43,0.9987,7.0718,7.0720,0.999863,0.999981,2.4278
RSSCN7,Resident,2376.jpg,2.0044,52.85,0.9989,7.0139,7.0141,0.999871,0.999985,0.2993
RSSCN7,Resident,2377.jpg,1.9980,52.54,0.9990,7.0732,7.0736,0.999857,0.999985,3.3408
RSSCN7,Resident,2378.jpg,1.9953,52.20,0.9989,7.0858,7.0861,0.999849,0.999982,0.9985
RSSCN7,Resident,2379.jpg,1.9996,51.91,0.9990,6.9366,6.9370,0.999778,0.999975,2.0481
RSSCN7,Resident,2380.jpg,2.0030,51.95,0.9991,7.1079,7.1081,0.999825,0.999982,1.4395
RSSCN7,Resident,2381.jpg,1.9984,52.18,0.9988,6.8344,6.8346,0.999762,0.999977,2.2732
RSSCN7,Resident,2382.jpg,2.0031,52.01,0.9991,7.2930,7.2933,0.999865,0.999985,1.0810
RSSCN7,Resident,2383.jpg,1.9958,52.08,0.9991,7.2163,7.2165,0.999850,0.999984,2.7096
RSSCN7,Resident,2384.jpg,1.9957,52.03,0.9992,7.1556,7.1559,0.999846,0.999987,1.3102
RSSCN7,Resident,2385.jpg,1.9943,52.06,0.9990,7.2721,7.2723,0.999863,0.999984,1.4249
RSSCN7,Resident,2386.jpg,2.0047,52.13,0.9992,7.4639,7.4642,0.999900,0.999987,0.9938
RSSCN7,Resident,2387.jpg,2.0093,51.88,0.9992,7.2602,7.2602,0.999853,0.999984,0.5806
RSSCN7,Resident,2388.jpg,1.9984,51.79,0.9993,7.3240,7.3245,0.999869,0.999985,0.2739
RSSCN7,Resident,2389.jpg,2.0036,51.87,0.9991,7.2730,7.2732,0.999864,0.999979,0.5139
RSSCN7,Resident,2390.jpg,2.0007,51.80,0.9992,7.2410,7.2411,0.999849,0.999984,1.8619
RSSCN7,Resident,2391.jpg,1.9991,51.88,0.9992,7.2617,7.2619,0.999854,0.999986,1.8559
RSSCN7,Resident,2392.jpg,1.9962,51.81,0.9992,7.2237,7.2239,0.999846,0.999982,0.6744
RSSCN7,Resident,2393.jpg,1.9951,52.71,0.9990,7.0669,7.0671,0.999858,0.999983,1.0914
RSSCN7,Resident,2394.jpg,1.9970,51.83,0.9992,7.2822,7.2824,0.999867,0.999985,3.1953
RSSCN7,Resident,2395.jpg,2.0004,52.30,0.9989,7.0621,7.0623,0.999841,0.999985,0.7576
RSSCN7,Resident,2396.jpg,1.9942,51.79,0.9991,7.0013,7.0016,0.999795,0.999975,2.5400
RSSCN7,Resident,2397.jpg,2.0058,52.09,0.9991,7.2119,7.2121,0.999863,0.999983,2.7928
RSSCN7,Resident,2398.jpg,2.0046,52.11,0.9990,7.1251,7.1252,0.999836,0.999982,0.7287
RSSCN7,Resident,2399.jpg,1.9985,51.90,0.9992,7.2377,7.2379,0.999851,0.999986,0.4098
RSSCN7,Resident,2400.jpg,2.0065,51.78,0.9992,7.0526,7.0529,0.999800,0.999986,2.0633
RSSCN7,River,1201.jpg,1.9977,53.06,0.9989,6.4820,6.4819,0.999767,0.999982,0.9470
RSSCN7,River,1202.jpg,2.0038,56.16,0.9991,5.6506,5.6512,0.999726,0.999993,0.3151
RSSCN7,River,1203.jpg,2.0087,52.97,0.9990,6.7837,6.7839,0.999869,0.999990,1.1042
RSSCN7,River,1204.jpg,1.9960,54.41,0.9988,6.2606,6.2614,0.999859,0.999955,0.8852
RSSCN7,River,1205.jpg,1.9912,54.56,0.9986,6.5387,6.5394,0.999878,0.999969,0.2824
RSSCN7,River,1206.jpg,1.9964,53.54,0.9992,6.5444,6.5449,0.999840,0.999963,1.1139
RSSCN7,River,1207.jpg,1.9956,53.73,0.9992,6.3456,6.3462,0.999810,0.999963,1.0640
RSSCN7,River,1208.jpg,2.0049,53.99,0.9992,6.2964,6.2967,0.999815,0.999970,2.2708
RSSCN7,River,1209.jpg,2.0006,52.23,0.9988,6.6217,6.6222,0.999714,0.999971,1.1308
RSSCN7,River,1210.jpg,1.9992,54.53,0.9987,6.1573,6.1575,0.999794,0.999993,1.9056
RSSCN7,River,1211.jpg,1.9937,57.62,0.9994,6.2874,6.2876,0.999915,0.999995,1.7530
RSSCN7,River,1212.jpg,1.9993,54.84,0.9990,6.3277,6.3279,0.999846,0.999992,2.8966
RSSCN7,River,1213.jpg,1.9997,53.64,0.9992,6.0511,6.0525,0.999709,0.999974,2.4848
RSSCN7,River,1214.jpg,2.0009,52.13,0.9988,6.7322,6.7324,0.999737,0.999960,0.9099
RSSCN7,River,1215.jpg,1.9999,53.15,0.9989,6.8393,6.8395,0.999854,0.999984,0.7275
RSSCN7,River,1216.jpg,1.9988,53.17,0.9988,6.7377,6.7384,0.999829,0.999987,1.9018
RSSCN7,River,1217.jpg,2.0016,54.37,0.9989,6.2300,6.2305,0.999819,0.999983,1.6584
RSSCN7,River,1218.jpg,1.9959,55.34,0.9992,5.9543,5.9546,0.999917,0.999987,2.7731
RSSCN7,River,1219.jpg,2.0023,52.89,0.9990,6.8779,6.8786,0.999855,0.999976,3.5173
RSSCN7,River,1220.jpg,1.9982,52.15,0.9989,6.8185,6.8189,0.999775,0.999971,0.5116
RSSCN7,River,1221.jpg,2.0027,57.37,0.9992,6.1231,6.1234,0.999907,0.999994,1.9350
RSSCN7,River,1222.jpg,2.0009,58.80,0.9997,4.3781,4.3780,0.999865,0.999996,0.7675
RSSCN7,River,1223.jpg,2.0003,56.47,0.9995,5.2632,5.2635,0.999916,0.999981,1.8414
RSSCN7,River,1224.jpg,2.0049,55.88,0.9993,5.6776,5.6778,0.999927,0.999985,2.1823
RSSCN7,River,1225.jpg,2.0042,55.24,0.9991,6.0646,6.0649,0.999937,0.999981,2.0106
RSSCN7,River,1226.jpg,1.9975,55.95,0.9991,5.6916,5.6917,0.999955,0.999986,1.5084
RSSCN7,River,1227.jpg,2.0059,53.41,0.9988,6.4779,6.4789,0.999899,0.999979,2.4143
RSSCN7,River,1228.jpg,2.0060,55.37,0.9993,6.0947,6.0950,0.999927,0.999980,2.5226
RSSCN7,River,1229.jpg,1.9980,55.66,0.9994,5.7725,5.7730,0.999937,0.999982,1.9091
RSSCN7,River,1230.jpg,1.9973,55.00,0.9992,6.0036,6.0045,0.999943,0.999985,1.6032
RSSCN7,River,1231.jpg,1.9997,54.07,0.9990,5.9664,5.9670,0.999834,0.999978,0.4642
RSSCN7,River,1232.jpg,1.9950,56.53,0.9995,5.9732,5.9735,0.999880,0.999983,2.4803
RSSCN7,River,1233.jpg,1.9986,55.57,0.9994,5.7895,5.7899,0.999858,0.999976,2.8347
RSSCN7,River,1234.jpg,2.0075,54.41,0.9993,6.3582,6.3582,0.999823,0.999979,2.9145
RSSCN7,River,1235.jpg,1.9934,55.40,0.9994,6.3869,6.3876,0.999969,0.999992,0.9521
RSSCN7,River,1236.jpg,1.9950,55.66,0.9992,5.7697,5.7711,0.999905,0.999982,1.7986
RSSCN7,River,1237.jpg,2.0066,57.70,0.9995,5.4585,5.4591,0.999950,0.999989,0.0823
RSSCN7,River,1238.jpg,2.0008,54.25,0.9990,6.1443,6.1451,0.999910,0.999986,1.8757
RSSCN7,River,1239.jpg,2.0072,53.34,0.9988,7.0160,7.0166,0.999897,0.999980,0.7398
RSSCN7,River,1240.jpg,2.0040,55.60,0.9994,7.1123,7.1128,0.999972,0.999994,1.6063
RSSCN7,River,1241.jpg,2.0030,56.82,0.9995,5.9526,5.9530,0.999938,0.999989,1.1845
RSSCN7,River,1242.jpg,1.9929,57.17,0.9995,5.1186,5.1186,0.999884,0.999989,1.0178
RSSCN7,River,1243.jpg,2.0052,54.85,0.9991,6.0294,6.0295,0.999789,0.999980,1.9480
RSSCN7,River,1244.jpg,2.0095,61.43,0.9998,3.6904,3.6908,0.999925,0.999994,1.1559
RSSCN7,River,1245.jpg,1.9959,59.24,0.9997,5.4803,5.4803,0.999825,0.999993,0.8840
RSSCN7,River,1246.jpg,2.0053,56.41,0.9995,5.6746,5.6747,0.999877,0.999990,0.0304
RSSCN7,River,1247.jpg,2.0016,56.09,0.9995,5.6552,5.6555,0.999887,0.999990,0.7229
RSSCN7,River,1248.jpg,2.0009,55.31,0.9995,6.4718,6.4721,0.999962,0.999991,2.5756
RSSCN7,River,1249.jpg,1.9939,55.80,0.9996,6.4671,6.4671,0.999975,0.999990,0.8312
RSSCN7,River,1250.jpg,1.9922,55.37,0.9996,6.2894,6.2899,0.999970,0.999989,0.7955
RSSCN7,River,1251.jpg,2.0037,56.74,0.9996,6.3792,6.3795,0.999970,0.999989,1.4479
RSSCN7,River,1252.jpg,1.9938,57.87,0.9997,5.9767,5.9768,0.999959,0.999990,1.8096
RSSCN7,River,1253.jpg,2.0020,56.05,0.9996,6.3190,6.3191,0.999940,0.999983,1.7650
RSSCN7,River,1254.jpg,2.0036,58.34,0.9997,5.0874,5.0878,0.999960,0.999985,0.5444
RSSCN7,River,1255.jpg,1.9938,55.28,0.9994,6.0813,6.0817,0.999884,0.999972,1.7353
RSSCN7,River,1256.jpg,2.0087,56.89,0.9995,5.2421,5.2429,0.999863,0.999974,0.3694
RSSCN7,River,1257.jpg,2.0155,58.81,0.9997,4.9388,4.9391,0.999910,0.999980,0.6614
RSSCN7,River,1258.jpg,2.0061,55.93,0.9995,5.5851,5.5867,0.999910,0.999961,2.1996
RSSCN7,River,1259.jpg,2.0022,59.79,0.9998,4.5913,4.5914,0.999950,0.999987,1.4803
RSSCN7,River,1260.jpg,1.9963,54.23,0.9992,6.2212,6.2222,0.999929,0.999981,3.0122
RSSCN7,River,1261.jpg,2.0040,56.85,0.9996,5.8970,5.8973,0.999988,0.999995,0.6077
RSSCN7,River,1262.jpg,2.0026,55.01,0.9993,6.6446,6.6448,0.999950,0.999989,1.2851
RSSCN7,River,1263.jpg,1.9977,54.52,0.9992,6.6738,6.6737,0.999926,0.999983,2.0491
RSSCN7,River,1264.jpg,1.9994,53.54,0.9991,6.9596,6.9600,0.999918,0.999985,4.2757
RSSCN7,River,1265.jpg,2.0011,57.85,0.9997,5.9313,5.9313,0.999983,0.999992,1.6510
RSSCN7,River,1266.jpg,1.9949,55.75,0.9995,6.5139,6.5142,0.999978,0.999992,2.7855
RSSCN7,River,1267.jpg,2.0047,52.81,0.9992,7.4532,7.4535,0.999945,0.999988,0.0971
RSSCN7,River,1268.jpg,2.0067,54.76,0.9989,6.2186,6.2191,0.999873,0.999988,0.8588
RSSCN7,River,1269.jpg,1.9901,62.38,0.9998,5.7872,5.7872,0.999983,0.999999,1.4400
RSSCN7,River,1270.jpg,1.9932,58.55,0.9997,5.6728,5.6729,0.999968,0.999992,2.9222
RSSCN7,River,1271.jpg,1.9886,58.59,0.9995,6.5011,6.5013,0.999958,0.999993,0.0976
RSSCN7,River,1272.jpg,1.9910,58.39,0.9997,5.1441,5.1441,0.999928,0.999991,1.0376
RSSCN7,River,1273.jpg,2.0010,56.18,0.9995,5.9880,5.9883,0.999933,0.999986,0.8486
RSSCN7,River,1274.jpg,1.9959,54.25,0.9990,7.1254,7.1257,0.999935,0.999990,0.4620
RSSCN7,River,1275.jpg,1.9955,57.41,0.9994,5.1305,5.1309,0.999764,0.999996,1.8642
RSSCN7,River,1276.jpg,2.0056,54.65,0.9991,6.5475,6.5478,0.999829,0.999994,2.2012
RSSCN7,River,1277.jpg,2.0025,60.41,0.9998,4.6102,4.6105,0.999986,0.999996,0.8835
RSSCN7,River,1278.jpg,2.0020,56.75,0.9995,6.1065,6.1073,0.999934,0.999996,2.1224
RSSCN7,River,1279.jpg,1.9968,59.43,0.9997,6.1012,6.1012,0.999978,0.999998,0.7894
RSSCN7,River,1280.jpg,2.0130,60.14,0.9997,6.3498,6.3499,0.999988,0.999998,1.0740
RSSCN7,River,1281.jpg,2.0003,55.28,0.9991,6.0926,6.0929,0.999862,0.999986,2.3164
RSSCN7,River,1282.jpg,1.9965,54.56,0.9990,7.2610,7.2613,0.999956,0.999993,1.7202
RSSCN7,River,1283.jpg,1.9973,55.25,0.9992,6.2768,6.2772,0.999907,0.999997,0.5985
RSSCN7,River,1284.jpg,1.9861,54.82,0.9991,6.0900,6.0905,0.999870,0.999996,1.6279
RSSCN7,River,1285.jpg,2.0000,56.24,0.9993,6.7781,6.7781,0.999922,0.999995,2.5538
RSSCN7,River,1286.jpg,1.9818,54.87,0.9990,7.0062,7.0062,0.999934,0.999995,1.9558
RSSCN7,River,1287.jpg,2.0100,55.49,0.9992,6.8496,6.8499,0.999951,0.999995,0.1367
RSSCN7,River,1288.jpg,2.0061,54.85,0.9991,7.4817,7.4819,0.999970,0.999994,1.4775
RSSCN7,River,1289.jpg,1.9994,55.08,0.9992,7.1230,7.1232,0.999972,0.999992,2.2648
RSSCN7,River,1290.jpg,2.0043,57.34,0.9995,5.3644,5.3647,0.999973,0.999990,2.9321
RSSCN7,River,1291.jpg,2.0225,57.26,0.9995,5.8070,5.8071,0.999909,0.999996,1.5303
RSSCN7,River,1292.jpg,1.9971,54.65,0.9994,6.3333,6.3340,0.999916,0.999995,0.4508
RSSCN7,River,1293.jpg,2.0001,55.80,0.9995,6.0535,6.0536,0.999929,0.999995,2.9411
RSSCN7,River,1294.jpg,1.9956,58.03,0.9995,5.2150,5.2154,0.999890,0.999999,1.3862
RSSCN7,River,1295.jpg,1.9983,59.67,0.9997,4.5311,4.5316,0.999913,0.999999,1.4457
RSSCN7,River,1296.jpg,2.0060,55.17,0.9994,6.7397,6.7399,0.999907,0.999996,1.0975
RSSCN7,River,1297.jpg,2.0029,55.93,0.9995,6.1802,6.1801,0.999926,0.999994,0.8001
RSSCN7,River,1298.jpg,2.0076,61.02,0.9998,4.0235,4.0237,0.999941,0.999997,1.0762
RSSCN7,River,1299.jpg,1.9936,55.65,0.9993,6.7271,6.7277,0.999936,0.999993,2.1155
RSSCN7,River,1300.jpg,1.9998,56.39,0.9992,5.9698,5.9700,0.999816,0.999991,0.6569
RSSCN7,River,1301.jpg,1.9997,53.97,0.9986,6.3511,6.3514,0.999719,0.999980,1.4466
RSSCN7,River,1302.jpg,1.9966,54.34,0.9988,6.7207,6.7212,0.999862,0.999985,2.6602
RSSCN7,River,1303.jpg,2.0089,55.07,0.9995,6.6995,6.6994,0.999979,0.999991,0.1433
RSSCN7,River,1304.jpg,1.9917,54.20,0.9992,6.8851,6.8856,0.999932,0.999992,0.8640
RSSCN7,River,1305.jpg,1.9991,53.66,0.9989,7.0853,7.0854,0.999909,0.999989,3.2592
RSSCN7,River,1306.jpg,2.0003,53.64,0.9990,7.2089,7.2094,0.999912,0.999989,1.4882
RSSCN7,River,1307.jpg,1.9926,54.18,0.9994,6.9651,6.9649,0.999943,0.999991,0.4509
RSSCN7,River,1308.jpg,1.9973,59.00,0.9998,4.8903,4.8903,0.999965,0.999995,0.2593
RSSCN7,River,1309.jpg,1.9966,54.32,0.9992,6.5482,6.5487,0.999903,0.999989,1.9624
RSSCN7,River,1310.jpg,2.0011,53.83,0.9993,6.6233,6.6238,0.999918,0.999988,1.6151
RSSCN7,River,1311.jpg,2.0130,53.13,0.9989,7.1659,7.1663,0.999923,0.999979,2.0907
RSSCN7,River,1312.jpg,2.0001,53.95,0.9990,7.1100,7.1102,0.999949,0.999989,1.4963
RSSCN7,River,1313.jpg,2.0008,55.68,0.9997,5.7697,5.7699,0.999960,0.999993,2.1200
RSSCN7,River,1314.jpg,1.9977,56.92,0.9995,5.1527,5.1528,0.999915,0.999991,0.8436
RSSCN7,River,1315.jpg,2.0031,57.05,0.9997,4.8336,4.8335,0.999945,0.999991,0.1745
RSSCN7,River,1316.jpg,1.9895,59.32,0.9998,4.2096,4.2096,0.999978,0.999995,0.0354
RSSCN7,River,1317.jpg,2.0141,60.84,0.9998,3.6635,3.6634,0.999929,0.999995,0.9951
RSSCN7,River,1318.jpg,1.9934,55.47,0.9995,6.1202,6.1202,0.999945,0.999990,2.7741
RSSCN7,River,1319.jpg,2.0109,58.04,0.9997,4.7677,4.7678,0.999941,0.999992,0.8618
RSSCN7,River,1320.jpg,2.0178,58.14,0.9997,5.2923,5.2928,0.999970,0.999993,0.8350
RSSCN7,River,1321.jpg,1.9979,58.67,0.9997,6.9859,6.9861,0.999967,0.999995,1.3407
RSSCN7,River,1322.jpg,1.9997,55.55,0.9993,5.5378,5.5382,0.999692,0.999984,2.1051
RSSCN7,River,1323.jpg,2.0066,53.23,0.9989,6.6933,6.6937,0.999897,0.999979,2.3409
RSSCN7,River,1324.jpg,1.9937,57.46,0.9996,6.7804,6.7803,0.999967,0.999997,1.1314
RSSCN7,River,1325.jpg,1.9948,58.07,0.9999,5.5473,5.5473,0.999984,0.999994,2.4463
RSSCN7,River,1326.jpg,2.0033,59.36,0.9998,5.6346,5.6347,0.999980,0.999995,0.6614
RSSCN7,River,1327.jpg,1.9946,56.67,0.9995,6.0475,6.0480,0.999980,0.999995,1.4458
RSSCN7,River,1328.jpg,1.9933,56.91,0.9996,6.1727,6.1727,0.999977,0.999995,1.4375
RSSCN7,River,1329.jpg,1.9972,58.79,0.9999,4.6836,4.6845,0.999976,0.999993,0.5533
RSSCN7,River,1330.jpg,1.9824,57.86,0.9998,5.3410,5.3412,0.999973,0.999992,1.7962
RSSCN7,River,1331.jpg,2.0082,54.86,0.9992,6.2962,6.2966,0.999852,0.999981,2.6821
RSSCN7,River,1332.jpg,2.0128,58.45,0.9997,4.9338,4.9339,0.999963,0.999991,0.7565
RSSCN7,River,1333.jpg,2.0089,55.28,0.9993,5.9560,5.9559,0.999869,0.999983,2.3614
RSSCN7,River,1334.jpg,1.9913,55.06,0.9996,6.3813,6.3812,0.999965,0.999987,0.1172
RSSCN7,River,1335.jpg,2.0001,54.68,0.9995,6.8239,6.8237,0.999966,0.999988,1.1126
RSSCN7,River,1336.jpg,1.9809,60.02,0.9998,4.8123,4.8122,0.999914,0.999991,0.8370
RSSCN7,River,1337.jpg,1.9982,53.63,0.9994,7.1787,7.1788,0.999946,0.999984,1.9287
RSSCN7,River,1338.jpg,2.0037,54.00,0.9995,7.1336,7.1340,0.999954,0.999986,2.0182
RSSCN7,River,1339.jpg,2.0016,54.54,0.9992,6.2739,6.2745,0.999881,0.999974,2.3936
RSSCN7,River,1340.jpg,1.9849,56.18,0.9996,5.5296,5.5302,0.999967,0.999985,1.1294
RSSCN7,River,1341.jpg,1.9976,53.47,0.9991,6.7444,6.7448,0.999912,0.999979,1.6433
RSSCN7,River,1342.jpg,1.9812,57.29,0.9996,5.1278,5.1283,0.999920,0.999978,1.3121
RSSCN7,River,1343.jpg,2.0066,55.95,0.9994,5.5294,5.5296,0.999852,0.999970,1.0524
RSSCN7,River,1344.jpg,2.0065,53.37,0.9992,7.1090,7.1097,0.999954,0.999982,1.2204
RSSCN7,River,1345.jpg,2.0047,54.77,0.9994,6.0314,6.0323,0.999879,0.999975,1.9166
RSSCN7,River,1346.jpg,2.0011,60.78,0.9998,4.0152,4.0156,0.999976,0.999992,0.0503
RSSCN7,River,1347.jpg,2.0012,55.98,0.9995,5.5455,5.5458,0.999911,0.999982,0.6313
RSSCN7,River,1348.jpg,1.9925,56.96,0.9996,5.2345,5.2348,0.999929,0.999985,0.6204
RSSCN7,River,1349.jpg,2.0014,53.86,0.9992,7.2633,7.2634,0.999960,0.999990,0.8989
RSSCN7,River,1350.jpg,2.0021,52.77,0.9991,7.1612,7.1615,0.999913,0.999980,0.8895
RSSCN7,River,1351.jpg,2.0057,58.60,0.9998,5.7146,5.7145,0.999985,0.999992,0.8673
RSSCN7,River,1352.jpg,2.0051,56.62,0.9997,5.7542,5.7545,0.999971,0.999987,1.1468
RSSCN7,River,1353.jpg,1.9989,57.30,0.9997,5.0198,5.0201,0.999941,0.999981,0.6453
RSSCN7,River,1354.jpg,2.0058,54.29,0.9993,6.3790,6.3798,0.999920,0.999975,0.9766
RSSCN7,River,1355.jpg,1.9881,57.87,0.9994,4.3276,4.3299,0.999507,0.999972,1.5096
RSSCN7,River,1356.jpg,2.0016,54.50,0.9993,6.1084,6.1096,0.999930,0.999972,2.0812
RSSCN7,River,1357.jpg,1.9992,54.05,0.9990,6.5078,6.5080,0.999923,0.999983,3.0992
RSSCN7,River,1358.jpg,1.9964,54.93,0.9993,6.7480,6.7486,0.999913,0.999987,0.8717
RSSCN7,River,1359.jpg,2.0021,56.23,0.9994,6.1960,6.1961,0.999970,0.999991,0.3624
RSSCN7,River,1360.jpg,2.0106,55.34,0.9994,6.5751,6.5753,0.999972,0.999992,0.7659
RSSCN7,River,1361.jpg,2.0019,53.97,0.9991,7.1023,7.1027,0.999940,0.999989,1.4925
RSSCN7,River,1362.jpg,2.0109,54.47,0.9992,7.3654,7.3657,0.999971,0.999993,1.3773
RSSCN7,River,1363.jpg,1.9925,53.80,0.9989,6.5840,6.5843,0.999845,0.999990,1.4367
RSSCN7,River,1364.jpg,1.9971,53.90,0.9989,6.7597,6.7599,0.999868,0.999990,2.1756
RSSCN7,River,1365.jpg,2.0130,55.83,0.9995,6.2121,6.2123,0.999960,0.999993,1.8480
RSSCN7,River,1366.jpg,1.9979,55.18,0.9995,7.0553,7.0557,0.999972,0.999992,2.2121
RSSCN7,River,1367.jpg,1.9958,57.71,0.9998,5.5538,5.5540,0.999980,0.999993,1.4122
RSSCN7,River,1368.jpg,1.9956,54.58,0.9988,6.9206,6.9211,0.999931,0.999991,1.3217
RSSCN7,River,1369.jpg,1.9957,54.54,0.9988,6.2163,6.2167,0.999682,0.999988,2.4395
RSSCN7,River,1370.jpg,1.9994,53.84,0.9987,6.5735,6.5740,0.999788,0.999986,2.1182
RSSCN7,River,1371.jpg,2.0013,60.87,0.9997,5.6052,5.6053,0.999917,0.999997,1.8380
RSSCN7,River,1372.jpg,2.0066,59.72,0.9997,5.6873,5.6874,0.999947,0.999994,0.8830
RSSCN7,River,1373.jpg,2.0214,60.90,0.9999,4.8369,4.8370,0.999981,0.999995,2.1231
RSSCN7,River,1374.jpg,1.9998,57.43,0.9994,5.1922,5.1926,0.999929,0.999986,1.1277
RSSCN7,River,1375.jpg,2.0057,58.17,0.9997,5.7804,5.7808,0.999909,0.999992,0.7013
RSSCN7,River,1376.jpg,1.9953,57.14,0.9996,6.0540,6.0545,0.999945,0.999992,0.9694
RSSCN7,River,1377.jpg,2.0033,56.72,0.9996,6.1296,6.1297,0.999957,0.999993,0.0210
RSSCN7,River,1378.jpg,1.9960,54.66,0.9992,6.7188,6.7191,0.999937,0.999992,1.1141
RSSCN7,River,1379.jpg,2.0093,54.77,0.9992,6.7278,6.7281,0.999942,0.999987,1.7621
RSSCN7,River,1380.jpg,1.9991,54.43,0.9993,6.5846,6.5853,0.999918,0.999988,0.3188
RSSCN7,River,1381.jpg,2.0093,53.15,0.9991,7.4293,7.4297,0.999945,0.999991,2.5998
RSSCN7,River,1382.jpg,2.0050,54.55,0.9992,6.7573,6.7577,0.999948,0.999990,1.9711
RSSCN7,River,1383.jpg,2.0109,57.06,0.9993,5.1959,5.1962,0.999668,0.999996,0.8684
RSSCN7,River,1384.jpg,1.9949,54.95,0.9992,6.7785,6.7787,0.999966,0.999995,0.2056
RSSCN7,River,1385.jpg,2.0013,54.46,0.9990,6.7338,6.7344,0.999877,0.999995,1.6192
RSSCN7,River,1386.jpg,1.9990,55.34,0.9994,6.1619,6.1625,0.999912,0.999995,0.2061
RSSCN7,River,1387.jpg,2.0125,54.14,0.9990,6.6303,6.6303,0.999841,0.999996,1.9968
RSSCN7,River,1388.jpg,2.0005,53.99,0.9990,7.0271,7.0276,0.999904,0.999994,1.1815
RSSCN7,River,1389.jpg,2.0054,53.86,0.9989,7.3370,7.3372,0.999933,0.999995,1.4201
RSSCN7,River,1390.jpg,2.0056,55.94,0.9995,5.7027,5.7031,0.999943,0.999984,1.4445
RSSCN7,River,1391.jpg,2.0010,56.81,0.9994,6.7048,6.7049,0.999945,0.999995,1.7453
RSSCN7,River,1392.jpg,2.0102,56.29,0.9994,6.1910,6.1913,0.999907,0.999995,0.1599
RSSCN7,River,1393.jpg,1.9930,56.01,0.9994,5.8787,5.8789,0.999961,0.999989,0.9389
RSSCN7,River,1394.jpg,1.9967,53.48,0.9992,7.5398,7.5404,0.999967,0.999994,0.6903
RSSCN7,River,1395.jpg,2.0220,57.40,0.9995,5.2192,5.2198,0.999845,0.999998,2.7208
RSSCN7,River,1396.jpg,2.0164,60.28,0.9998,4.2415,4.2415,0.999885,0.999999,0.0000
RSSCN7,River,1397.jpg,1.9971,53.65,0.9992,6.6391,6.6393,0.999932,0.999979,2.4106
RSSCN7,River,1398.jpg,2.0004,53.55,0.9994,7.1786,7.1789,0.999938,0.999992,2.2020
RSSCN7,River,1399.jpg,1.9979,54.34,0.9994,6.7483,6.7482,0.999946,0.999993,1.5535
RSSCN7,River,1400.jpg,1.9995,53.24,0.9985,6.4010,6.4015,0.999667,0.999977,2.5242
RSSCN7,River,1401.jpg,1.9995,58.21,0.9995,4.6931,4.6936,0.999725,0.999970,1.2338
RSSCN7,River,1402.jpg,1.9973,55.53,0.9993,5.9349,5.9353,0.999824,0.999972,1.9691
RSSCN7,River,1403.jpg,2.0009,54.30,0.9990,5.7357,5.7364,0.999659,0.999943,2.0310
RSSCN7,River,1404.jpg,2.0006,56.65,0.9994,4.9581,4.9577,0.999732,0.999972,2.4580
RSSCN7,River,1405.jpg,2.0008,53.51,0.9988,6.4000,6.4005,0.999757,0.999963,0.0762
RSSCN7,River,1406.jpg,2.0039,53.85,0.9987,6.7756,6.7761,0.999866,0.999976,2.6719
RSSCN7,River,1407.jpg,2.0026,52.13,0.9984,6.2453,6.2460,0.999483,0.999943,2.1524
RSSCN7,River,1408.jpg,1.9941,56.02,0.9994,5.2440,5.2449,0.999767,0.999975,3.5074
RSSCN7,River,1409.jpg,2.0019,55.19,0.9992,5.9491,5.9493,0.999846,0.999977,1.3245
RSSCN7,River,1410.jpg,2.0040,55.61,0.9993,5.6754,5.6759,0.999828,0.999981,0.5824
RSSCN7,River,1411.jpg,1.9991,52.41,0.9987,7.2203,7.2208,0.999887,0.999981,1.9347
RSSCN7,River,1412.jpg,2.0018,53.76,0.9990,6.9420,6.9424,0.999907,0.999986,1.9426
RSSCN7,River,1413.jpg,2.0024,52.07,0.9986,6.7715,6.7720,0.999745,0.999965,0.2705
RSSCN7,River,1414.jpg,1.9979,52.70,0.9990,7.0159,7.0165,0.999885,0.999979,0.6944
RSSCN7,River,1415.jpg,1.9977,53.12,0.9990,6.8454,6.8458,0.999874,0.999986,2.5656
RSSCN7,River,1416.jpg,1.9905,58.41,0.9996,5.1574,5.1580,0.999925,0.999988,1.6265
RSSCN7,River,1417.jpg,2.0175,59.06,0.9997,4.7311,4.7314,0.999920,0.999988,1.7053
RSSCN7,River,1418.jpg,2.0096,60.84,0.9997,5.4845,5.4846,0.999870,0.999995,0.5063
RSSCN7,River,1419.jpg,1.9908,57.75,0.9994,5.6587,5.6592,0.999716,0.999986,0.5142
RSSCN7,River,1420.jpg,1.9985,62.12,0.9998,4.4744,4.4752,0.999696,0.999995,1.3778
RSSCN7,River,1421.jpg,2.0015,56.97,0.9991,5.4925,5.4932,0.999706,0.999964,0.9345
RSSCN7,River,1422.jpg,1.9909,57.37,0.9992,5.3485,5.3494,0.999718,0.999968,0.0566
RSSCN7,River,1423.jpg,1.9950,57.06,0.9993,5.0365,5.0363,0.999766,0.999948,2.6592
RSSCN7,River,1424.jpg,2.0093,55.04,0.9989,6.1685,6.1691,0.999861,0.999975,1.1507
RSSCN7,River,1425.jpg,2.0074,55.20,0.9989,5.8221,5.8232,0.999730,0.999968,2.2133
RSSCN7,River,1426.jpg,1.9955,55.19,0.9990,6.3949,6.3953,0.999886,0.999983,1.7002
RSSCN7,River,1427.jpg,2.0001,53.07,0.9986,6.0661,6.0666,0.999539,0.999956,0.1207
RSSCN7,River,1428.jpg,1.9938,56.23,0.9994,5.9822,5.9822,0.999927,0.999992,1.0125
RSSCN7,River,1429.jpg,2.0007,59.99,0.9997,5.9657,5.9657,0.999951,0.999995,0.4743
RSSCN7,River,1430.jpg,1.9736,59.86,0.9997,5.6097,5.6097,0.999925,0.999983,1.6656
RSSCN7,River,1431.jpg,2.0095,53.81,0.9989,6.6660,6.6664,0.999820,0.999976,1.6896
RSSCN7,River,1432.jpg,1.9928,56.30,0.9994,5.8499,5.8502,0.999881,0.999981,1.4463
RSSCN7,River,1433.jpg,1.9857,56.86,0.9994,6.2963,6.2963,0.999932,0.999989,2.8563
RSSCN7,River,1434.jpg,2.0034,55.30,0.9992,5.7484,5.7489,0.999760,0.999989,2.0063
RSSCN7,River,1435.jpg,2.0094,52.59,0.9986,6.7612,6.7617,0.999777,0.999987,2.1407
RSSCN7,River,1436.jpg,2.0087,58.05,0.9994,6.5776,6.5777,0.999945,0.999996,1.7744
RSSCN7,River,1437.jpg,2.0068,54.21,0.9988,6.8301,6.8303,0.999901,0.999989,2.3919
RSSCN7,River,1438.jpg,1.9937,56.43,0.9992,6.3847,6.3847,0.999953,0.999993,3.8236
RSSCN7,River,1439.jpg,2.0060,58.78,0.9995,6.3987,6.3989,0.999965,0.999994,0.1798
RSSCN7,River,1440.jpg,1.9963,55.53,0.9991,6.3826,6.3829,0.999920,0.999991,1.1537
RSSCN7,River,1441.jpg,1.9956,54.85,0.9992,6.6742,6.6745,0.999865,0.999990,1.0120
RSSCN7,River,1442.jpg,1.9927,54.58,0.9992,6.8637,6.8637,0.999887,0.999989,0.0903
RSSCN7,River,1443.jpg,2.0032,53.72,0.9988,6.6087,6.6092,0.999853,0.999986,1.0890
RSSCN7,River,1444.jpg,1.9945,54.21,0.9988,6.7135,6.7138,0.999854,0.999989,2.3820
RSSCN7,River,1445.jpg,1.9956,52.53,0.9984,6.9028,6.9030,0.999805,0.999988,1.7856
RSSCN7,River,1446.jpg,2.0034,54.20,0.9988,7.2035,7.2038,0.999934,0.999992,2.7639
RSSCN7,River,1447.jpg,2.0013,56.92,0.9995,5.1700,5.1703,0.999867,0.999982,1.8910
RSSCN7,River,1448.jpg,2.0127,55.43,0.9991,6.4387,6.4390,0.999837,0.999987,3.1245
RSSCN7,River,1449.jpg,1.9888,60.33,0.9997,5.4279,5.4282,0.999969,0.999992,1.5674
RSSCN7,River,1450.jpg,1.9970,53.12,0.9983,5.9351,5.9369,0.999705,0.999986,2.3933
RSSCN7,River,1451.jpg,2.0058,55.96,0.9991,6.4275,6.4277,0.999907,0.999985,1.4291
RSSCN7,River,1452.jpg,1.9961,55.83,0.9992,6.2470,6.2475,0.999833,0.999987,1.4214
RSSCN7,River,1453.jpg,2.0023,57.20,0.9994,6.0982,6.0985,0.999873,0.999986,3.3800
RSSCN7,River,1454.jpg,2.0013,54.95,0.9992,6.5411,6.5412,0.999923,0.999983,1.0534
RSSCN7,River,1455.jpg,1.9975,54.26,0.9991,6.4928,6.4932,0.999876,0.999977,0.1424
RSSCN7,River,1456.jpg,1.9883,54.64,0.9988,5.8985,5.8987,0.999685,0.999970,1.5247
RSSCN7,River,1457.jpg,1.9931,54.31,0.9991,6.9684,6.9686,0.999901,0.999992,0.8871
RSSCN7,River,1458.jpg,1.9915,54.42,0.9991,6.5408,6.5412,0.999850,0.999988,0.3063
RSSCN7,River,1459.jpg,1.9991,55.23,0.9990,6.7214,6.7218,0.999900,0.999991,0.7648
RSSCN7,River,1460.jpg,2.0134,55.35,0.9991,6.5363,6.5366,0.999909,0.999991,1.2020
RSSCN7,River,1461.jpg,2.0071,56.85,0.9995,6.5289,6.5288,0.999939,0.999989,2.0423
RSSCN7,River,1462.jpg,2.0134,54.98,0.9994,6.9644,6.9648,0.999960,0.999990,1.3410
RSSCN7,River,1463.jpg,2.0029,57.24,0.9995,5.6261,5.6264,0.999944,0.999990,2.3028
RSSCN7,River,1464.jpg,2.0080,57.63,0.9995,5.3983,5.3990,0.999865,0.999986,0.7288
RSSCN7,River,1465.jpg,1.9972,55.88,0.9991,5.3450,5.3462,0.999590,0.999972,1.9696
RSSCN7,River,1466.jpg,1.9914,57.01,0.9995,5.1165,5.1165,0.999837,0.999988,2.1055
RSSCN7,River,1467.jpg,1.9982,55.20,0.9992,6.1447,6.1452,0.999857,0.999983,2.7650
RSSCN7,River,1468.jpg,1.9872,57.25,0.9994,5.7232,5.7237,0.999899,0.999990,1.3951
RSSCN7,River,1469.jpg,2.0029,58.34,0.9995,5.1373,5.1373,0.999906,0.999991,0.9677
RSSCN7,River,1470.jpg,1.9966,53.44,0.9990,7.0365,7.0367,0.999884,0.999985,1.6631
RSSCN7,River,1471.jpg,1.9899,56.88,0.9994,6.5617,6.5621,0.999894,0.999991,0.0855
RSSCN7,River,1472.jpg,1.9979,55.54,0.9993,6.5716,6.5719,0.999873,0.999992,0.5497
RSSCN7,River,1473.jpg,2.0016,53.97,0.9989,6.9035,6.9039,0.999863,0.999991,2.3220
RSSCN7,River,1474.jpg,2.0018,53.48,0.9988,6.8357,6.8364,0.999874,0.999990,1.2224
RSSCN7,River,1475.jpg,1.9816,59.27,0.9995,5.3477,5.3477,0.999762,0.999986,1.2251
RSSCN7,River,1476.jpg,1.9864,57.53,0.9994,5.7320,5.7323,0.999762,0.999979,2.1611
RSSCN7,River,1477.jpg,2.0183,57.21,0.9993,5.5126,5.5130,0.999766,0.999979,2.6056
RSSCN7,River,1478.jpg,2.0006,55.04,0.9991,6.3448,6.3453,0.999859,0.999975,3.5125
RSSCN7,River,1479.jpg,1.9931,55.15,0.9988,5.7496,5.7506,0.999616,0.999969,0.9945
RSSCN7,River,1480.jpg,2.0173,57.08,0.9997,5.3959,5.3964,0.999943,0.999991,0.3666
RSSCN7,River,1481.jpg,2.0055,56.87,0.9996,5.6033,5.6034,0.999921,0.999990,0.5558
RSSCN7,River,1482.jpg,2.0028,56.65,0.9996,5.8017,5.8021,0.999938,0.999990,1.6622
RSSCN7,River,1483.jpg,2.0011,57.45,0.9997,5.7523,5.7526,0.999945,0.999992,0.5483
RSSCN7,River,1484.jpg,1.9914,57.15,0.9994,5.7119,5.7121,0.999914,0.999991,0.7502
RSSCN7,River,1485.jpg,1.9984,51.83,0.9983,5.6488,5.6503,0.998639,0.999928,3.3053
RSSCN7,River,1486.jpg,2.0087,57.23,0.9993,5.8790,5.8794,0.999859,0.999992,0.5012
RSSCN7,River,1487.jpg,1.9958,53.68,0.9984,5.7279,5.7297,0.999728,0.999984,2.0055
RSSCN7,River,1488.jpg,2.0201,62.93,0.9998,5.7846,5.7848,0.999929,0.999998,0.7189
RSSCN7,River,1489.jpg,2.0331,61.49,0.9997,5.6943,5.6944,0.999896,0.999998,0.9000
RSSCN7,River,1490.jpg,2.0045,60.42,0.9997,5.7162,5.7163,0.999880,0.999997,0.6990
RSSCN7,River,1491.jpg,2.0044,53.05,0.9981,6.0508,6.0518,0.999486,0.999972,1.7549
RSSCN7,River,1492.jpg,1.9868,55.20,0.9990,5.6392,5.6401,0.999465,0.999971,1.9346
RSSCN7,River,1493.jpg,1.9945,57.76,0.9995,5.3715,5.3717,0.999876,0.999986,1.4861
RSSCN7,River,1494.jpg,1.9995,53.88,0.9994,7.0041,7.0045,0.999938,0.999986,0.0076
RSSCN7,River,1495.jpg,2.0022,54.70,0.9995,6.4668,6.4668,0.999881,0.999991,1.8758
RSSCN7,River,1496.jpg,2.0003,54.93,0.9995,6.9231,6.9235,0.999943,0.999989,2.3894
RSSCN7,River,1497.jpg,2.0082,55.46,0.9992,6.4180,6.4184,0.999923,0.999985,0.4634
RSSCN7,River,1498.jpg,1.9990,53.68,0.9988,6.0992,6.0998,0.999690,0.999957,2.3048
RSSCN7,River,1499.jpg,2.0108,57.50,0.9996,5.1095,5.1096,0.999862,0.999977,1.2806
RSSCN7,River,1500.jpg,1.9991,53.65,0.9991,6.6651,6.6654,0.999917,0.999977,1.7929
RSSCN7,River,1501.jpg,2.0087,56.22,0.9993,6.6875,6.6876,0.999902,0.999991,2.0667
RSSCN7,River,1502.jpg,2.0111,54.59,0.9987,6.4667,6.4675,0.999847,0.999977,2.0697
RSSCN7,River,1503.jpg,2.0047,56.58,0.9994,6.1209,6.1210,0.999886,0.999988,1.4160
RSSCN7,River,1504.jpg,2.0077,55.88,0.9992,6.5905,6.5907,0.999897,0.999988,0.3479
RSSCN7,River,1505.jpg,1.9931,54.61,0.9988,6.5824,6.5823,0.999899,0.999982,3.1131
RSSCN7,River,1506.jpg,2.0073,54.03,0.9987,6.6130,6.6136,0.999856,0.999980,0.9202
RSSCN7,River,1507.jpg,1.9922,56.54,0.9992,6.2145,6.2148,0.999916,0.999983,2.8167
RSSCN7,River,1508.jpg,1.9935,53.38,0.9985,6.4002,6.4005,0.999765,0.999970,1.8339
RSSCN7,River,1509.jpg,2.0013,54.52,0.9988,6.0322,6.0327,0.999800,0.999975,3.0977
RSSCN7,River,1510.jpg,1.9991,52.55,0.9983,6.4568,6.4571,0.999638,0.999963,2.1625
RSSCN7,River,1511.jpg,1.9973,53.32,0.9985,6.3757,6.3763,0.999743,0.999963,2.9122
RSSCN7,River,1512.jpg,1.9991,52.22,0.9983,6.4696,6.4701,0.999607,0.999961,1.1851
RSSCN7,River,1513.jpg,1.9949,53.07,0.9984,6.7423,6.7426,0.999817,0.999971,1.4902
RSSCN7,River,1514.jpg,1.9942,53.11,0.9986,6.8033,6.8036,0.999848,0.999973,2.8487
RSSCN7,River,1515.jpg,1.9810,63.23,0.9998,4.4499,4.4503,0.999695,0.999997,0.7107
RSSCN7,River,1516.jpg,2.0231,59.35,0.9997,5.2843,5.2846,0.999909,0.999994,1.4207
RSSCN7,River,1517.jpg,2.0106,55.48,0.9992,6.2308,6.2313,0.999857,0.999986,1.5156
RSSCN7,River,1518.jpg,2.0000,55.40,0.9991,5.4576,5.4580,0.999592,0.999978,0.3200
RSSCN7,River,1519.jpg,2.0044,53.59,0.9985,6.4217,6.4220,0.999720,0.999979,2.5669
RSSCN7,River,1520.jpg,2.0049,53.27,0.9982,6.0395,6.0401,0.999416,0.999971,1.7089
RSSCN7,River,1521.jpg,1.9981,53.98,0.9985,6.1861,6.1867,0.999745,0.999980,2.1597
RSSCN7,River,1522.jpg,1.9930,55.34,0.9986,5.2860,5.2882,0.999481,0.999973,1.3436
RSSCN7,River,1523.jpg,2.0059,54.66,0.9987,6.0480,6.0490,0.999836,0.999974,0.2320
RSSCN7,River,1524.jpg,2.0038,53.56,0.9985,6.8549,6.8553,0.999865,0.999984,3.2114
RSSCN7,River,1525.jpg,2.0022,54.20,0.9986,6.4745,6.4750,0.999804,0.999980,2.1489
RSSCN7,River,1526.jpg,2.0113,54.64,0.9989,6.5486,6.5492,0.999849,0.999985,2.0419
RSSCN7,River,1527.jpg,2.0020,54.30,0.9987,6.4507,6.4514,0.999815,0.999984,0.8707
RSSCN7,River,1528.jpg,2.0009,54.33,0.9988,6.4606,6.4613,0.999825,0.999979,2.4371
RSSCN7,River,1529.jpg,1.9938,56.37,0.9995,5.4810,5.4810,0.999932,0.999981,1.4921
RSSCN7,River,1530.jpg,1.9948,55.24,0.9991,5.9216,5.9222,0.999900,0.999983,3.0227
RSSCN7,River,1531.jpg,1.9986,56.49,0.9993,5.8437,5.8442,0.999921,0.999983,2.6221
RSSCN7,River,1532.jpg,1.9959,54.95,0.9991,6.4756,6.4761,0.999824,0.999979,2.6240
RSSCN7,River,1533.jpg,2.0006,54.88,0.9990,6.2748,6.2754,0.999898,0.999981,1.1938
RSSCN7,River,1534.jpg,2.0102,53.48,0.9985,6.3902,6.3907,0.999740,0.999978,2.8034
RSSCN7,River,1535.jpg,1.9987,52.97,0.9987,6.6141,6.6148,0.999812,0.999979,0.2557
RSSCN7,River,1536.jpg,1.9988,52.85,0.9984,6.5294,6.5299,0.999691,0.999973,0.6996
RSSCN7,River,1537.jpg,1.9924,58.48,0.9996,4.9628,4.9629,0.999907,0.999996,1.3247
RSSCN7,River,1538.jpg,2.0067,57.92,0.9995,4.6962,4.6963,0.999709,0.999969,1.5555
RSSCN7,River,1539.jpg,2.0009,55.36,0.9995,5.9968,5.9966,0.999922,0.999983,0.2560
RSSCN7,River,1540.jpg,1.9980,55.87,0.9994,6.0080,6.0083,0.999906,0.999985,1.0665
RSSCN7,River,1541.jpg,1.9959,57.02,0.9992,6.0035,6.0039,0.999877,0.999979,0.3317
RSSCN7,River,1542.jpg,2.0055,54.69,0.9991,6.3387,6.3389,0.999782,0.999987,1.6793
RSSCN7,River,1543.jpg,2.0052,54.39,0.9990,6.6934,6.6936,0.999873,0.999982,3.1808
RSSCN7,River,1544.jpg,1.9978,54.14,0.9989,6.9561,6.9566,0.999904,0.999986,2.2463
RSSCN7,River,1545.jpg,2.0075,58.54,0.9995,6.2344,6.2345,0.999955,0.999995,1.0032
RSSCN7,River,1546.jpg,1.9931,53.46,0.9985,6.4265,6.4270,0.999724,0.999989,2.7952
RSSCN7,River,1547.jpg,1.9985,53.75,0.9988,7.1535,7.1538,0.999923,0.999991,2.7121
RSSCN7,River,1548.jpg,1.9968,56.66,0.9991,6.5266,6.5268,0.999903,0.999995,2.8902
RSSCN7,River,1549.jpg,2.0035,56.41,0.9992,6.3078,6.3082,0.999933,0.999993,1.4690
RSSCN7,River,1550.jpg,1.9842,61.85,0.9998,5.5174,5.5175,0.999981,0.999997,2.0283
RSSCN7,River,1551.jpg,2.0062,54.32,0.9987,6.7447,6.7448,0.999862,0.999990,2.8225
RSSCN7,River,1552.jpg,1.9977,53.49,0.9985,6.5913,6.5918,0.999779,0.999990,1.3799
RSSCN7,River,1553.jpg,2.0073,54.93,0.9989,7.0225,7.0227,0.999905,0.999992,1.0344
RSSCN7,River,1554.jpg,2.0084,56.07,0.9995,5.2793,5.2799,0.999853,0.999979,0.4676
RSSCN7,River,1555.jpg,2.0013,52.99,0.9988,6.4660,6.4664,0.999783,0.999974,3.0763
RSSCN7,River,1556.jpg,2.0070,55.58,0.9993,6.6959,6.6956,0.999924,0.999991,2.9602
RSSCN7,River,1557.jpg,1.9991,57.82,0.9995,6.0712,6.0713,0.999899,0.999996,2.6589
RSSCN7,River,1558.jpg,2.0209,58.62,0.9996,5.5097,5.5099,0.999933,0.999995,0.4964
RSSCN7,River,1559.jpg,2.0117,56.50,0.9991,5.9994,6.0005,0.999860,0.999991,1.3672
RSSCN7,River,1560.jpg,1.9960,59.50,0.9996,5.1359,5.1364,0.999899,0.999986,0.7738
RSSCN7,River,1561.jpg,1.9977,58.28,0.9994,5.0269,5.0272,0.999795,0.999977,1.4946
RSSCN7,River,1562.jpg,2.0070,56.88,0.9993,6.1491,6.1495,0.999905,0.999984,0.2779
RSSCN7,River,1563.jpg,2.0055,55.23,0.9993,6.3612,6.3617,0.999936,0.999986,1.2913
RSSCN7,River,1564.jpg,2.0004,55.07,0.9992,6.9116,6.9119,0.999911,0.999991,0.6511
RSSCN7,River,1565.jpg,1.9877,54.61,0.9992,6.5200,6.5202,0.999920,0.999986,1.0868
RSSCN7,River,1566.jpg,2.0012,55.46,0.9991,6.4365,6.4367,0.999878,0.999986,2.1479
RSSCN7,River,1567.jpg,2.0132,55.86,0.9991,6.0162,6.0168,0.999846,0.999983,0.6134
RSSCN7,River,1568.jpg,2.0030,55.35,0.9992,5.8484,5.8488,0.999775,0.999983,2.0143
RSSCN7,River,1569.jpg,1.9969,54.25,0.9991,6.4273,6.4275,0.999867,0.999982,0.9677
RSSCN7,River,1570.jpg,2.0070,55.76,0.9992,6.4830,6.4835,0.999899,0.999990,1.9608
RSSCN7,River,1571.jpg,1.9895,53.42,0.9989,7.0765,7.0770,0.999902,0.999988,0.5281
RSSCN7,River,1572.jpg,1.9998,52.74,0.9988,7.2876,7.2879,0.999891,0.999989,2.0796
RSSCN7,River,1573.jpg,2.0080,56.33,0.9993,5.8671,5.8669,0.999839,0.999987,2.1383
RSSCN7,River,1574.jpg,1.9989,55.11,0.9994,6.8012,6.8015,0.999886,0.999987,1.6965
RSSCN7,River,1575.jpg,2.0035,53.64,0.9991,7.0054,7.0056,0.999867,0.999988,2.4449
RSSCN7,River,1576.jpg,2.0030,56.39,0.9993,6.1700,6.1702,0.999838,0.999995,1.8501
RSSCN7,River,1577.jpg,2.0073,57.55,0.9993,6.0572,6.0575,0.999915,0.999990,1.7152
RSSCN7,River,1578.jpg,1.9921,59.52,0.9996,5.6677,5.6677,0.999905,0.999991,1.5141
RSSCN7,River,1579.jpg,1.9862,54.91,0.9988,5.8354,5.8360,0.999501,0.999967,3.0174
RSSCN7,River,1580.jpg,1.9958,54.62,0.9988,6.0036,6.0044,0.999655,0.999964,2.2675
RSSCN7,River,1581.jpg,2.0020,54.06,0.9987,5.9760,5.9763,0.999661,0.999961,2.9063
RSSCN7,River,1582.jpg,2.0042,56.69,0.9992,5.8575,5.8578,0.999782,0.999985,1.6277
RSSCN7,River,1583.jpg,1.9985,55.69,0.9990,6.1245,6.1252,0.999761,0.999981,2.4663
RSSCN7,River,1584.jpg,2.0012,64.20,0.9999,5.1777,5.1778,0.999904,0.999997,0.0745
RSSCN7,River,1585.jpg,1.9907,55.30,0.9993,6.6929,6.6931,0.999903,0.999990,1.9213
RSSCN7,River,1586.jpg,2.0023,56.40,0.9995,5.7518,5.7519,0.999912,0.999993,1.4063
RSSCN7,River,1587.jpg,1.9996,56.10,0.9996,5.9124,5.9128,0.999928,0.999989,1.1143
RSSCN7,River,1588.jpg,1.9948,54.67,0.9994,6.4669,6.4674,0.999932,0.999988,0.6056
RSSCN7,River,1589.jpg,1.9955,58.98,0.9993,4.8506,4.8520,0.999181,0.999989,1.1991
RSSCN7,River,1590.jpg,2.0125,57.59,0.9994,5.6898,5.6901,0.999840,0.999992,1.7825
RSSCN7,River,1591.jpg,1.9988,56.71,0.9994,6.0189,6.0193,0.999814,0.999994,1.1270
RSSCN7,River,1592.jpg,1.9935,58.95,0.9994,5.2900,5.2902,0.999647,0.999994,1.0591
RSSCN7,River,1593.jpg,1.9991,59.06,0.9996,5.3786,5.3789,0.999847,0.999996,1.4292
RSSCN7,River,1594.jpg,2.0037,57.50,0.9994,6.4458,6.4458,0.999972,0.999992,1.4940
RSSCN7,River,1595.jpg,1.9964,59.18,0.9995,6.3875,6.3876,0.999917,0.999994,1.0665
RSSCN7,River,1596.jpg,2.0002,58.42,0.9996,6.1692,6.1694,0.999942,0.999993,1.1049
RSSCN7,River,1597.jpg,2.0049,58.95,0.9995,5.7767,5.7771,0.999892,0.999993,1.6705
RSSCN7,River,1598.jpg,2.0042,53.83,0.9989,6.8386,6.8389,0.999897,0.999983,3.4510
RSSCN7,River,1599.jpg,2.0031,56.21,0.9992,7.0682,7.0683,0.999973,0.999996,1.0689
RSSCN7,River,1600.jpg,2.0012,57.51,0.9994,6.6267,6.6269,0.999989,0.999996,0.7819
UCMerced_LandUse,agricultural,agricultural00.tif,2.0039,52.20,0.9985,6.2052,6.2060,0.999491,0.999986,1.6972
UCMerced_LandUse,agricultural,agricultural01.tif,2.0017,52.14,0.9984,5.9950,5.9960,0.999204,0.999986,1.2456
UCMerced_LandUse,agricultural,agricultural02.tif,2.0095,52.05,0.9985,6.1433,6.1442,0.999347,0.999986,0.8223
UCMerced_LandUse,agricultural,agricultural03.tif,2.0016,52.18,0.9984,5.8947,5.8955,0.999094,0.999986,1.2957
UCMerced_LandUse,agricultural,agricultural04.tif,1.9969,53.48,0.9989,6.8417,6.8421,0.999872,0.999992,1.4212
UCMerced_LandUse,agricultural,agricultural05.tif,1.9944,51.70,0.9992,6.7004,6.7008,0.999670,0.999984,0.8901
UCMerced_LandUse,agricultural,agricultural06.tif,2.0000,51.73,0.9990,6.5167,6.5171,0.999578,0.999981,2.8237
UCMerced_LandUse,agricultural,agricultural07.tif,1.9971,51.70,0.9992,6.5367,6.5374,0.999614,0.999985,0.1443
UCMerced_LandUse,agricultural,agricultural08.tif,2.0066,51.75,0.9994,6.7686,6.7691,0.999735,0.999984,1.2298
UCMerced_LandUse,agricultural,agricultural09.tif,2.0082,51.71,0.9996,6.9718,6.9723,0.999800,0.999984,0.4484
UCMerced_LandUse,agricultural,agricultural10.tif,2.0119,52.50,0.9987,6.5390,6.5398,0.999714,0.999994,1.7663
UCMerced_LandUse,agricultural,agricultural11.tif,1.9912,54.61,0.9982,5.3144,5.3158,0.998812,0.999989,2.8861
UCMerced_LandUse,agricultural,agricultural12.tif,1.9902,53.45,0.9989,6.4947,6.4953,0.999741,0.999996,6.8730
UCMerced_LandUse,agricultural,agricultural13.tif,2.0059,52.03,0.9989,6.1307,6.1318,0.999455,0.999985,3.3195
UCMerced_LandUse,agricultural,agricultural14.tif,1.9969,51.72,0.9994,6.6751,6.6757,0.999720,0.999984,1.7982
UCMerced_LandUse,agricultural,agricultural15.tif,1.9964,51.69,0.9994,6.8806,6.8811,0.999764,0.999988,2.4881
UCMerced_LandUse,agricultural,agricultural16.tif,1.9967,52.20,0.9986,6.3907,6.3914,0.999581,0.999990,1.3289
UCMerced_LandUse,agricultural,agricultural17.tif,1.9975,52.69,0.9984,6.1604,6.1612,0.999433,0.999992,2.7142
UCMerced_LandUse,agricultural,agricultural18.tif,2.0042,51.88,0.9989,6.2825,6.2832,0.999483,0.999986,2.6577
UCMerced_LandUse,agricultural,agricultural19.tif,1.9919,54.32,0.9988,6.4830,6.4833,0.999762,0.999995,0.5772
UCMerced_LandUse,agricultural,agricultural20.tif,1.9980,51.78,0.9990,6.4150,6.4155,0.999512,0.999985,1.2216
UCMerced_LandUse,agricultural,agricultural21.tif,2.0019,51.92,0.9989,6.9778,6.9784,0.999818,0.999984,2.2266
UCMerced_LandUse,agricultural,agricultural22.tif,1.9956,51.96,0.9990,7.1715,7.1720,0.999882,0.999986,2.2456
UCMerced_LandUse,agricultural,agricultural23.tif,1.9913,51.76,0.9991,7.1411,7.1414,0.999852,0.999984,1.9941
UCMerced_LandUse,agricultural,agricultural24.tif,2.0005,51.90,0.9990,6.3137,6.3145,0.999541,0.999989,2.8076
UCMerced_LandUse,agricultural,agricultural25.tif,1.9973,51.93,0.9991,6.5576,6.5581,0.999660,0.999990,3.3095
UCMerced_LandUse,agricultural,agricultural26.tif,2.0063,54.12,0.9989,6.2678,6.2680,0.999736,0.999995,2.8090
UCMerced_LandUse,agricultural,agricultural27.tif,1.9989,51.90,0.9983,5.9900,5.9910,0.999171,0.999972,2.3299
UCMerced_LandUse,agricultural,agricultural28.tif,2.0095,51.92,0.9982,5.7872,5.7884,0.998852,0.999974,0.5619
UCMerced_LandUse,agricultural,agricultural29.tif,2.0067,51.81,0.9985,6.1580,6.1589,0.999324,0.999974,3.7067
UCMerced_LandUse,agricultural,agricultural30.tif,2.0033,54.61,0.9988,6.1394,6.1399,0.999628,0.999995,1.4246
UCMerced_LandUse,agricultural,agricultural31.tif,2.0054,53.45,0.9987,6.4678,6.4682,0.999701,0.999992,0.1802
UCMerced_LandUse,agricultural,agricultural32.tif,1.9997,53.92,0.9982,4.9331,4.9359,0.997814,0.999981,2.1654
UCMerced_LandUse,agricultural,agricultural33.tif,1.9939,54.51,0.9983,4.8707,4.8736,0.997913,0.999985,2.6476
UCMerced_LandUse,agricultural,agricultural34.tif,2.0042,52.09,0.9984,6.1966,6.1974,0.999423,0.999980,0.6256
UCMerced_LandUse,agricultural,agricultural35.tif,1.9977,52.46,0.9981,5.7460,5.7469,0.998921,0.999983,2.0732
UCMerced_LandUse,agricultural,agricultural36.tif,2.0012,52.69,0.9981,5.8246,5.8256,0.999184,0.999985,2.0539
UCMerced_LandUse,agricultural,agricultural37.tif,1.9927,57.16,0.9993,5.2958,5.2966,0.999527,0.999995,1.9048
UCMerced_LandUse,agricultural,agricultural38.tif,1.9960,58.63,0.9994,5.1018,5.1025,0.999473,0.999996,1.2097
UCMerced_LandUse,agricultural,agricultural39.tif,1.9920,56.08,0.9990,5.3079,5.3093,0.999145,0.999996,2.4681
UCMerced_LandUse,agricultural,agricultural40.tif,1.9618,67.57,0.9999,4.8612,4.8617,0.999886,1.000000,0.2015
UCMerced_LandUse,agricultural,agricultural41.tif,2.0110,58.52,0.9994,5.2160,5.2169,0.999477,0.999998,0.7364
UCMerced_LandUse,agricultural,agricultural42.tif,1.9993,54.69,0.9988,6.2613,6.2618,0.999688,0.999996,1.6965
UCMerced_LandUse,agricultural,agricultural43.tif,2.0024,54.91,0.9987,5.5784,5.5798,0.999248,0.999995,3.5962
UCMerced_LandUse,agricultural,agricultural44.tif,1.9993,56.64,0.9991,5.7799,5.7804,0.999619,0.999997,1.2012
UCMerced_LandUse,agricultural,agricultural45.tif,2.0084,58.90,0.9994,5.4549,5.4555,0.999640,0.999998,1.5056
UCMerced_LandUse,agricultural,agricultural46.tif,2.0051,55.81,0.9990,5.6708,5.6715,0.999513,0.999995,1.5565
UCMerced_LandUse,agricultural,agricultural47.tif,2.0113,59.83,0.9995,5.1191,5.1195,0.999570,0.999999,0.2027
UCMerced_LandUse,agricultural,agricultural48.tif,1.9921,56.12,0.9990,5.7461,5.7469,0.999544,0.999996,0.6421
UCMerced_LandUse,agricultural,agricultural49.tif,1.9827,61.36,0.9996,5.8661,5.8664,0.999887,0.999999,0.4929
UCMerced_LandUse,agricultural,agricultural50.tif,2.0066,57.47,0.9992,5.6142,5.6151,0.999590,0.999997,1.0532
UCMerced_LandUse,agricultural,agricultural51.tif,2.0059,59.59,0.9995,5.2054,5.2062,0.999565,0.999998,0.2556
UCMerced_LandUse,agricultural,agricultural52.tif,2.0057,57.65,0.9992,5.3764,5.3775,0.999455,0.999998,2.8175
UCMerced_LandUse,agricultural,agricultural53.tif,2.0117,56.52,0.9991,5.7218,5.7224,0.999578,0.999998,1.1236
UCMerced_LandUse,agricultural,agricultural54.tif,2.0001,57.75,0.9992,5.2115,5.2128,0.999337,0.999998,0.0709
UCMerced_LandUse,agricultural,agricultural55.tif,1.9959,71.41,1.0000,4.2151,4.2153,0.999886,1.000000,1.1396
UCMerced_LandUse,agricultural,agricultural56.tif,1.9793,63.16,0.9998,5.0437,5.0441,0.999767,0.999999,0.5072
UCMerced_LandUse,agricultural,agricultural57.tif,1.9991,56.22,0.9990,5.6936,5.6944,0.999524,0.999997,0.8975
UCMerced_LandUse,agricultural,agricultural58.tif,2.0080,58.79,0.9994,5.4743,5.4751,0.999631,0.999998,1.6318
UCMerced_LandUse,agricultural,agricultural59.tif,2.0104,57.44,0.9993,5.6642,5.6650,0.999625,0.999998,1.5907
UCMerced_LandUse,agricultural,agricultural60.tif,2.0015,54.66,0.9988,6.0452,6.0457,0.999570,0.999996,2.6762
UCMerced_LandUse,agricultural,agricultural61.tif,2.0037,52.90,0.9986,6.3001,6.3011,0.999677,0.999996,0.7101
UCMerced_LandUse,agricultural,agricultural62.tif,1.9953,51.94,0.9985,5.8008,5.8023,0.999019,0.999986,1.3023
UCMerced_LandUse,agricultural,agricultural63.tif,2.0038,53.99,0.9982,5.0755,5.0781,0.998158,0.999992,3.4002
UCMerced_LandUse,agricultural,agricultural64.tif,2.0041,55.04,0.9985,4.8213,4.8237,0.998154,0.999995,0.2164
UCMerced_LandUse,agricultural,agricultural65.tif,2.0043,53.79,0.9987,6.3341,6.3346,0.999693,0.999993,1.7422
UCMerced_LandUse,agricultural,agricultural66.tif,1.9962,51.92,0.9988,5.9997,6.0012,0.999293,0.999987,1.8735
UCMerced_LandUse,agricultural,agricultural67.tif,2.0015,51.69,0.9994,6.3806,6.3820,0.999639,0.999986,2.1924
UCMerced_LandUse,agricultural,agricultural68.tif,1.9941,51.68,0.9994,6.4468,6.4475,0.999684,0.999984,12.1909
UCMerced_LandUse,agricultural,agricultural69.tif,1.9988,51.69,0.9995,6.4752,6.4756,0.999693,0.999984,13.2592
UCMerced_LandUse,agricultural,agricultural70.tif,2.0026,51.71,0.9995,6.6243,6.6236,0.999738,0.999984,18.7045
UCMerced_LandUse,agricultural,agricultural71.tif,2.0033,51.70,0.9995,6.5269,6.5273,0.999709,0.999985,12.5116
UCMerced_LandUse,agricultural,agricultural72.tif,1.9979,51.69,0.9994,6.3691,6.3705,0.999633,0.999984,8.7791
UCMerced_LandUse,agricultural,agricultural73.tif,2.0012,52.20,0.9983,5.7535,5.7553,0.999008,0.999988,3.5486
UCMerced_LandUse,agricultural,agricultural74.tif,1.9916,53.44,0.9984,5.6051,5.6067,0.999047,0.999990,1.3463
UCMerced_LandUse,agricultural,agricultural75.tif,1.9755,65.04,0.9998,4.5201,4.5209,0.999693,0.999999,1.3411
UCMerced_LandUse,agricultural,agricultural76.tif,2.0012,53.64,0.9987,6.3416,6.3424,0.999741,0.999992,2.8836
UCMerced_LandUse,agricultural,agricultural77.tif,2.0008,52.02,0.9992,6.8529,6.8535,0.999804,0.999991,0.4281
UCMerced_LandUse,agricultural,agricultural78.tif,1.9962,53.93,0.9981,4.7740,4.7785,0.997177,0.999988,3.1141
UCMerced_LandUse,agricultural,agricultural79.tif,2.0029,52.90,0.9986,6.3090,6.3097,0.999579,0.999992,1.8843
UCMerced_LandUse,agricultural,agricultural80.tif,1.9888,51.98,0.9985,6.1058,6.1065,0.999297,0.999992,2.1906
UCMerced_LandUse,agricultural,agricultural81.tif,1.9895,52.00,0.9985,6.0272,6.0281,0.999220,0.999989,1.2807
UCMerced_LandUse,agricultural,agricultural82.tif,1.9972,52.09,0.9984,5.9713,5.9723,0.999169,0.999990,0.3079
UCMerced_LandUse,agricultural,agricultural83.tif,2.0014,51.97,0.9985,5.7419,5.7443,0.999119,0.999989,0.3040
UCMerced_LandUse,agricultural,agricultural84.tif,2.0074,51.78,0.9989,6.0560,6.0587,0.999429,0.999988,0.8438
UCMerced_LandUse,agricultural,agricultural85.tif,2.0026,51.71,0.9991,6.1820,6.1842,0.999519,0.999988,1.9415
UCMerced_LandUse,agricultural,agricultural86.tif,2.0007,53.90,0.9984,5.8773,5.8783,0.999386,0.999994,2.7272
UCMerced_LandUse,agricultural,agricultural87.tif,1.9915,53.22,0.9989,6.2655,6.2661,0.999613,0.999991,1.2702
UCMerced_LandUse,agricultural,agricultural88.tif,2.0051,52.65,0.9981,5.4325,5.4344,0.998583,0.999990,2.2139
UCMerced_LandUse,agricultural,agricultural89.tif,2.0008,52.55,0.9980,5.4630,5.4648,0.998476,0.999992,1.4817
UCMerced_LandUse,agricultural,agricultural90.tif,2.0007,52.06,0.9984,5.8770,5.8781,0.999030,0.999989,2.8334
UCMerced_LandUse,agricultural,agricultural91.tif,2.0070,55.38,0.9986,4.9865,4.9884,0.998419,0.999988,4.2504
UCMerced_LandUse,agricultural,agricultural92.tif,2.0029,52.38,0.9986,5.7738,5.7773,0.999224,0.999980,0.3123
UCMerced_LandUse,agricultural,agricultural93.tif,2.0018,54.44,0.9987,5.6501,5.6514,0.999263,0.999988,3.7209
UCMerced_LandUse,agricultural,agricultural94.tif,1.9959,52.47,0.9987,5.5431,5.5469,0.999162,0.999984,2.4425
UCMerced_LandUse,agricultural,agricultural95.tif,1.9990,53.40,0.9982,5.1195,5.1223,0.998253,0.999991,3.1949
UCMerced_LandUse,agricultural,agricultural96.tif,2.0026,52.94,0.9986,5.8383,5.8396,0.999188,0.999987,1.6946
UCMerced_LandUse,agricultural,agricultural97.tif,1.9999,52.81,0.9988,5.5224,5.5271,0.999320,0.999985,4.0391
UCMerced_LandUse,agricultural,agricultural98.tif,2.0021,52.71,0.9987,6.6214,6.6218,0.999736,0.999992,1.3965
UCMerced_LandUse,agricultural,agricultural99.tif,2.0007,52.09,0.9991,6.7886,6.7891,0.999784,0.999990,2.3282
UCMerced_LandUse,airplane,airplane00.tif,2.0043,59.17,0.9997,6.4934,6.4940,0.999969,0.999999,0.7312
UCMerced_LandUse,airplane,airplane01.tif,1.9991,58.87,0.9996,6.9183,6.9184,0.999978,0.999998,0.2758
UCMerced_LandUse,airplane,airplane02.tif,1.9991,58.87,0.9996,6.9183,6.9184,0.999978,0.999998,0.2758
UCMerced_LandUse,airplane,airplane03.tif,2.0041,57.05,0.9996,6.9584,6.9587,0.999976,0.999998,1.6789
UCMerced_LandUse,airplane,airplane04.tif,1.9936,57.24,0.9996,7.0539,7.0540,0.999980,0.999998,0.9704
UCMerced_LandUse,airplane,airplane05.tif,2.0026,58.52,0.9997,6.7871,6.7872,0.999992,0.999998,0.5492
UCMerced_LandUse,airplane,airplane06.tif,2.0051,56.67,0.9996,7.1829,7.1829,0.999977,0.999997,2.6621
UCMerced_LandUse,airplane,airplane07.tif,2.0102,57.75,0.9997,6.6368,6.6370,0.999975,0.999998,1.6204
UCMerced_LandUse,airplane,airplane08.tif,1.9950,56.58,0.9995,7.0774,7.0774,0.999977,0.999997,0.8830
UCMerced_LandUse,airplane,airplane09.tif,1.9991,56.80,0.9996,7.0229,7.0231,0.999980,0.999997,2.5537
UCMerced_LandUse,airplane,airplane10.tif,1.9943,56.42,0.9996,7.2652,7.2654,0.999979,0.999997,1.4510
UCMerced_LandUse,airplane,airplane11.tif,2.0124,56.38,0.9995,7.2207,7.2209,0.999974,0.999994,0.2627
UCMerced_LandUse,airplane,airplane12.tif,2.0053,58.86,0.9997,6.2658,6.2657,0.999977,0.999999,2.3168
UCMerced_LandUse,airplane,airplane13.tif,1.9999,57.63,0.9996,6.7977,6.7977,0.999978,0.999998,1.0781
UCMerced_LandUse,airplane,airplane14.tif,1.9949,57.34,0.9994,6.6221,6.6224,0.999933,0.999993,0.5467
UCMerced_LandUse,airplane,airplane15.tif,1.9864,57.86,0.9996,6.9302,6.9302,0.999977,0.999998,0.5868
UCMerced_LandUse,airplane,airplane16.tif,1.9910,56.29,0.9995,7.5181,7.5182,0.999977,0.999996,0.9145
UCMerced_LandUse,airplane,airplane17.tif,2.0249,55.69,0.9994,6.8244,6.8250,0.999946,0.999992,2.4947
UCMerced_LandUse,airplane,airplane18.tif,2.0111,56.30,0.9994,6.9889,6.9892,0.999963,0.999994,0.2502
UCMerced_LandUse,airplane,airplane19.tif,2.0142,58.66,0.9997,6.7784,6.7790,0.999978,0.999999,1.4044
UCMerced_LandUse,airplane,airplane20.tif,2.0051,55.89,0.9992,7.0235,7.0239,0.999950,0.999997,3.1485
UCMerced_LandUse,airplane,airplane21.tif,2.0016,56.11,0.9994,7.2238,7.2248,0.999970,0.999997,0.9250
UCMerced_LandUse,airplane,airplane22.tif,2.0028,57.84,0.9995,6.0235,6.0238,0.999917,0.999998,0.5851
UCMerced_LandUse,airplane,airplane23.tif,1.9950,56.79,0.9995,6.8907,6.8915,0.999976,0.999997,1.4920
UCMerced_LandUse,airplane,airplane24.tif,1.9841,58.13,0.9997,6.6767,6.6769,0.999973,0.999999,2.2424
UCMerced_LandUse,airplane,airplane25.tif,2.0074,58.65,0.9997,6.8033,6.8035,0.999984,0.999998,1.2262
UCMerced_LandUse,airplane,airplane26.tif,2.0177,55.90,0.9994,7.0592,7.0596,0.999968,0.999995,1.2234
UCMerced_LandUse,airplane,airplane27.tif,2.0102,55.99,0.9994,6.9063,6.9067,0.999956,0.999996,1.1149
UCMerced_LandUse,airplane,airplane28.tif,1.9917,56.25,0.9995,7.0042,7.0048,0.999954,0.999997,0.3433
UCMerced_LandUse,airplane,airplane29.tif,1.9935,56.32,0.9994,6.6950,6.6956,0.999955,0.999997,2.5963
UCMerced_LandUse,airplane,airplane30.tif,1.9973,56.19,0.9995,7.1086,7.1092,0.999975,0.999996,1.6656
UCMerced_LandUse,airplane,airplane31.tif,2.0010,58.98,0.9996,6.7238,6.7239,0.999969,0.999998,2.0097
UCMerced_LandUse,airplane,airplane32.tif,2.0022,57.32,0.9995,6.3074,6.3080,0.999951,0.999998,1.3847
UCMerced_LandUse,airplane,airplane33.tif,2.0002,58.42,0.9996,6.2878,6.2885,0.999960,0.999998,1.8195
UCMerced_LandUse,airplane,airplane34.tif,2.0079,56.34,0.9993,6.4669,6.4673,0.999929,0.999997,2.1509
UCMerced_LandUse,airplane,airplane35.tif,1.9957,58.52,0.9996,6.9603,6.9607,0.999970,0.999998,0.4455
UCMerced_LandUse,airplane,airplane36.tif,2.0026,58.84,0.9997,6.4484,6.4494,0.999964,0.999998,3.0684
UCMerced_LandUse,airplane,airplane37.tif,2.0084,58.64,0.9996,6.7540,6.7542,0.999968,0.999998,1.7945
UCMerced_LandUse,airplane,airplane38.tif,2.0093,57.88,0.9996,6.8311,6.8361,0.999963,0.999998,0.4740
UCMerced_LandUse,airplane,airplane39.tif,1.9985,56.97,0.9994,6.7547,6.7611,0.999964,0.999997,0.9188
UCMerced_LandUse,airplane,airplane40.tif,2.0160,57.53,0.9996,6.7787,6.7824,0.999976,0.999998,1.4528
UCMerced_LandUse,airplane,airplane41.tif,2.0091,54.99,0.9991,7.3105,7.3136,0.999970,0.999993,0.5509
UCMerced_LandUse,airplane,airplane42.tif,2.0017,55.58,0.9990,6.3812,6.3855,0.999964,0.999987,3.6465
UCMerced_LandUse,airplane,airplane43.tif,1.9999,55.58,0.9991,6.8079,6.8126,0.999960,0.999990,0.9076
UCMerced_LandUse,airplane,airplane44.tif,1.9988,59.96,0.9996,6.0483,6.0513,0.999961,0.999998,2.5785
UCMerced_LandUse,airplane,airplane45.tif,2.0050,56.99,0.9994,6.7226,6.7276,0.999955,0.999997,2.8711
UCMerced_LandUse,airplane,airplane46.tif,2.0011,55.66,0.9992,7.1543,7.1594,0.999978,0.999996,1.5977
UCMerced_LandUse,airplane,airplane47.tif,1.9883,55.52,0.9991,7.4182,7.4191,0.999963,0.999993,2.8596
UCMerced_LandUse,airplane,airplane48.tif,2.0024,54.49,0.9993,7.3569,7.3598,0.999964,0.999995,1.3246
UCMerced_LandUse,airplane,airplane49.tif,2.0040,54.54,0.9994,7.2077,7.2097,0.999954,0.999995,3.9139
UCMerced_LandUse,airplane,airplane50.tif,2.0024,55.02,0.9993,7.2121,7.2137,0.999958,0.999995,1.8653
UCMerced_LandUse,airplane,airplane51.tif,2.0147,55.29,0.9992,6.6273,6.6292,0.999940,0.999996,1.2690
UCMerced_LandUse,airplane,airplane52.tif,1.9994,56.36,0.9993,6.8643,6.8650,0.999964,0.999997,2.1314
UCMerced_LandUse,airplane,airplane53.tif,1.9946,55.60,0.9994,7.3233,7.3263,0.999978,0.999995,1.9207
UCMerced_LandUse,airplane,airplane54.tif,2.0010,55.90,0.9993,6.9151,6.9191,0.999965,0.999996,2.1300
UCMerced_LandUse,airplane,airplane55.tif,1.9989,55.37,0.9993,7.3063,7.3079,0.999968,0.999995,0.5212
UCMerced_LandUse,airplane,airplane56.tif,2.0055,58.36,0.9997,5.7453,5.7484,0.999974,0.999988,0.9891
UCMerced_LandUse,airplane,airplane57.tif,2.0161,57.60,0.9996,7.0626,7.0640,0.999980,0.999995,1.1680
UCMerced_LandUse,airplane,airplane58.tif,1.9912,59.68,0.9996,6.5632,6.5656,0.999966,0.999998,0.9454
UCMerced_LandUse,airplane,airplane59.tif,1.9996,55.03,0.9992,7.3317,7.3347,0.999959,0.999995,1.9071
UCMerced_LandUse,airplane,airplane60.tif,2.0010,55.79,0.9993,7.2776,7.2781,0.999970,0.999996,1.2689
UCMerced_LandUse,airplane,airplane61.tif,1.9958,55.60,0.9993,7.1545,7.1551,0.999944,0.999995,2.4235
UCMerced_LandUse,airplane,airplane62.tif,2.0071,55.45,0.9993,7.1197,7.1229,0.999957,0.999996,2.8034
UCMerced_LandUse,airplane,airplane63.tif,2.0030,55.14,0.9992,7.2564,7.2608,0.999961,0.999997,1.7730
UCMerced_LandUse,airplane,airplane64.tif,2.0026,55.24,0.9992,7.2339,7.2380,0.999960,0.999997,0.4869
UCMerced_LandUse,airplane,airplane65.tif,2.0026,54.80,0.9992,7.3359,7.3377,0.999956,0.999996,1.1201
UCMerced_LandUse,airplane,airplane66.tif,2.0034,54.08,0.9989,6.9241,6.9283,0.999936,0.999992,1.3173
UCMerced_LandUse,airplane,airplane67.tif,2.0006,54.45,0.9993,7.1711,7.1795,0.999961,0.999996,2.4467
UCMerced_LandUse,airplane,airplane68.tif,1.9961,55.59,0.9994,7.0474,7.0486,0.999958,0.999996,0.7006
UCMerced_LandUse,airplane,airplane69.tif,2.0005,55.91,0.9994,7.3340,7.3350,0.999967,0.999995,0.5308
UCMerced_LandUse,airplane,airplane70.tif,2.0077,55.48,0.9993,7.3438,7.3445,0.999959,0.999994,1.2877
UCMerced_LandUse,airplane,airplane71.tif,1.9968,55.32,0.9993,7.3877,7.3914,0.999965,0.999996,2.7339
UCMerced_LandUse,airplane,airplane72.tif,2.0028,59.12,0.9998,7.3039,7.3044,0.999987,0.999996,3.6136
UCMerced_LandUse,airplane,airplane73.tif,1.9899,57.49,0.9996,6.3679,6.3688,0.999951,0.999997,0.7688
UCMerced_LandUse,airplane,airplane74.tif,2.0222,57.28,0.9996,6.2775,6.2785,0.999945,0.999997,3.4821
UCMerced_LandUse,airplane,airplane75.tif,2.0205,57.56,0.9997,6.2179,6.2187,0.999949,0.999997,2.6835
UCMerced_LandUse,airplane,airplane76.tif,1.9966,56.88,0.9996,6.2891,6.2898,0.999941,0.999997,0.3903
UCMerced_LandUse,airplane,airplane77.tif,1.9940,57.62,0.9995,6.7496,6.7498,0.999946,0.999997,1.3797
UCMerced_LandUse,airplane,airplane78.tif,2.0029,56.69,0.9994,6.2199,6.2216,0.999899,0.999995,0.4973
UCMerced_LandUse,airplane,airplane79.tif,2.0098,58.36,0.9996,6.0958,6.0966,0.999964,0.999998,0.4881
UCMerced_LandUse,airplane,airplane80.tif,2.0257,60.12,0.9998,4.9378,4.9386,0.999949,0.999999,0.0388
UCMerced_LandUse,airplane,airplane81.tif,1.9932,57.56,0.9996,6.6757,6.6761,0.999947,0.999997,1.0352
UCMerced_LandUse,airplane,airplane82.tif,2.0044,57.57,0.9996,6.8381,6.8388,0.999953,0.999997,0.3186
UCMerced_LandUse,airplane,airplane83.tif,1.9995,57.37,0.9995,7.0026,7.0034,0.999986,0.999997,1.2392
UCMerced_LandUse,airplane,airplane84.tif,1.9988,58.04,0.9997,5.8505,5.8509,0.999948,0.999998,0.5317
UCMerced_LandUse,airplane,airplane85.tif,1.9944,58.17,0.9997,6.0566,6.0576,0.999946,0.999998,0.1365
UCMerced_LandUse,airplane,airplane86.tif,1.9977,56.29,0.9993,6.5839,6.5845,0.999908,0.999996,2.0787
UCMerced_LandUse,airplane,airplane87.tif,2.0006,54.85,0.9993,7.0211,7.0222,0.999936,0.999996,1.3506
UCMerced_LandUse,airplane,airplane88.tif,1.9983,57.20,0.9994,6.6503,6.6508,0.999935,0.999996,3.0890
UCMerced_LandUse,airplane,airplane89.tif,1.9957,59.56,0.9997,6.3595,6.3603,0.999957,0.999997,0.7428
UCMerced_LandUse,airplane,airplane90.tif,2.0053,57.31,0.9996,6.6324,6.6329,0.999957,0.999997,3.7137
UCMerced_LandUse,airplane,airplane91.tif,2.0087,58.08,0.9996,6.7221,6.7227,0.999953,0.999997,0.2885
UCMerced_LandUse,airplane,airplane92.tif,2.0044,61.67,0.9999,5.1748,5.1751,0.999927,0.999999,2.4600
UCMerced_LandUse,airplane,airplane93.tif,1.9966,60.21,0.9997,5.3946,5.3956,0.999942,0.999999,3.1457
UCMerced_LandUse,airplane,airplane94.tif,2.0039,60.32,0.9998,4.9684,4.9689,0.999929,0.999998,0.6201
UCMerced_LandUse,airplane,airplane95.tif,1.9879,58.42,0.9995,5.9074,5.9084,0.999899,0.999998,1.5901
UCMerced_LandUse,airplane,airplane96.tif,1.9888,55.43,0.9991,6.3503,6.3511,0.999884,0.999996,0.7829
UCMerced_LandUse,airplane,airplane97.tif,2.0003,55.73,0.9992,6.4302,6.4310,0.999898,0.999997,0.7402
UCMerced_LandUse,airplane,airplane98.tif,2.0055,57.38,0.9995,6.1245,6.1254,0.999907,0.999998,1.0027
UCMerced_LandUse,airplane,airplane99.tif,1.9984,55.77,0.9993,7.0734,7.0738,0.999941,0.999997,1.5628
UCMerced_LandUse,baseballdiamond,baseballdiamond00.tif,1.9928,58.65,0.9996,7.1021,7.1023,0.999978,0.999996,2.8589
UCMerced_LandUse,baseballdiamond,baseballdiamond01.tif,2.0001,58.33,0.9995,6.9812,6.9814,0.999973,0.999995,0.0885
UCMerced_LandUse,baseballdiamond,baseballdiamond02.tif,2.0035,57.81,0.9994,6.8674,6.8674,0.999952,0.999995,2.4294
UCMerced_LandUse,baseballdiamond,baseballdiamond03.tif,1.9945,59.89,0.9997,6.0989,6.0990,0.999975,0.999992,1.9207
UCMerced_LandUse,baseballdiamond,baseballdiamond04.tif,2.0026,58.68,0.9995,6.7635,6.7637,0.999973,0.999996,0.4407
UCMerced_LandUse,baseballdiamond,baseballdiamond05.tif,2.0077,57.36,0.9994,6.7298,6.7300,0.999951,0.999993,0.8367
UCMerced_LandUse,baseballdiamond,baseballdiamond06.tif,2.0158,60.33,0.9997,6.7950,6.7950,0.999981,0.999998,0.2704
UCMerced_LandUse,baseballdiamond,baseballdiamond07.tif,2.0216,60.79,0.9997,6.4526,6.4527,0.999973,0.999997,1.0064
UCMerced_LandUse,baseballdiamond,baseballdiamond08.tif,2.0122,59.51,0.9997,6.7178,6.7179,0.999973,0.999997,1.0210
UCMerced_LandUse,baseballdiamond,baseballdiamond09.tif,2.0124,60.66,0.9997,6.7369,6.7370,0.999979,0.999997,1.5534
UCMerced_LandUse,baseballdiamond,baseballdiamond10.tif,2.0123,59.89,0.9996,6.3536,6.3538,0.999945,0.999998,0.1437
UCMerced_LandUse,baseballdiamond,baseballdiamond11.tif,1.9933,64.17,0.9998,5.3615,5.3616,0.999896,0.999999,1.3492
UCMerced_LandUse,baseballdiamond,baseballdiamond12.tif,2.0010,56.25,0.9994,7.2183,7.2187,0.999958,0.999995,0.2883
UCMerced_LandUse,baseballdiamond,baseballdiamond13.tif,1.9962,56.46,0.9992,6.8529,6.8532,0.999927,0.999995,1.4929
UCMerced_LandUse,baseballdiamond,baseballdiamond14.tif,2.0089,59.67,0.9997,6.2263,6.2264,0.999960,0.999996,0.6196
UCMerced_LandUse,baseballdiamond,baseballdiamond15.tif,2.0077,55.59,0.9990,6.7249,6.7255,0.999922,0.999996,2.5766
UCMerced_LandUse,baseballdiamond,baseballdiamond16.tif,1.9962,54.68,0.9986,6.5279,6.5284,0.999852,0.999994,2.0257
UCMerced_LandUse,baseballdiamond,baseballdiamond17.tif,1.9976,54.75,0.9988,6.5347,6.5353,0.999887,0.999994,2.8427
UCMerced_LandUse,baseballdiamond,baseballdiamond18.tif,2.0056,56.01,0.9990,6.7260,6.7264,0.999911,0.999996,0.9871
UCMerced_LandUse,baseballdiamond,baseballdiamond19.tif,2.0013,54.36,0.9987,7.0549,7.0554,0.999908,0.999993,2.3636
UCMerced_LandUse,baseballdiamond,baseballdiamond20.tif,2.0049,54.63,0.9988,6.6291,6.6299,0.999867,0.999994,3.0119
UCMerced_LandUse,baseballdiamond,baseballdiamond21.tif,1.9934,57.42,0.9993,6.1661,6.1664,0.999877,0.999998,1.9065
UCMerced_LandUse,baseballdiamond,baseballdiamond22.tif,2.0018,57.07,0.9992,6.4063,6.4067,0.999916,0.999998,1.6177
UCMerced_LandUse,baseballdiamond,baseballdiamond23.tif,2.0101,56.67,0.9990,6.4086,6.4091,0.999856,0.999997,2.6794
UCMerced_LandUse,baseballdiamond,baseballdiamond24.tif,2.0089,56.77,0.9990,6.6998,6.7002,0.999956,0.999998,0.6126
UCMerced_LandUse,baseballdiamond,baseballdiamond25.tif,1.9921,56.00,0.9989,6.6347,6.6351,0.999927,0.999997,0.2608
UCMerced_LandUse,baseballdiamond,baseballdiamond26.tif,1.9971,55.36,0.9987,6.4817,6.4825,0.999901,0.999994,2.7884
UCMerced_LandUse,baseballdiamond,baseballdiamond27.tif,1.9963,56.16,0.9989,6.2238,6.2246,0.999876,0.999996,0.6447
UCMerced_LandUse,baseballdiamond,baseballdiamond28.tif,1.9861,58.51,0.9995,6.4767,6.4770,0.999923,0.999998,0.7933
UCMerced_LandUse,baseballdiamond,baseballdiamond29.tif,1.9905,61.00,0.9998,5.7258,5.7260,0.999913,0.999999,0.4385
UCMerced_LandUse,baseballdiamond,baseballdiamond30.tif,2.0084,61.89,0.9998,5.7034,5.7036,0.999925,0.999999,0.9517
UCMerced_LandUse,baseballdiamond,baseballdiamond31.tif,1.9973,57.63,0.9996,6.3987,6.3988,0.999952,0.999997,1.5573
UCMerced_LandUse,baseballdiamond,baseballdiamond32.tif,2.0161,60.86,0.9998,6.4885,6.4887,0.999971,0.999998,1.6321
UCMerced_LandUse,baseballdiamond,baseballdiamond33.tif,2.0120,61.33,0.9998,5.9418,5.9418,0.999967,0.999998,0.7943
UCMerced_LandUse,baseballdiamond,baseballdiamond34.tif,2.0261,62.83,0.9998,6.1341,6.1340,0.999978,0.999999,0.5090
UCMerced_LandUse,baseballdiamond,baseballdiamond35.tif,1.9935,59.04,0.9996,6.5253,6.5255,0.999953,0.999999,2.1956
UCMerced_LandUse,baseballdiamond,baseballdiamond36.tif,1.9995,58.87,0.9996,6.6021,6.6021,0.999957,0.999999,1.8693
UCMerced_LandUse,baseballdiamond,baseballdiamond37.tif,2.0085,57.16,0.9994,6.6775,6.6776,0.999940,0.999998,1.9441
UCMerced_LandUse,baseballdiamond,baseballdiamond38.tif,2.0004,57.07,0.9994,6.9199,6.9201,0.999965,0.999998,0.0219
UCMerced_LandUse,baseballdiamond,baseballdiamond39.tif,2.0050,57.03,0.9995,6.7777,6.7779,0.999967,0.999997,1.9360
UCMerced_LandUse,baseballdiamond,baseballdiamond40.tif,2.0017,57.32,0.9995,6.7835,6.7836,0.999960,0.999998,0.0394
UCMerced_LandUse,baseballdiamond,baseballdiamond41.tif,2.0031,58.85,0.9996,6.8715,6.8715,0.999967,0.999998,2.3816
UCMerced_LandUse,baseballdiamond,baseballdiamond42.tif,2.0039,59.65,0.9997,6.4044,6.4047,0.999967,0.999998,2.9123
UCMerced_LandUse,baseballdiamond,baseballdiamond43.tif,1.9996,55.88,0.9991,6.7842,6.7847,0.999947,0.999995,0.2526
UCMerced_LandUse,baseballdiamond,baseballdiamond44.tif,2.0055,56.53,0.9994,6.9611,6.9613,0.999954,0.999997,3.2688
UCMerced_LandUse,baseballdiamond,baseballdiamond45.tif,1.9879,57.54,0.9996,7.1492,7.1495,0.999973,0.999998,0.3751
UCMerced_LandUse,baseballdiamond,baseballdiamond46.tif,2.0036,57.27,0.9994,6.9426,6.9432,0.999974,0.999998,1.1745
UCMerced_LandUse,baseballdiamond,baseballdiamond47.tif,1.9941,56.33,0.9994,7.2063,7.2065,0.999958,0.999997,0.3665
UCMerced_LandUse,baseballdiamond,baseballdiamond48.tif,2.0058,58.00,0.9996,7.0219,7.0221,0.999979,0.999997,0.2373
UCMerced_LandUse,baseballdiamond,baseballdiamond49.tif,2.0000,57.30,0.9995,7.1875,7.1877,0.999971,0.999997,0.1628
UCMerced_LandUse,baseballdiamond,baseballdiamond50.tif,1.9977,57.14,0.9995,6.8335,6.8339,0.999972,0.999997,0.3141
UCMerced_LandUse,baseballdiamond,baseballdiamond51.tif,2.0011,57.33,0.9995,6.8863,6.8866,0.999971,0.999997,0.9408
UCMerced_LandUse,baseballdiamond,baseballdiamond52.tif,1.9972,57.82,0.9995,6.8960,6.8964,0.999968,0.999997,1.3401
UCMerced_LandUse,baseballdiamond,baseballdiamond53.tif,1.9926,61.97,0.9998,5.9491,5.9491,0.999980,0.999998,0.2115
UCMerced_LandUse,baseballdiamond,baseballdiamond54.tif,1.9944,61.87,0.9998,6.1013,6.1013,0.999977,0.999998,2.6228
UCMerced_LandUse,baseballdiamond,baseballdiamond55.tif,2.0023,59.30,0.9996,6.3431,6.3431,0.999961,0.999996,0.5369
UCMerced_LandUse,baseballdiamond,baseballdiamond56.tif,1.9986,60.90,0.9997,6.4489,6.4489,0.999976,0.999997,0.4840
UCMerced_LandUse,baseballdiamond,baseballdiamond57.tif,1.9870,59.96,0.9997,6.7585,6.7585,0.999968,0.999997,0.7549
UCMerced_LandUse,baseballdiamond,baseballdiamond58.tif,1.9901,58.70,0.9996,6.5930,6.5929,0.999968,0.999995,0.5209
UCMerced_LandUse,baseballdiamond,baseballdiamond59.tif,2.0019,57.05,0.9994,6.2670,6.2675,0.999888,0.999997,1.9968
UCMerced_LandUse,baseballdiamond,baseballdiamond60.tif,1.9992,56.80,0.9993,6.1617,6.1621,0.999890,0.999997,2.0713
UCMerced_LandUse,baseballdiamond,baseballdiamond61.tif,2.0086,55.64,0.9992,6.5965,6.5971,0.999918,0.999996,2.2263
UCMerced_LandUse,baseballdiamond,baseballdiamond62.tif,2.0041,56.29,0.9991,6.3245,6.3248,0.999872,0.999996,2.0933
UCMerced_LandUse,baseballdiamond,baseballdiamond63.tif,1.9934,56.06,0.9991,6.2684,6.2688,0.999822,0.999996,1.2358
UCMerced_LandUse,baseballdiamond,baseballdiamond64.tif,1.9955,54.98,0.9989,6.5664,6.5667,0.999844,0.999995,2.0290
UCMerced_LandUse,baseballdiamond,baseballdiamond65.tif,1.9995,55.55,0.9989,6.2244,6.2249,0.999803,0.999995,0.6238
UCMerced_LandUse,baseballdiamond,baseballdiamond66.tif,1.9986,63.14,0.9998,6.5215,6.5215,0.999971,0.999998,0.3627
UCMerced_LandUse,baseballdiamond,baseballdiamond67.tif,2.0178,63.96,0.9999,6.0287,6.0288,0.999960,0.999998,0.7855
UCMerced_LandUse,baseballdiamond,baseballdiamond68.tif,1.9760,65.01,0.9999,6.0655,6.0654,0.999973,0.999999,1.2408
UCMerced_LandUse,baseballdiamond,baseballdiamond69.tif,1.9725,64.00,0.9999,6.2046,6.2047,0.999964,0.999999,1.2134
UCMerced_LandUse,baseballdiamond,baseballdiamond70.tif,2.0026,62.87,0.9998,6.2272,6.2273,0.999956,0.999998,0.0639
UCMerced_LandUse,baseballdiamond,baseballdiamond71.tif,2.0272,62.28,0.9998,6.3261,6.3261,0.999984,0.999998,0.9066
UCMerced_LandUse,baseballdiamond,baseballdiamond72.tif,2.0058,63.06,0.9998,6.1452,6.1454,0.999983,0.999998,0.3052
UCMerced_LandUse,baseballdiamond,baseballdiamond73.tif,1.9801,67.25,0.9999,5.7543,5.7544,0.999970,0.999999,0.7591
UCMerced_LandUse,baseballdiamond,baseballdiamond74.tif,2.0343,62.50,0.9999,6.2472,6.2475,0.999986,0.999998,1.0217
UCMerced_LandUse,baseballdiamond,baseballdiamond75.tif,1.9831,63.57,0.9999,5.6446,5.6447,0.999958,0.999998,0.1501
UCMerced_LandUse,baseballdiamond,baseballdiamond76.tif,1.9795,65.14,0.9999,5.7794,5.7793,0.999964,0.999999,0.2493
UCMerced_LandUse,baseballdiamond,baseballdiamond77.tif,2.0062,67.45,0.9999,5.7073,5.7073,0.999977,0.999999,0.9755
UCMerced_LandUse,baseballdiamond,baseballdiamond78.tif,1.9998,64.97,0.9999,5.7043,5.7043,0.999966,0.999998,2.1587
UCMerced_LandUse,baseballdiamond,baseballdiamond79.tif,1.9924,54.20,0.9988,6.7918,6.7923,0.999891,0.999994,3.1675
UCMerced_LandUse,baseballdiamond,baseballdiamond80.tif,2.0025,61.42,0.9997,6.1976,6.1976,0.999961,0.999999,1.2355
UCMerced_LandUse,baseballdiamond,baseballdiamond81.tif,1.9893,58.21,0.9995,6.4672,6.4675,0.999943,0.999997,0.0436
UCMerced_LandUse,baseballdiamond,baseballdiamond82.tif,1.9935,57.66,0.9994,6.6467,6.6469,0.999930,0.999996,2.4525
UCMerced_LandUse,baseballdiamond,baseballdiamond83.tif,1.9750,63.74,0.9998,5.9927,5.9929,0.999973,0.999999,0.4829
UCMerced_LandUse,baseballdiamond,baseballdiamond84.tif,2.0141,61.94,0.9998,5.7893,5.7893,0.999970,0.999999,2.3759
UCMerced_LandUse,baseballdiamond,baseballdiamond85.tif,1.9880,62.83,0.9998,6.0251,6.0253,0.999974,0.999999,0.0849
UCMerced_LandUse,baseballdiamond,baseballdiamond86.tif,1.9789,61.97,0.9998,5.9459,5.9460,0.999982,0.999999,1.5470
UCMerced_LandUse,baseballdiamond,baseballdiamond87.tif,1.9758,60.76,0.9997,6.1379,6.1380,0.999948,0.999998,0.2256
UCMerced_LandUse,baseballdiamond,baseballdiamond88.tif,1.9872,58.61,0.9995,6.6447,6.6449,0.999951,0.999997,2.5064
UCMerced_LandUse,baseballdiamond,baseballdiamond89.tif,2.0263,59.21,0.9996,6.3081,6.3082,0.999935,0.999998,0.3706
UCMerced_LandUse,baseballdiamond,baseballdiamond90.tif,1.9937,67.51,0.9999,5.3999,5.4000,0.999953,1.000000,0.6910
UCMerced_LandUse,baseballdiamond,baseballdiamond91.tif,2.0031,59.16,0.9996,6.3497,6.3499,0.999963,0.999997,0.9036
UCMerced_LandUse,baseballdiamond,baseballdiamond92.tif,1.9894,58.37,0.9995,6.5617,6.5619,0.999955,0.999997,0.8820
UCMerced_LandUse,baseballdiamond,baseballdiamond93.tif,2.0104,57.65,0.9994,6.7840,6.7842,0.999956,0.999996,1.5493
UCMerced_LandUse,baseballdiamond,baseballdiamond94.tif,1.9995,62.51,0.9998,6.0625,6.0625,0.999973,0.999999,0.6341
UCMerced_LandUse,baseballdiamond,baseballdiamond95.tif,1.9973,57.36,0.9996,7.1513,7.1517,0.999976,0.999997,2.8552
UCMerced_LandUse,baseballdiamond,baseballdiamond96.tif,1.9980,58.39,0.9996,6.7632,6.7632,0.999958,0.999997,0.3691
UCMerced_LandUse,baseballdiamond,baseballdiamond97.tif,2.0043,60.43,0.9998,6.4057,6.4059,0.999972,0.999998,3.0355
UCMerced_LandUse,baseballdiamond,baseballdiamond98.tif,2.0119,59.31,0.9997,6.5759,6.5760,0.999969,0.999998,0.1132
UCMerced_LandUse,baseballdiamond,baseballdiamond99.tif,1.9988,58.97,0.9997,6.8300,6.8300,0.999968,0.999997,0.2041
UCMerced_LandUse,beach,beach00.tif,2.0055,55.76,0.9993,6.5573,6.5573,0.999906,0.999998,1.8990
UCMerced_LandUse,beach,beach01.tif,2.0008,54.44,0.9991,6.7787,6.7790,0.999888,0.999997,1.9458
UCMerced_LandUse,beach,beach02.tif,1.9970,55.27,0.9993,7.0410,7.0413,0.999945,0.999996,2.4607
UCMerced_LandUse,beach,beach03.tif,1.9963,55.44,0.9993,7.1416,7.1417,0.999951,0.999997,1.1106
UCMerced_LandUse,beach,beach04.tif,2.0073,54.78,0.9991,7.2180,7.2184,0.999949,0.999996,2.0697
UCMerced_LandUse,beach,beach05.tif,2.0146,54.60,0.9992,6.8133,6.8137,0.999904,0.999997,0.2139
UCMerced_LandUse,beach,beach06.tif,1.9999,60.84,0.9998,6.5793,6.5793,0.999987,0.999998,1.7383
UCMerced_LandUse,beach,beach07.tif,2.0150,62.71,0.9999,6.5590,6.5592,0.999993,0.999999,0.4916
UCMerced_LandUse,beach,beach08.tif,2.0076,61.50,0.9997,6.7656,6.7656,0.999987,0.999999,2.3300
UCMerced_LandUse,beach,beach09.tif,2.0000,58.14,0.9995,6.7080,6.7080,0.999970,0.999997,1.3904
UCMerced_LandUse,beach,beach10.tif,2.0245,58.56,0.9996,6.6678,6.6679,0.999972,0.999998,1.4803
UCMerced_LandUse,beach,beach11.tif,1.9731,62.94,0.9998,5.6989,5.6991,0.999990,0.999999,1.7191
UCMerced_LandUse,beach,beach12.tif,2.0021,63.21,0.9998,5.8881,5.8882,0.999991,0.999999,0.8756
UCMerced_LandUse,beach,beach13.tif,2.0393,66.38,0.9999,5.7659,5.7660,0.999995,1.000000,0.6387
UCMerced_LandUse,beach,beach14.tif,1.9865,67.29,0.9999,5.8836,5.8836,0.999996,1.000000,0.5676
UCMerced_LandUse,beach,beach15.tif,2.0248,64.74,0.9999,5.6468,5.6468,0.999987,1.000000,0.9517
UCMerced_LandUse,beach,beach16.tif,1.9597,73.59,1.0000,5.0827,5.0827,0.999998,1.000000,1.4289
UCMerced_LandUse,beach,beach17.tif,2.0343,70.19,1.0000,5.7424,5.7424,0.999996,1.000000,0.3961
UCMerced_LandUse,beach,beach18.tif,1.9932,73.68,1.0000,5.7394,5.7394,0.999998,1.000000,0.7402
UCMerced_LandUse,beach,beach19.tif,2.0090,61.60,0.9998,6.5753,6.5751,0.999976,0.999999,0.0645
UCMerced_LandUse,beach,beach20.tif,2.0115,61.22,0.9998,6.2365,6.2366,0.999972,0.999999,1.2435
UCMerced_LandUse,beach,beach21.tif,1.9815,61.01,0.9997,6.1209,6.1206,0.999967,0.999999,1.8319
UCMerced_LandUse,beach,beach22.tif,1.9957,61.37,0.9997,6.1209,6.1208,0.999961,0.999999,0.9595
UCMerced_LandUse,beach,beach23.tif,2.0089,60.68,0.9997,6.0402,6.0402,0.999957,0.999999,1.3092
UCMerced_LandUse,beach,beach24.tif,2.0049,63.80,0.9998,6.0534,6.0532,0.999973,1.000000,1.6721
UCMerced_LandUse,beach,beach25.tif,1.9799,64.35,0.9999,6.3264,6.3266,0.999990,0.999999,0.9474
UCMerced_LandUse,beach,beach26.tif,2.0322,65.21,0.9999,6.0142,6.0141,0.999985,1.000000,1.4658
UCMerced_LandUse,beach,beach27.tif,2.0015,56.57,0.9993,6.1316,6.1321,0.999879,0.999997,0.6091
UCMerced_LandUse,beach,beach28.tif,1.9964,56.31,0.9993,6.3224,6.3227,0.999890,0.999996,1.3266
UCMerced_LandUse,beach,beach29.tif,1.9918,60.27,0.9996,6.3699,6.3699,0.999957,0.999998,0.5375
UCMerced_LandUse,beach,beach30.tif,1.9835,58.47,0.9994,6.0709,6.0710,0.999863,0.999998,1.8181
UCMerced_LandUse,beach,beach31.tif,1.9982,62.45,0.9997,5.5763,5.5765,0.999926,0.999999,0.8729
UCMerced_LandUse,beach,beach32.tif,2.0115,58.48,0.9994,5.8551,5.8555,0.999834,0.999998,1.1186
UCMerced_LandUse,beach,beach33.tif,2.0065,56.15,0.9991,6.3035,6.3039,0.999876,0.999996,2.3149
UCMerced_LandUse,beach,beach34.tif,2.0080,58.16,0.9994,6.4673,6.4674,0.999947,0.999998,0.3843
UCMerced_LandUse,beach,beach35.tif,2.0013,60.52,0.9997,6.1355,6.1355,0.999979,0.999999,0.3092
UCMerced_LandUse,beach,beach36.tif,1.9915,58.28,0.9994,6.2278,6.2277,0.999929,0.999998,0.4149
UCMerced_LandUse,beach,beach37.tif,2.0153,56.56,0.9992,6.3705,6.3708,0.999883,0.999997,0.8088
UCMerced_LandUse,beach,beach38.tif,2.0034,55.39,0.9991,6.5707,6.5706,0.999892,0.999997,0.4281
UCMerced_LandUse,beach,beach39.tif,1.9904,59.25,0.9996,6.6297,6.6299,0.999977,0.999998,0.5553
UCMerced_LandUse,beach,beach40.tif,2.0033,58.35,0.9996,6.4557,6.4557,0.999970,0.999998,1.7615
UCMerced_LandUse,beach,beach41.tif,2.0071,57.72,0.9995,6.9308,6.9308,0.999976,0.999997,1.4147
UCMerced_LandUse,beach,beach42.tif,2.0029,59.01,0.9996,7.1655,7.1654,0.999986,0.999998,1.7555
UCMerced_LandUse,beach,beach43.tif,2.0069,58.94,0.9995,6.7027,6.7029,0.999979,0.999998,1.4581
UCMerced_LandUse,beach,beach44.tif,2.0059,57.94,0.9994,6.2935,6.2940,0.999965,0.999998,1.2444
UCMerced_LandUse,beach,beach45.tif,2.0028,56.31,0.9993,6.8578,6.8581,0.999965,0.999996,2.6533
UCMerced_LandUse,beach,beach46.tif,1.9979,57.52,0.9995,6.8504,6.8505,0.999972,0.999997,3.0963
UCMerced_LandUse,beach,beach47.tif,1.9916,57.94,0.9996,6.6045,6.6049,0.999972,0.999998,1.0571
UCMerced_LandUse,beach,beach48.tif,2.0050,57.69,0.9995,6.5157,6.5158,0.999979,0.999997,0.7158
UCMerced_LandUse,beach,beach49.tif,2.0112,63.11,0.9998,6.0951,6.0953,0.999984,0.999999,2.4756
UCMerced_LandUse,beach,beach50.tif,2.0151,60.62,0.9998,6.4705,6.4706,0.999982,0.999999,0.2879
UCMerced_LandUse,beach,beach51.tif,1.9782,62.13,0.9998,6.3818,6.3817,0.999976,0.999999,0.8615
UCMerced_LandUse,beach,beach52.tif,1.9957,62.44,0.9998,6.3182,6.3182,0.999975,0.999999,1.9276
UCMerced_LandUse,beach,beach53.tif,2.0175,63.07,0.9998,6.2699,6.2700,0.999982,0.999999,1.1454
UCMerced_LandUse,beach,beach54.tif,2.0022,62.18,0.9998,6.2155,6.2158,0.999972,0.999999,1.1223
UCMerced_LandUse,beach,beach55.tif,2.0002,60.29,0.9997,6.2691,6.2693,0.999959,0.999998,2.0364
UCMerced_LandUse,beach,beach56.tif,2.0240,59.19,0.9996,6.5777,6.5777,0.999946,0.999998,0.8584
UCMerced_LandUse,beach,beach57.tif,1.9953,61.60,0.9997,6.3539,6.3539,0.999974,0.999999,0.1289
UCMerced_LandUse,beach,beach58.tif,2.0255,63.02,0.9998,5.9196,5.9198,0.999962,0.999999,1.3776
UCMerced_LandUse,beach,beach59.tif,2.0045,62.73,0.9998,6.1497,6.1499,0.999980,0.999999,3.5769
UCMerced_LandUse,beach,beach60.tif,2.0078,59.65,0.9996,6.6223,6.6224,0.999967,0.999999,2.4206
UCMerced_LandUse,beach,beach61.tif,1.9909,59.25,0.9995,6.5882,6.5882,0.999954,0.999999,0.0492
UCMerced_LandUse,beach,beach62.tif,2.0025,61.13,0.9997,6.6888,6.6888,0.999977,0.999999,1.1947
UCMerced_LandUse,beach,beach63.tif,1.9994,62.52,0.9998,6.4782,6.4782,0.999979,0.999999,0.1023
UCMerced_LandUse,beach,beach64.tif,1.9817,62.73,0.9998,6.6809,6.6809,0.999988,1.000000,0.1363
UCMerced_LandUse,beach,beach65.tif,2.0094,63.57,0.9998,6.3568,6.3569,0.999992,1.000000,1.0172
UCMerced_LandUse,beach,beach66.tif,1.9891,62.49,0.9998,6.7070,6.7073,0.999988,0.999999,0.1224
UCMerced_LandUse,beach,beach67.tif,1.9842,57.36,0.9993,6.3278,6.3281,0.999853,0.999998,1.5718
UCMerced_LandUse,beach,beach68.tif,2.0038,57.38,0.9993,6.4836,6.4838,0.999897,0.999998,0.7820
UCMerced_LandUse,beach,beach69.tif,1.9918,57.39,0.9993,6.4102,6.4103,0.999871,0.999998,0.2552
UCMerced_LandUse,beach,beach70.tif,2.0023,58.92,0.9995,6.3753,6.3754,0.999921,0.999999,1.4138
UCMerced_LandUse,beach,beach71.tif,2.0005,59.33,0.9995,6.3116,6.3118,0.999906,0.999999,0.8016
UCMerced_LandUse,beach,beach72.tif,1.9956,59.69,0.9995,6.2761,6.2762,0.999910,0.999999,1.0862
UCMerced_LandUse,beach,beach73.tif,1.9962,56.08,0.9993,6.5757,6.5759,0.999976,0.999997,0.7218
UCMerced_LandUse,beach,beach74.tif,2.0043,55.53,0.9993,6.5781,6.5788,0.999969,0.999997,0.2198
UCMerced_LandUse,beach,beach75.tif,2.0145,63.85,0.9999,5.9529,5.9528,0.999996,0.999999,0.9788
UCMerced_LandUse,beach,beach76.tif,2.0246,64.79,0.9999,6.1070,6.1072,0.999997,1.000000,0.7449
UCMerced_LandUse,beach,beach77.tif,1.9797,63.24,0.9998,6.5131,6.5131,0.999996,0.999999,1.5689
UCMerced_LandUse,beach,beach78.tif,1.9983,67.73,0.9999,6.2964,6.2963,0.999998,1.000000,0.8954
UCMerced_LandUse,beach,beach79.tif,2.0272,69.67,1.0000,5.9715,5.9715,0.999992,1.000000,0.4894
UCMerced_LandUse,beach,beach80.tif,2.0045,69.28,0.9999,5.9019,5.9019,0.999989,1.000000,1.0035
UCMerced_LandUse,beach,beach81.tif,1.9955,67.38,0.9999,5.4995,5.4995,0.999970,1.000000,0.7348
UCMerced_LandUse,beach,beach82.tif,2.0925,71.60,1.0000,5.4169,5.4169,0.999992,1.000000,0.8446
UCMerced_LandUse,beach,beach83.tif,2.0208,74.70,1.0000,5.8104,5.8105,0.999997,1.000000,0.2914
UCMerced_LandUse,beach,beach84.tif,1.9540,74.96,1.0000,5.7199,5.7198,0.999997,1.000000,0.8575
UCMerced_LandUse,beach,beach85.tif,1.9932,64.28,0.9999,6.2670,6.2671,0.999995,1.000000,1.8048
UCMerced_LandUse,beach,beach86.tif,2.0019,66.64,0.9999,6.5249,6.5248,0.999997,1.000000,1.5141
UCMerced_LandUse,beach,beach87.tif,1.9928,66.88,0.9999,6.5544,6.5544,0.999997,1.000000,1.2686
UCMerced_LandUse,beach,beach88.tif,2.0064,64.13,0.9999,6.8673,6.8675,0.999995,1.000000,1.9214
UCMerced_LandUse,beach,beach89.tif,1.9825,66.50,0.9999,6.8453,6.8454,0.999997,1.000000,1.3107
UCMerced_LandUse,beach,beach90.tif,2.0437,65.20,0.9999,6.6516,6.6516,0.999996,1.000000,0.5154
UCMerced_LandUse,beach,beach91.tif,2.0006,65.65,0.9999,6.2279,6.2280,0.999997,1.000000,2.3200
UCMerced_LandUse,beach,beach92.tif,1.9836,64.18,0.9999,6.0167,6.0168,0.999996,1.000000,0.9173
UCMerced_LandUse,beach,beach93.tif,2.0045,61.45,0.9998,6.6550,6.6551,0.999982,0.999999,0.2173
UCMerced_LandUse,beach,beach94.tif,2.0056,58.66,0.9995,6.8083,6.8085,0.999950,0.999998,0.9579
UCMerced_LandUse,beach,beach95.tif,2.0044,59.59,0.9996,6.6774,6.6775,0.999959,0.999998,2.8497
UCMerced_LandUse,beach,beach96.tif,2.0129,59.02,0.9996,7.0044,7.0046,0.999966,0.999998,0.2737
UCMerced_LandUse,beach,beach97.tif,2.0009,58.20,0.9995,6.9933,6.9935,0.999962,0.999998,0.9028
UCMerced_LandUse,beach,beach98.tif,1.9968,58.12,0.9994,6.7643,6.7645,0.999946,0.999998,1.4190
UCMerced_LandUse,beach,beach99.tif,1.9945,59.20,0.9996,6.8923,6.8923,0.999964,0.999998,1.7823
UCMerced_LandUse,buildings,buildings00.tif,2.0001,55.42,0.9994,7.5231,7.5233,0.999971,0.999994,0.7368
UCMerced_LandUse,buildings,buildings01.tif,1.9929,55.53,0.9993,7.5364,7.5364,0.999968,0.999994,0.0137
UCMerced_LandUse,buildings,buildings02.tif,2.0024,54.77,0.9993,7.8714,7.8715,0.999977,0.999995,1.5525
UCMerced_LandUse,buildings,buildings03.tif,2.0065,54.87,0.9992,7.6018,7.6019,0.999965,0.999992,1.3755
UCMerced_LandUse,buildings,buildings04.tif,2.0003,56.01,0.9994,7.4453,7.4454,0.999980,0.999996,1.4710
UCMerced_LandUse,buildings,buildings05.tif,1.9948,54.48,0.9993,7.7213,7.7216,0.999968,0.999992,2.0882
UCMerced_LandUse,buildings,buildings06.tif,2.0102,55.33,0.9994,7.7044,7.7047,0.999977,0.999994,1.9148
UCMerced_LandUse,buildings,buildings07.tif,2.0011,54.56,0.9993,7.3803,7.3808,0.999966,0.999994,0.5897
UCMerced_LandUse,buildings,buildings08.tif,2.0011,54.93,0.9994,7.6843,7.6846,0.999976,0.999994,2.3205
UCMerced_LandUse,buildings,buildings09.tif,2.0016,54.09,0.9993,7.6466,7.6472,0.999969,0.999993,3.3992
UCMerced_LandUse,buildings,buildings10.tif,1.9997,54.42,0.9993,7.2896,7.2900,0.999952,0.999994,4.0634
UCMerced_LandUse,buildings,buildings11.tif,1.9879,55.15,0.9994,7.4076,7.4077,0.999972,0.999995,1.4204
UCMerced_LandUse,buildings,buildings12.tif,1.9868,55.40,0.9994,7.4060,7.4065,0.999980,0.999994,0.5144
UCMerced_LandUse,buildings,buildings13.tif,2.0069,54.21,0.9993,7.6082,7.6085,0.999967,0.999992,0.4089
UCMerced_LandUse,buildings,buildings14.tif,1.9976,54.98,0.9993,7.4577,7.4580,0.999965,0.999994,1.1041
UCMerced_LandUse,buildings,buildings15.tif,2.0007,54.69,0.9994,7.4476,7.4480,0.999977,0.999994,2.5533
UCMerced_LandUse,buildings,buildings16.tif,2.0038,54.49,0.9992,7.5807,7.5807,0.999965,0.999994,1.2227
UCMerced_LandUse,buildings,buildings17.tif,1.9986,55.48,0.9994,7.4973,7.4974,0.999980,0.999995,1.8982
UCMerced_LandUse,buildings,buildings18.tif,2.0054,55.62,0.9994,7.4177,7.4178,0.999978,0.999995,1.7352
UCMerced_LandUse,buildings,buildings19.tif,2.0057,53.85,0.9993,7.5646,7.5649,0.999962,0.999990,1.6535
UCMerced_LandUse,buildings,buildings20.tif,2.0000,54.30,0.9993,7.6293,7.6295,0.999964,0.999995,2.4947
UCMerced_LandUse,buildings,buildings21.tif,2.0105,54.42,0.9993,7.5956,7.5964,0.999970,0.999994,2.9374
UCMerced_LandUse,buildings,buildings22.tif,2.0011,54.15,0.9992,7.5970,7.5974,0.999958,0.999990,3.3519
UCMerced_LandUse,buildings,buildings23.tif,2.0026,56.03,0.9995,7.5906,7.5908,0.999983,0.999996,0.6401
UCMerced_LandUse,buildings,buildings24.tif,2.0034,56.36,0.9995,7.5579,7.5580,0.999980,0.999996,0.0857
UCMerced_LandUse,buildings,buildings25.tif,2.0009,56.15,0.9993,6.9362,6.9368,0.999951,0.999996,1.1844
UCMerced_LandUse,buildings,buildings26.tif,1.9987,54.74,0.9992,7.5425,7.5430,0.999975,0.999997,1.2917
UCMerced_LandUse,buildings,buildings27.tif,2.0054,55.84,0.9993,7.3940,7.3948,0.999972,0.999996,2.9559
UCMerced_LandUse,buildings,buildings28.tif,2.0080,55.49,0.9993,7.3484,7.3489,0.999980,0.999996,0.2915
UCMerced_LandUse,buildings,buildings29.tif,2.0087,56.56,0.9994,7.2812,7.2815,0.999966,0.999997,0.7266
UCMerced_LandUse,buildings,buildings30.tif,2.0027,55.53,0.9994,7.2266,7.2279,0.999975,0.999997,3.7408
UCMerced_LandUse,buildings,buildings31.tif,2.0051,55.48,0.9995,7.4092,7.4101,0.999979,0.999997,1.2750
UCMerced_LandUse,buildings,buildings32.tif,2.0037,55.24,0.9993,7.3022,7.3027,0.999973,0.999997,1.0937
UCMerced_LandUse,buildings,buildings33.tif,2.0039,57.16,0.9996,6.4442,6.4444,0.999974,0.999998,1.8162
UCMerced_LandUse,buildings,buildings34.tif,1.9979,58.65,0.9997,5.6677,5.6693,0.999960,0.999997,1.7833
UCMerced_LandUse,buildings,buildings35.tif,1.9936,55.52,0.9992,7.5406,7.5408,0.999968,0.999995,1.1248
UCMerced_LandUse,buildings,buildings36.tif,2.0015,54.79,0.9995,7.3859,7.3864,0.999978,0.999996,2.7759
UCMerced_LandUse,buildings,buildings37.tif,1.9937,54.26,0.9994,7.4232,7.4235,0.999968,0.999996,1.1631
UCMerced_LandUse,buildings,buildings38.tif,1.9983,54.18,0.9993,7.7072,7.7082,0.999974,0.999995,1.1325
UCMerced_LandUse,buildings,buildings39.tif,2.0046,54.90,0.9995,7.3545,7.3556,0.999975,0.999996,2.0524
UCMerced_LandUse,buildings,buildings40.tif,1.9934,53.84,0.9994,7.6368,7.6371,0.999967,0.999994,1.2254
UCMerced_LandUse,buildings,buildings41.tif,2.0074,53.99,0.9994,7.6145,7.6145,0.999969,0.999995,0.1611
UCMerced_LandUse,buildings,buildings42.tif,1.9994,53.46,0.9993,7.6715,7.6729,0.999958,0.999993,6.2452
UCMerced_LandUse,buildings,buildings43.tif,1.9986,54.26,0.9994,7.3611,7.3616,0.999954,0.999995,3.8816
UCMerced_LandUse,buildings,buildings44.tif,2.0046,54.39,0.9994,7.4318,7.4326,0.999971,0.999996,1.2083
UCMerced_LandUse,buildings,buildings45.tif,2.0083,55.73,0.9996,7.0414,7.0421,0.999988,0.999998,0.5525
UCMerced_LandUse,buildings,buildings46.tif,2.0000,54.85,0.9995,7.4526,7.4532,0.999980,0.999995,2.0794
UCMerced_LandUse,buildings,buildings47.tif,2.0003,54.14,0.9994,7.6438,7.6444,0.999970,0.999994,0.4562
UCMerced_LandUse,buildings,buildings48.tif,1.9983,53.84,0.9994,7.7631,7.7641,0.999978,0.999995,0.9083
UCMerced_LandUse,buildings,buildings49.tif,1.9986,54.48,0.9994,7.3384,7.3464,0.999975,0.999996,5.5598
UCMerced_LandUse,buildings,buildings50.tif,2.0046,55.83,0.9995,7.1968,7.2008,0.999974,0.999997,2.9898
UCMerced_LandUse,buildings,buildings51.tif,2.0239,55.71,0.9996,6.8620,6.8702,0.999979,0.999997,1.2991
UCMerced_LandUse,buildings,buildings52.tif,2.0007,59.45,0.9998,5.8964,5.8964,0.999990,0.999999,2.1557
UCMerced_LandUse,buildings,buildings53.tif,2.0077,55.25,0.9995,7.3603,7.3605,0.999976,0.999996,1.1520
UCMerced_LandUse,buildings,buildings54.tif,2.0043,55.87,0.9995,7.3806,7.3808,0.999984,0.999997,1.4481
UCMerced_LandUse,buildings,buildings55.tif,1.9984,56.67,0.9995,7.0049,7.0049,0.999973,0.999998,0.6424
UCMerced_LandUse,buildings,buildings56.tif,1.9874,55.48,0.9994,7.3586,7.3589,0.999962,0.999996,2.0067
UCMerced_LandUse,buildings,buildings57.tif,1.9922,55.58,0.9993,7.1375,7.1380,0.999950,0.999996,1.2522
UCMerced_LandUse,buildings,buildings58.tif,2.0025,56.30,0.9996,6.8911,6.8913,0.999984,0.999997,2.9020
UCMerced_LandUse,buildings,buildings59.tif,1.9955,55.51,0.9995,7.3091,7.3095,0.999983,0.999996,0.7815
UCMerced_LandUse,buildings,buildings60.tif,1.9936,55.97,0.9995,7.4474,7.4477,0.999982,0.999997,0.1252
UCMerced_LandUse,buildings,buildings61.tif,2.0028,56.87,0.9996,7.3397,7.3403,0.999977,0.999998,1.3357
UCMerced_LandUse,buildings,buildings62.tif,2.0050,56.30,0.9995,7.1728,7.1732,0.999982,0.999997,2.1057
UCMerced_LandUse,buildings,buildings63.tif,1.9958,55.81,0.9995,7.3762,7.3763,0.999978,0.999997,0.4776
UCMerced_LandUse,buildings,buildings64.tif,1.9996,56.52,0.9996,7.1802,7.1805,0.999979,0.999997,4.0236
UCMerced_LandUse,buildings,buildings65.tif,1.9921,59.01,0.9997,6.9144,6.9148,0.999988,0.999998,0.3556
UCMerced_LandUse,buildings,buildings66.tif,1.9878,57.64,0.9996,7.0327,7.0332,0.999986,0.999997,0.0467
UCMerced_LandUse,buildings,buildings67.tif,2.0083,56.79,0.9995,7.0449,7.0450,0.999983,0.999996,2.4499
UCMerced_LandUse,buildings,buildings68.tif,2.0003,56.51,0.9996,6.4753,6.4762,0.999986,0.999998,1.5161
UCMerced_LandUse,buildings,buildings69.tif,2.0015,57.87,0.9997,6.6285,6.6288,0.999986,0.999998,1.1686
UCMerced_LandUse,buildings,buildings70.tif,2.0048,56.30,0.9995,7.2856,7.2856,0.999969,0.999997,2.3526
UCMerced_LandUse,buildings,buildings71.tif,1.9985,56.15,0.9994,7.1117,7.1116,0.999976,0.999993,2.3315
UCMerced_LandUse,buildings,buildings72.tif,2.0025,55.34,0.9994,7.5154,7.5156,0.999977,0.999996,1.7786
UCMerced_LandUse,buildings,buildings73.tif,1.9997,56.59,0.9996,7.0805,7.0801,0.999985,0.999996,2.7815
UCMerced_LandUse,buildings,buildings74.tif,1.9996,56.09,0.9995,7.0168,7.0169,0.999983,0.999996,0.4883
UCMerced_LandUse,buildings,buildings75.tif,2.0007,55.54,0.9994,7.4487,7.4487,0.999980,0.999996,0.0275
UCMerced_LandUse,buildings,buildings76.tif,2.0012,55.84,0.9995,7.5033,7.5035,0.999979,0.999996,1.9211
UCMerced_LandUse,buildings,buildings77.tif,2.0074,55.84,0.9995,7.4477,7.4479,0.999983,0.999995,0.5408
UCMerced_LandUse,buildings,buildings78.tif,1.9959,55.20,0.9993,6.1857,6.1874,0.999956,0.999995,1.4244
UCMerced_LandUse,buildings,buildings79.tif,1.9901,53.41,0.9989,7.5436,7.5441,0.999953,0.999995,2.6552
UCMerced_LandUse,buildings,buildings80.tif,2.0086,54.32,0.9991,7.4104,7.4145,0.999952,0.999993,1.6289
UCMerced_LandUse,buildings,buildings81.tif,1.9976,54.44,0.9995,7.5388,7.5428,0.999976,0.999992,0.0081
UCMerced_LandUse,buildings,buildings82.tif,2.0041,53.24,0.9994,7.8336,7.8355,0.999973,0.999993,0.2603
UCMerced_LandUse,buildings,buildings83.tif,2.0061,54.77,0.9991,7.5051,7.5069,0.999975,0.999995,1.0147
UCMerced_LandUse,buildings,buildings84.tif,2.0056,52.54,0.9994,7.7003,7.7132,0.999967,0.999993,4.9637
UCMerced_LandUse,buildings,buildings85.tif,1.9955,56.94,0.9995,6.7331,6.7333,0.999921,0.999994,1.8849
UCMerced_LandUse,buildings,buildings86.tif,2.0007,59.90,0.9998,5.8088,5.8089,0.999971,0.999999,2.9469
UCMerced_LandUse,buildings,buildings87.tif,1.9963,56.45,0.9995,7.3349,7.3348,0.999977,0.999996,2.5503
UCMerced_LandUse,buildings,buildings88.tif,1.9963,55.06,0.9994,7.5067,7.5072,0.999961,0.999994,1.1877
UCMerced_LandUse,buildings,buildings89.tif,1.9875,55.35,0.9995,7.1038,7.1044,0.999955,0.999996,1.8599
UCMerced_LandUse,buildings,buildings90.tif,2.0012,54.89,0.9995,7.4147,7.4152,0.999974,0.999996,1.2671
UCMerced_LandUse,buildings,buildings91.tif,2.0006,54.08,0.9993,7.3825,7.3831,0.999949,0.999994,1.3643
UCMerced_LandUse,buildings,buildings92.tif,2.0040,55.27,0.9995,6.8328,6.8306,0.999983,0.999997,2.0254
UCMerced_LandUse,buildings,buildings93.tif,1.9959,55.47,0.9995,6.8624,6.8638,0.999977,0.999997,1.2958
UCMerced_LandUse,buildings,buildings94.tif,2.0104,54.32,0.9994,7.4696,7.4697,0.999954,0.999996,1.4337
UCMerced_LandUse,buildings,buildings95.tif,2.0108,56.09,0.9996,7.1492,7.1493,0.999977,0.999996,2.3344
UCMerced_LandUse,buildings,buildings96.tif,2.0023,55.37,0.9995,7.0556,7.0563,0.999982,0.999997,0.6065
UCMerced_LandUse,buildings,buildings97.tif,2.0088,56.36,0.9995,7.1777,7.1782,0.999981,0.999998,0.2570
UCMerced_LandUse,buildings,buildings98.tif,1.9978,55.73,0.9994,6.8120,6.8142,0.999965,0.999997,1.0630
UCMerced_LandUse,buildings,buildings99.tif,2.0008,56.51,0.9995,6.8261,6.8274,0.999972,0.999998,0.1230
UCMerced_LandUse,chaparral,chaparral00.tif,2.0050,53.41,0.9989,6.3622,6.3627,0.999773,0.999992,1.5669
UCMerced_LandUse,chaparral,chaparral01.tif,2.0081,53.56,0.9989,6.4688,6.4695,0.999798,0.999994,1.4784
UCMerced_LandUse,chaparral,chaparral02.tif,2.0077,53.61,0.9989,6.2965,6.2970,0.999754,0.999992,1.0755
UCMerced_LandUse,chaparral,chaparral03.tif,1.9899,54.33,0.9990,6.1723,6.1731,0.999777,0.999994,1.1639
UCMerced_LandUse,chaparral,chaparral04.tif,1.9934,53.80,0.9990,6.2671,6.2679,0.999773,0.999994,0.7130
UCMerced_LandUse,chaparral,chaparral05.tif,1.9928,52.68,0.9989,6.7021,6.7025,0.999813,0.999993,0.7284
UCMerced_LandUse,chaparral,chaparral06.tif,1.9984,52.22,0.9991,7.1055,7.1058,0.999872,0.999993,0.3253
UCMerced_LandUse,chaparral,chaparral07.tif,1.9929,52.96,0.9988,6.7197,6.7201,0.999818,0.999993,4.5866
UCMerced_LandUse,chaparral,chaparral08.tif,2.0044,53.68,0.9991,6.2627,6.2641,0.999839,0.999993,1.0687
UCMerced_LandUse,chaparral,chaparral09.tif,2.0052,53.04,0.9990,6.4415,6.4424,0.999807,0.999991,1.4786
UCMerced_LandUse,chaparral,chaparral10.tif,2.0000,52.97,0.9990,6.4653,6.4663,0.999799,0.999990,1.4699
UCMerced_LandUse,chaparral,chaparral11.tif,2.0085,54.64,0.9992,6.4335,6.4338,0.999889,0.999993,2.0876
UCMerced_LandUse,chaparral,chaparral12.tif,1.9996,54.47,0.9991,6.5605,6.5609,0.999870,0.999995,1.1911
UCMerced_LandUse,chaparral,chaparral13.tif,1.9986,53.57,0.9990,6.5029,6.5036,0.999852,0.999992,1.7215
UCMerced_LandUse,chaparral,chaparral14.tif,2.0057,54.23,0.9991,6.2684,6.2692,0.999861,0.999993,0.3152
UCMerced_LandUse,chaparral,chaparral15.tif,1.9963,53.82,0.9991,6.3130,6.3138,0.999831,0.999992,3.9104
UCMerced_LandUse,chaparral,chaparral16.tif,2.0054,53.95,0.9991,6.2268,6.2276,0.999835,0.999993,0.9462
UCMerced_LandUse,chaparral,chaparral17.tif,2.0101,55.36,0.9991,5.8775,5.8780,0.999691,0.999994,1.4998
UCMerced_LandUse,chaparral,chaparral18.tif,1.9944,55.57,0.9992,6.1342,6.1345,0.999801,0.999995,0.3356
UCMerced_LandUse,chaparral,chaparral19.tif,2.0008,53.82,0.9991,6.3093,6.3096,0.999861,0.999993,1.2337
UCMerced_LandUse,chaparral,chaparral20.tif,1.9978,53.61,0.9990,6.3464,6.3471,0.999843,0.999993,0.1725
UCMerced_LandUse,chaparral,chaparral21.tif,2.0087,53.55,0.9989,6.3942,6.3948,0.999778,0.999991,2.0265
UCMerced_LandUse,chaparral,chaparral22.tif,1.9964,53.50,0.9988,6.4939,6.4944,0.999774,0.999991,2.1716
UCMerced_LandUse,chaparral,chaparral23.tif,1.9999,52.98,0.9990,6.8713,6.8717,0.999879,0.999991,0.7336
UCMerced_LandUse,chaparral,chaparral24.tif,2.0040,52.72,0.9990,7.1971,7.1974,0.999903,0.999992,3.2313
UCMerced_LandUse,chaparral,chaparral25.tif,2.0063,53.42,0.9987,6.4034,6.4040,0.999754,0.999990,2.5706
UCMerced_LandUse,chaparral,chaparral26.tif,1.9996,52.91,0.9988,6.5073,6.5079,0.999756,0.999989,0.8603
UCMerced_LandUse,chaparral,chaparral27.tif,2.0010,53.29,0.9989,6.3898,6.3906,0.999794,0.999991,0.5304
UCMerced_LandUse,chaparral,chaparral28.tif,1.9968,53.21,0.9990,6.4273,6.4280,0.999822,0.999991,2.2253
UCMerced_LandUse,chaparral,chaparral29.tif,2.0038,52.39,0.9989,6.6514,6.6525,0.999788,0.999988,2.7431
UCMerced_LandUse,chaparral,chaparral30.tif,1.9996,52.42,0.9990,6.6207,6.6217,0.999792,0.999988,3.0706
UCMerced_LandUse,chaparral,chaparral31.tif,2.0037,52.37,0.9989,6.7492,6.7496,0.999802,0.999987,0.3852
UCMerced_LandUse,chaparral,chaparral32.tif,1.9971,53.30,0.9990,6.6079,6.6087,0.999867,0.999991,2.3349
UCMerced_LandUse,chaparral,chaparral33.tif,2.0025,53.58,0.9989,6.4428,6.4432,0.999829,0.999991,1.0492
UCMerced_LandUse,chaparral,chaparral34.tif,1.9999,54.37,0.9992,6.0032,6.0044,0.999850,0.999994,0.4485
UCMerced_LandUse,chaparral,chaparral35.tif,2.0061,54.33,0.9990,5.7838,5.7853,0.999801,0.999994,0.6258
UCMerced_LandUse,chaparral,chaparral36.tif,2.0047,54.40,0.9990,5.9591,5.9604,0.999811,0.999994,1.4960
UCMerced_LandUse,chaparral,chaparral37.tif,1.9971,53.22,0.9989,6.6377,6.6380,0.999798,0.999990,0.7928
UCMerced_LandUse,chaparral,chaparral38.tif,1.9982,52.96,0.9988,6.5615,6.5620,0.999797,0.999991,1.2639
UCMerced_LandUse,chaparral,chaparral39.tif,2.0048,52.83,0.9988,6.4006,6.4016,0.999741,0.999992,1.0263
UCMerced_LandUse,chaparral,chaparral40.tif,2.0042,53.23,0.9989,6.2988,6.3003,0.999806,0.999993,1.6432
UCMerced_LandUse,chaparral,chaparral41.tif,1.9992,53.67,0.9989,6.3384,6.3391,0.999790,0.999991,0.8758
UCMerced_LandUse,chaparral,chaparral42.tif,2.0027,52.54,0.9987,6.4488,6.4499,0.999678,0.999988,0.2240
UCMerced_LandUse,chaparral,chaparral43.tif,2.0064,53.49,0.9988,6.1645,6.1655,0.999732,0.999993,1.0064
UCMerced_LandUse,chaparral,chaparral44.tif,1.9922,53.44,0.9989,6.4590,6.4596,0.999815,0.999993,1.3317
UCMerced_LandUse,chaparral,chaparral45.tif,2.0031,53.16,0.9989,6.4537,6.4545,0.999799,0.999991,0.3066
UCMerced_LandUse,chaparral,chaparral46.tif,2.0012,53.58,0.9989,6.3839,6.3846,0.999827,0.999992,3.7925
UCMerced_LandUse,chaparral,chaparral47.tif,2.0060,53.81,0.9991,6.3218,6.3227,0.999852,0.999993,0.0376
UCMerced_LandUse,chaparral,chaparral48.tif,2.0000,53.99,0.9991,6.3423,6.3428,0.999856,0.999993,1.0693
UCMerced_LandUse,chaparral,chaparral49.tif,1.9987,54.01,0.9985,6.0023,6.0028,0.999489,0.999989,1.9492
UCMerced_LandUse,chaparral,chaparral50.tif,1.9952,53.22,0.9989,7.0013,7.0017,0.999905,0.999992,1.5963
UCMerced_LandUse,chaparral,chaparral51.tif,1.9997,52.59,0.9991,7.0549,7.0551,0.999872,0.999990,1.1164
UCMerced_LandUse,chaparral,chaparral52.tif,1.9954,52.50,0.9990,6.9463,6.9467,0.999850,0.999988,0.5652
UCMerced_LandUse,chaparral,chaparral53.tif,1.9962,52.76,0.9990,6.8340,6.8345,0.999859,0.999990,0.3927
UCMerced_LandUse,chaparral,chaparral54.tif,2.0009,52.85,0.9990,6.9412,6.9416,0.999884,0.999992,1.4691
UCMerced_LandUse,chaparral,chaparral55.tif,1.9951,52.80,0.9990,6.6449,6.6455,0.999827,0.999989,2.2802
UCMerced_LandUse,chaparral,chaparral56.tif,2.0041,52.49,0.9990,6.8364,6.8369,0.999827,0.999988,0.8290
UCMerced_LandUse,chaparral,chaparral57.tif,2.0001,53.13,0.9991,6.6657,6.6668,0.999874,0.999992,2.9540
UCMerced_LandUse,chaparral,chaparral58.tif,2.0078,52.89,0.9991,6.7888,6.7894,0.999855,0.999991,1.6818
UCMerced_LandUse,chaparral,chaparral59.tif,1.9971,53.38,0.9989,6.4330,6.4337,0.999790,0.999990,2.0367
UCMerced_LandUse,chaparral,chaparral60.tif,2.0085,51.76,0.9991,6.9083,6.9086,0.999762,0.999983,1.9605
UCMerced_LandUse,chaparral,chaparral61.tif,1.9954,51.72,0.9992,6.8766,6.8768,0.999738,0.999982,0.7555
UCMerced_LandUse,chaparral,chaparral62.tif,2.0032,51.73,0.9992,6.7468,6.7471,0.999698,0.999982,0.0355
UCMerced_LandUse,chaparral,chaparral63.tif,2.0072,51.74,0.9993,6.7252,6.7254,0.999710,0.999983,1.3914
UCMerced_LandUse,chaparral,chaparral64.tif,2.0032,51.71,0.9994,6.9825,6.9827,0.999776,0.999982,2.7797
UCMerced_LandUse,chaparral,chaparral65.tif,1.9957,51.77,0.9990,6.5587,6.5592,0.999615,0.999986,1.1313
UCMerced_LandUse,chaparral,chaparral66.tif,2.0029,51.79,0.9990,6.6242,6.6245,0.999641,0.999985,0.4315
UCMerced_LandUse,chaparral,chaparral67.tif,1.9939,53.37,0.9990,6.5252,6.5259,0.999860,0.999992,2.1004
UCMerced_LandUse,chaparral,chaparral68.tif,2.0045,53.22,0.9989,6.6391,6.6398,0.999852,0.999991,0.6529
UCMerced_LandUse,chaparral,chaparral69.tif,2.0030,53.14,0.9989,6.7309,6.7315,0.999834,0.999992,1.5304
UCMerced_LandUse,chaparral,chaparral70.tif,1.9972,54.07,0.9990,6.4597,6.4602,0.999844,0.999993,0.7040
UCMerced_LandUse,chaparral,chaparral71.tif,1.9947,52.98,0.9989,6.6268,6.6273,0.999814,0.999991,0.7609
UCMerced_LandUse,chaparral,chaparral72.tif,2.0030,53.29,0.9987,6.6345,6.6349,0.999806,0.999991,2.7121
UCMerced_LandUse,chaparral,chaparral73.tif,2.0096,53.01,0.9986,6.7214,6.7218,0.999830,0.999991,1.7123
UCMerced_LandUse,chaparral,chaparral74.tif,1.9953,53.29,0.9988,6.7694,6.7697,0.999857,0.999992,1.8153
UCMerced_LandUse,chaparral,chaparral75.tif,2.0009,53.58,0.9988,6.4890,6.4894,0.999783,0.999991,1.3053
UCMerced_LandUse,chaparral,chaparral76.tif,1.9993,53.56,0.9988,6.6378,6.6382,0.999824,0.999991,2.4786
UCMerced_LandUse,chaparral,chaparral77.tif,2.0076,52.77,0.9988,6.8321,6.8325,0.999830,0.999990,2.6188
UCMerced_LandUse,chaparral,chaparral78.tif,1.9949,52.73,0.9986,6.7528,6.7533,0.999790,0.999989,1.9603
UCMerced_LandUse,chaparral,chaparral79.tif,2.0044,52.99,0.9988,6.8543,6.8547,0.999851,0.999992,2.2862
UCMerced_LandUse,chaparral,chaparral80.tif,1.9982,52.99,0.9988,6.7863,6.7868,0.999840,0.999990,3.6179
UCMerced_LandUse,chaparral,chaparral81.tif,1.9977,53.22,0.9987,6.6934,6.6938,0.999805,0.999991,1.0002
UCMerced_LandUse,chaparral,chaparral82.tif,2.0052,52.89,0.9988,6.9249,6.9254,0.999856,0.999992,2.0376
UCMerced_LandUse,chaparral,chaparral83.tif,1.9908,52.39,0.9986,6.6443,6.6447,0.999756,0.999991,0.3509
UCMerced_LandUse,chaparral,chaparral84.tif,1.9935,52.68,0.9988,6.7362,6.7367,0.999785,0.999990,1.1710
UCMerced_LandUse,chaparral,chaparral85.tif,2.0016,53.09,0.9988,6.7230,6.7234,0.999823,0.999992,3.5026
UCMerced_LandUse,chaparral,chaparral86.tif,1.9985,52.38,0.9988,7.0077,7.0081,0.999854,0.999989,0.0478
UCMerced_LandUse,chaparral,chaparral87.tif,2.0008,52.09,0.9988,7.0666,7.0671,0.999848,0.999989,1.0349
UCMerced_LandUse,chaparral,chaparral88.tif,1.9970,53.86,0.9987,6.4501,6.4504,0.999747,0.999991,2.4163
UCMerced_LandUse,chaparral,chaparral89.tif,1.9992,53.72,0.9987,6.5622,6.5626,0.999774,0.999991,1.1636
UCMerced_LandUse,chaparral,chaparral90.tif,1.9986,52.04,0.9988,6.8678,6.8683,0.999789,0.999987,1.7343
UCMerced_LandUse,chaparral,chaparral91.tif,2.0027,51.91,0.9988,6.8667,6.8669,0.999754,0.999987,3.1169
UCMerced_LandUse,chaparral,chaparral92.tif,1.9948,53.60,0.9989,6.5944,6.5948,0.999810,0.999991,1.5429
UCMerced_LandUse,chaparral,chaparral93.tif,2.0042,53.24,0.9988,6.6920,6.6922,0.999814,0.999990,1.0907
UCMerced_LandUse,chaparral,chaparral94.tif,2.0011,52.25,0.9988,6.8402,6.8407,0.999793,0.999984,1.3017
UCMerced_LandUse,chaparral,chaparral95.tif,1.9922,52.14,0.9989,6.8804,6.8810,0.999813,0.999989,2.7566
UCMerced_LandUse,chaparral,chaparral96.tif,1.9934,52.44,0.9988,6.8695,6.8700,0.999840,0.999989,1.5596
UCMerced_LandUse,chaparral,chaparral97.tif,1.9928,52.80,0.9986,6.6508,6.6512,0.999790,0.999989,0.8189
UCMerced_LandUse,chaparral,chaparral98.tif,1.9965,52.38,0.9988,6.7168,6.7174,0.999830,0.999992,1.5804
UCMerced_LandUse,chaparral,chaparral99.tif,1.9947,52.50,0.9988,6.9723,6.9726,0.999845,0.999990,2.4908
UCMerced_LandUse,denseresidential,denseresidential00.tif,1.9985,53.68,0.9991,7.6628,7.6630,0.999961,0.999988,1.3172
UCMerced_LandUse,denseresidential,denseresidential01.tif,1.9980,54.26,0.9993,7.6413,7.6420,0.999966,0.999991,0.5023
UCMerced_LandUse,denseresidential,denseresidential02.tif,1.9978,54.22,0.9993,7.6815,7.6819,0.999967,0.999992,0.2558
UCMerced_LandUse,denseresidential,denseresidential03.tif,2.0107,54.13,0.9992,7.7321,7.7323,0.999966,0.999991,2.7947
UCMerced_LandUse,denseresidential,denseresidential04.tif,1.9888,53.96,0.9992,7.6801,7.6804,0.999965,0.999991,1.7911
UCMerced_LandUse,denseresidential,denseresidential05.tif,1.9859,54.58,0.9994,7.5993,7.5998,0.999961,0.999993,2.1755
UCMerced_LandUse,denseresidential,denseresidential06.tif,2.0055,54.64,0.9993,7.6709,7.6707,0.999968,0.999993,0.6735
UCMerced_LandUse,denseresidential,denseresidential07.tif,1.9996,54.61,0.9994,7.6257,7.6258,0.999962,0.999993,1.4366
UCMerced_LandUse,denseresidential,denseresidential08.tif,2.0060,53.92,0.9992,7.5659,7.5661,0.999956,0.999987,2.0661
UCMerced_LandUse,denseresidential,denseresidential09.tif,1.9999,53.69,0.9991,7.6085,7.6089,0.999956,0.999987,1.6737
UCMerced_LandUse,denseresidential,denseresidential10.tif,2.0030,54.11,0.9992,7.6524,7.6525,0.999962,0.999989,2.7461
UCMerced_LandUse,denseresidential,denseresidential11.tif,2.0026,54.31,0.9992,7.8074,7.8075,0.999968,0.999992,1.5911
UCMerced_LandUse,denseresidential,denseresidential12.tif,2.0021,54.22,0.9992,7.7447,7.7445,0.999964,0.999992,1.6265
UCMerced_LandUse,denseresidential,denseresidential13.tif,2.0001,53.55,0.9993,7.6548,7.6566,0.999958,0.999992,1.9171
UCMerced_LandUse,denseresidential,denseresidential14.tif,1.9980,54.23,0.9992,7.6632,7.6647,0.999960,0.999995,0.6699
UCMerced_LandUse,denseresidential,denseresidential15.tif,1.9975,54.10,0.9993,7.7029,7.7046,0.999965,0.999995,1.0641
UCMerced_LandUse,denseresidential,denseresidential16.tif,2.0038,54.29,0.9993,7.6331,7.6338,0.999974,0.999995,0.9012
UCMerced_LandUse,denseresidential,denseresidential17.tif,2.0006,54.62,0.9994,7.5204,7.5215,0.999976,0.999996,1.3942
UCMerced_LandUse,denseresidential,denseresidential18.tif,2.0008,53.88,0.9992,7.7141,7.7144,0.999962,0.999994,1.9265
UCMerced_LandUse,denseresidential,denseresidential19.tif,1.9989,55.58,0.9995,7.0617,7.0622,0.999969,0.999995,0.0000
UCMerced_LandUse,denseresidential,denseresidential20.tif,2.0122,53.99,0.9993,7.6563,7.6576,0.999974,0.999994,1.6751
UCMerced_LandUse,denseresidential,denseresidential21.tif,1.9993,53.40,0.9991,7.6826,7.6839,0.999963,0.999991,0.3869
UCMerced_LandUse,denseresidential,denseresidential22.tif,1.9958,53.84,0.9992,7.5730,7.5751,0.999972,0.999995,1.1340
UCMerced_LandUse,denseresidential,denseresidential23.tif,2.0080,53.92,0.9992,7.5921,7.5924,0.999974,0.999994,0.5592
UCMerced_LandUse,denseresidential,denseresidential24.tif,2.0026,54.16,0.9992,7.5091,7.5095,0.999974,0.999993,3.2988
UCMerced_LandUse,denseresidential,denseresidential25.tif,1.9993,53.74,0.9992,7.5852,7.5865,0.999971,0.999992,1.1209
UCMerced_LandUse,denseresidential,denseresidential26.tif,2.0025,55.02,0.9993,7.3279,7.3284,0.999959,0.999996,3.8563
UCMerced_LandUse,denseresidential,denseresidential27.tif,1.9986,54.43,0.9993,7.4853,7.4861,0.999956,0.999995,0.1453
UCMerced_LandUse,denseresidential,denseresidential28.tif,2.0001,54.37,0.9992,7.4555,7.4562,0.999955,0.999995,1.8947
UCMerced_LandUse,denseresidential,denseresidential29.tif,2.0023,54.35,0.9992,7.3869,7.3877,0.999950,0.999995,2.1983
UCMerced_LandUse,denseresidential,denseresidential30.tif,1.9956,54.42,0.9993,7.5446,7.5451,0.999960,0.999994,0.2860
UCMerced_LandUse,denseresidential,denseresidential31.tif,2.0077,54.56,0.9993,7.5374,7.5378,0.999962,0.999995,3.3567
UCMerced_LandUse,denseresidential,denseresidential32.tif,1.9998,54.30,0.9993,7.4944,7.4955,0.999974,0.999996,2.9919
UCMerced_LandUse,denseresidential,denseresidential33.tif,1.9965,55.25,0.9994,6.9615,6.9616,0.999921,0.999994,0.6474
UCMerced_LandUse,denseresidential,denseresidential34.tif,1.9977,55.51,0.9994,6.7396,6.7399,0.999928,0.999994,2.2278
UCMerced_LandUse,denseresidential,denseresidential35.tif,2.0094,54.48,0.9993,7.4392,7.4395,0.999951,0.999995,0.2313
UCMerced_LandUse,denseresidential,denseresidential36.tif,2.0025,54.38,0.9993,7.4686,7.4690,0.999949,0.999994,1.5874
UCMerced_LandUse,denseresidential,denseresidential37.tif,2.0024,54.77,0.9993,7.3279,7.3281,0.999955,0.999995,1.0859
UCMerced_LandUse,denseresidential,denseresidential38.tif,1.9913,54.51,0.9992,7.2376,7.2391,0.999949,0.999994,2.6026
UCMerced_LandUse,denseresidential,denseresidential39.tif,2.0094,55.58,0.9995,6.5505,6.5515,0.999920,0.999995,2.1555
UCMerced_LandUse,denseresidential,denseresidential40.tif,1.9938,53.83,0.9991,7.5514,7.5516,0.999942,0.999992,1.0354
UCMerced_LandUse,denseresidential,denseresidential41.tif,2.0007,54.82,0.9992,7.3495,7.3503,0.999957,0.999993,1.1566
UCMerced_LandUse,denseresidential,denseresidential42.tif,1.9923,54.76,0.9993,7.3901,7.3910,0.999955,0.999992,0.7292
UCMerced_LandUse,denseresidential,denseresidential43.tif,2.0028,55.08,0.9993,7.3252,7.3260,0.999954,0.999992,1.9568
UCMerced_LandUse,denseresidential,denseresidential44.tif,1.9938,53.24,0.9990,7.5740,7.5747,0.999956,0.999990,2.6815
UCMerced_LandUse,denseresidential,denseresidential45.tif,1.9985,53.50,0.9990,7.5709,7.5712,0.999963,0.999991,1.2936
UCMerced_LandUse,denseresidential,denseresidential46.tif,2.0016,54.41,0.9993,7.4195,7.4197,0.999948,0.999990,0.5314
UCMerced_LandUse,denseresidential,denseresidential47.tif,1.9998,54.81,0.9994,7.2875,7.2890,0.999947,0.999992,1.8629
UCMerced_LandUse,denseresidential,denseresidential48.tif,1.9978,54.14,0.9993,7.2198,7.2199,0.999916,0.999993,0.0351
UCMerced_LandUse,denseresidential,denseresidential49.tif,1.9995,54.27,0.9993,7.3328,7.3332,0.999936,0.999993,0.9106
UCMerced_LandUse,denseresidential,denseresidential50.tif,2.0010,56.81,0.9994,6.7624,6.7624,0.999934,0.999996,1.4542
UCMerced_LandUse,denseresidential,denseresidential51.tif,2.0068,54.86,0.9993,7.5206,7.5209,0.999968,0.999994,3.5985
UCMerced_LandUse,denseresidential,denseresidential52.tif,1.9875,55.42,0.9994,7.2504,7.2508,0.999973,0.999995,2.4042
UCMerced_LandUse,denseresidential,denseresidential53.tif,1.9988,54.58,0.9993,7.4592,7.4598,0.999965,0.999993,2.6468
UCMerced_LandUse,denseresidential,denseresidential54.tif,2.0123,54.51,0.9993,7.4723,7.4728,0.999968,0.999993,2.2482
UCMerced_LandUse,denseresidential,denseresidential55.tif,2.0134,54.23,0.9992,7.5320,7.5324,0.999962,0.999992,2.7398
UCMerced_LandUse,denseresidential,denseresidential56.tif,2.0017,54.74,0.9992,7.4562,7.4567,0.999962,0.999994,0.8025
UCMerced_LandUse,denseresidential,denseresidential57.tif,1.9967,54.55,0.9992,7.5254,7.5257,0.999964,0.999995,1.1498
UCMerced_LandUse,denseresidential,denseresidential58.tif,2.0010,54.66,0.9993,7.3058,7.3064,0.999967,0.999996,3.3258
UCMerced_LandUse,denseresidential,denseresidential59.tif,1.9991,54.76,0.9994,7.4166,7.4173,0.999972,0.999995,1.0720
UCMerced_LandUse,denseresidential,denseresidential60.tif,2.0041,54.38,0.9992,7.4581,7.4585,0.999965,0.999993,1.6851
UCMerced_LandUse,denseresidential,denseresidential61.tif,2.0066,54.64,0.9993,7.4784,7.4787,0.999968,0.999994,1.5498
UCMerced_LandUse,denseresidential,denseresidential62.tif,2.0026,54.91,0.9993,7.4948,7.4950,0.999960,0.999994,0.8866
UCMerced_LandUse,denseresidential,denseresidential63.tif,2.0002,55.13,0.9993,7.4533,7.4535,0.999965,0.999994,1.2112
UCMerced_LandUse,denseresidential,denseresidential64.tif,2.0041,54.61,0.9993,7.2525,7.2531,0.999966,0.999994,3.2634
UCMerced_LandUse,denseresidential,denseresidential65.tif,1.9969,54.26,0.9991,7.3563,7.3567,0.999951,0.999991,2.7600
UCMerced_LandUse,denseresidential,denseresidential66.tif,2.0041,54.16,0.9990,7.2678,7.2681,0.999933,0.999990,2.2013
UCMerced_LandUse,denseresidential,denseresidential67.tif,2.0055,55.62,0.9994,7.2453,7.2457,0.999964,0.999995,3.5427
UCMerced_LandUse,denseresidential,denseresidential68.tif,1.9997,54.61,0.9993,7.3603,7.3609,0.999964,0.999994,0.2101
UCMerced_LandUse,denseresidential,denseresidential69.tif,2.0019,55.05,0.9992,7.2638,7.2640,0.999948,0.999992,1.0873
UCMerced_LandUse,denseresidential,denseresidential70.tif,1.9997,54.89,0.9993,7.3916,7.3920,0.999957,0.999993,2.6705
UCMerced_LandUse,denseresidential,denseresidential71.tif,2.0110,53.99,0.9990,7.5150,7.5153,0.999951,0.999994,1.7016
UCMerced_LandUse,denseresidential,denseresidential72.tif,2.0084,54.85,0.9993,7.3901,7.3905,0.999964,0.999996,0.5590
UCMerced_LandUse,denseresidential,denseresidential73.tif,1.9999,54.04,0.9991,7.4658,7.4661,0.999954,0.999991,0.7902
UCMerced_LandUse,denseresidential,denseresidential74.tif,2.0050,54.50,0.9993,7.4773,7.4777,0.999967,0.999995,3.9759
UCMerced_LandUse,denseresidential,denseresidential75.tif,2.0106,54.97,0.9994,7.2524,7.2535,0.999960,0.999995,1.8678
UCMerced_LandUse,denseresidential,denseresidential76.tif,1.9966,55.51,0.9995,7.0984,7.0993,0.999970,0.999996,1.5667
UCMerced_LandUse,denseresidential,denseresidential77.tif,1.9980,55.38,0.9994,7.1720,7.1731,0.999972,0.999995,0.0854
UCMerced_LandUse,denseresidential,denseresidential78.tif,1.9948,54.77,0.9994,7.3392,7.3399,0.999966,0.999994,1.6198
UCMerced_LandUse,denseresidential,denseresidential79.tif,1.9909,54.66,0.9994,7.3193,7.3197,0.999972,0.999994,0.0538
UCMerced_LandUse,denseresidential,denseresidential80.tif,1.9951,55.25,0.9992,7.1427,7.1428,0.999939,0.999992,2.0342
UCMerced_LandUse,denseresidential,denseresidential81.tif,2.0006,55.26,0.9992,7.1317,7.1317,0.999942,0.999993,2.4593
UCMerced_LandUse,denseresidential,denseresidential82.tif,2.0003,52.61,0.9987,6.8434,6.8458,0.999838,0.999976,1.0177
UCMerced_LandUse,denseresidential,denseresidential83.tif,2.0014,52.52,0.9987,6.7801,6.7821,0.999814,0.999975,0.5829
UCMerced_LandUse,denseresidential,denseresidential84.tif,2.0143,56.25,0.9994,7.1713,7.1714,0.999962,0.999997,2.7565
UCMerced_LandUse,denseresidential,denseresidential85.tif,1.9992,55.23,0.9993,7.3341,7.3339,0.999955,0.999995,1.2656
UCMerced_LandUse,denseresidential,denseresidential86.tif,2.0000,55.66,0.9994,7.4163,7.4165,0.999980,0.999996,3.0719
UCMerced_LandUse,denseresidential,denseresidential87.tif,1.9915,55.12,0.9994,7.2702,7.2702,0.999957,0.999993,0.1440
UCMerced_LandUse,denseresidential,denseresidential88.tif,2.0075,55.78,0.9994,6.7573,6.7580,0.999938,0.999995,1.3992
UCMerced_LandUse,denseresidential,denseresidential89.tif,2.0035,55.37,0.9994,6.8224,6.8234,0.999926,0.999994,0.3325
UCMerced_LandUse,denseresidential,denseresidential90.tif,2.0041,55.78,0.9994,6.7963,6.7974,0.999920,0.999994,1.7811
UCMerced_LandUse,denseresidential,denseresidential91.tif,1.9964,55.83,0.9994,6.7355,6.7360,0.999915,0.999994,3.2526
UCMerced_LandUse,denseresidential,denseresidential92.tif,1.9917,54.99,0.9993,7.0334,7.0342,0.999916,0.999992,0.1505
UCMerced_LandUse,denseresidential,denseresidential93.tif,1.9912,55.13,0.9993,6.9555,6.9564,0.999918,0.999993,0.8966
UCMerced_LandUse,denseresidential,denseresidential94.tif,2.0005,54.68,0.9993,7.3029,7.3041,0.999955,0.999995,2.8383
UCMerced_LandUse,denseresidential,denseresidential95.tif,2.0112,55.02,0.9994,7.2141,7.2147,0.999955,0.999996,3.9921
UCMerced_LandUse,denseresidential,denseresidential96.tif,1.9949,54.58,0.9993,7.4548,7.4554,0.999965,0.999995,0.3570
UCMerced_LandUse,denseresidential,denseresidential97.tif,1.9978,54.78,0.9993,7.5049,7.5060,0.999962,0.999995,2.1934
UCMerced_LandUse,denseresidential,denseresidential98.tif,1.9983,55.70,0.9993,7.2175,7.2170,0.999978,0.999997,0.5230
UCMerced_LandUse,denseresidential,denseresidential99.tif,1.9925,54.95,0.9993,6.8819,6.8822,0.999921,0.999987,2.9369
UCMerced_LandUse,forest,forest00.tif,2.0055,59.00,0.9996,5.3965,5.3965,0.999870,0.999951,1.9448
UCMerced_LandUse,forest,forest01.tif,1.9923,56.00,0.9992,5.5963,5.5955,0.999874,0.999927,1.6340
UCMerced_LandUse,forest,forest02.tif,2.0079,58.00,0.9994,5.5759,5.5758,0.999832,0.999945,1.7467
UCMerced_LandUse,forest,forest03.tif,2.0023,55.92,0.9992,6.2946,6.2945,0.999900,0.999957,1.7195
UCMerced_LandUse,forest,forest04.tif,2.0051,55.48,0.9991,6.7631,6.7631,0.999916,0.999972,0.9873
UCMerced_LandUse,forest,forest05.tif,1.9987,56.63,0.9992,6.5905,6.5904,0.999907,0.999970,2.3735
UCMerced_LandUse,forest,forest06.tif,1.9932,53.71,0.9984,5.9481,5.9487,0.999384,0.999989,2.3685
UCMerced_LandUse,forest,forest07.tif,2.0182,55.27,0.9987,5.6602,5.6612,0.999364,0.999992,1.6129
UCMerced_LandUse,forest,forest08.tif,1.9930,53.13,0.9984,6.6228,6.6231,0.999771,0.999983,3.9112
UCMerced_LandUse,forest,forest09.tif,1.9994,52.88,0.9984,6.6781,6.6785,0.999748,0.999989,2.1529
UCMerced_LandUse,forest,forest10.tif,2.0019,57.14,0.9991,5.5963,5.5970,0.999548,0.999995,1.5427
UCMerced_LandUse,forest,forest11.tif,2.0045,55.01,0.9987,5.8302,5.8311,0.999462,0.999994,3.4481
UCMerced_LandUse,forest,forest12.tif,1.9982,54.63,0.9985,5.7791,5.7802,0.999386,0.999994,3.4516
UCMerced_LandUse,forest,forest13.tif,1.9921,54.20,0.9984,5.6892,5.6902,0.999214,0.999992,0.7110
UCMerced_LandUse,forest,forest14.tif,1.9937,54.89,0.9986,5.8096,5.8105,0.999439,0.999993,2.8369
UCMerced_LandUse,forest,forest15.tif,1.9906,53.00,0.9986,6.2235,6.2242,0.999559,0.999987,3.1132
UCMerced_LandUse,forest,forest16.tif,1.9913,52.28,0.9988,6.8462,6.8466,0.999777,0.999991,1.2129
UCMerced_LandUse,forest,forest17.tif,2.0051,52.65,0.9988,6.6314,6.6318,0.999736,0.999982,1.5601
UCMerced_LandUse,forest,forest18.tif,2.0003,52.06,0.9989,6.9792,6.9794,0.999803,0.999989,2.8307
UCMerced_LandUse,forest,forest19.tif,2.0061,52.33,0.9990,6.7900,6.7904,0.999773,0.999989,1.3741
UCMerced_LandUse,forest,forest20.tif,2.0007,52.07,0.9991,7.0269,7.0271,0.999825,0.999987,1.8560
UCMerced_LandUse,forest,forest21.tif,2.0065,52.82,0.9987,6.3772,6.3776,0.999669,0.999983,2.3228
UCMerced_LandUse,forest,forest22.tif,2.0003,52.01,0.9990,6.8751,6.8754,0.999775,0.999983,1.1908
UCMerced_LandUse,forest,forest23.tif,2.0018,52.24,0.9989,6.7533,6.7537,0.999758,0.999986,2.1323
UCMerced_LandUse,forest,forest24.tif,1.9955,53.33,0.9987,6.4043,6.4050,0.999732,0.999990,2.3824
UCMerced_LandUse,forest,forest25.tif,1.9992,52.09,0.9983,6.7721,6.7725,0.999725,0.999976,2.0806
UCMerced_LandUse,forest,forest26.tif,2.0034,51.93,0.9985,6.8726,6.8728,0.999748,0.999980,2.7193
UCMerced_LandUse,forest,forest27.tif,2.0026,52.33,0.9982,6.8150,6.8154,0.999767,0.999971,1.6341
UCMerced_LandUse,forest,forest28.tif,2.0071,52.13,0.9985,6.8806,6.8810,0.999788,0.999967,1.5792
UCMerced_LandUse,forest,forest29.tif,2.0014,52.89,0.9982,6.4988,6.4992,0.999659,0.999987,2.7335
UCMerced_LandUse,forest,forest30.tif,1.9934,54.78,0.9987,6.0173,6.0178,0.999584,0.999988,2.4896
UCMerced_LandUse,forest,forest31.tif,1.9989,53.16,0.9983,6.3986,6.3991,0.999677,0.999982,3.6913
UCMerced_LandUse,forest,forest32.tif,2.0013,53.44,0.9984,6.4449,6.4453,0.999714,0.999983,2.0480
UCMerced_LandUse,forest,forest33.tif,2.0073,52.65,0.9984,6.6153,6.6156,0.999700,0.999984,1.4500
UCMerced_LandUse,forest,forest34.tif,1.9976,53.51,0.9986,6.5529,6.5531,0.999772,0.999972,1.3281
UCMerced_LandUse,forest,forest35.tif,1.9966,53.58,0.9986,6.6272,6.6274,0.999797,0.999973,1.3686
UCMerced_LandUse,forest,forest36.tif,2.0034,53.61,0.9987,6.6366,6.6368,0.999806,0.999973,2.6502
UCMerced_LandUse,forest,forest37.tif,1.9927,53.67,0.9986,6.5899,6.5902,0.999795,0.999972,2.1211
UCMerced_LandUse,forest,forest38.tif,1.9959,53.46,0.9986,6.7648,6.7650,0.999828,0.999975,2.3041
UCMerced_LandUse,forest,forest39.tif,1.9927,54.29,0.9988,6.4595,6.4597,0.999793,0.999979,1.6546
UCMerced_LandUse,forest,forest40.tif,1.9997,53.48,0.9986,6.8379,6.8382,0.999840,0.999980,1.9239
UCMerced_LandUse,forest,forest41.tif,1.9047,72.76,1.0000,4.6242,4.6243,0.999953,1.000000,0.3996
UCMerced_LandUse,forest,forest42.tif,2.0077,52.74,0.9982,6.2903,6.2910,0.999538,0.999966,4.0964
UCMerced_LandUse,forest,forest43.tif,2.0017,52.34,0.9982,6.3271,6.3275,0.999523,0.999954,3.7505
UCMerced_LandUse,forest,forest44.tif,1.9897,56.47,0.9991,6.2630,6.2633,0.999811,0.999974,0.8414
UCMerced_LandUse,forest,forest45.tif,1.9988,54.67,0.9988,6.3249,6.3253,0.999745,0.999963,2.3747
UCMerced_LandUse,forest,forest46.tif,2.0002,54.60,0.9988,6.2645,6.2649,0.999713,0.999965,2.4022
UCMerced_LandUse,forest,forest47.tif,2.0024,54.63,0.9987,6.2207,6.2212,0.999690,0.999963,3.6232
UCMerced_LandUse,forest,forest48.tif,2.0014,53.54,0.9986,6.4108,6.4113,0.999705,0.999954,3.0714
UCMerced_LandUse,forest,forest49.tif,2.0015,53.49,0.9986,6.6005,6.6008,0.999762,0.999961,2.6937
UCMerced_LandUse,forest,forest50.tif,2.0029,53.47,0.9985,6.3785,6.3789,0.999664,0.999957,2.3767
UCMerced_LandUse,forest,forest51.tif,2.0038,54.05,0.9987,6.4506,6.4510,0.999744,0.999962,2.4592
UCMerced_LandUse,forest,forest52.tif,1.9995,53.67,0.9986,6.4854,6.4856,0.999726,0.999961,3.1396
UCMerced_LandUse,forest,forest53.tif,2.0009,54.34,0.9987,6.4534,6.4537,0.999766,0.999959,2.4301
UCMerced_LandUse,forest,forest54.tif,1.9989,53.87,0.9986,6.5232,6.5235,0.999742,0.999981,5.0210
UCMerced_LandUse,forest,forest55.tif,1.9973,53.25,0.9986,6.6211,6.6215,0.999750,0.999971,2.5564
UCMerced_LandUse,forest,forest56.tif,2.0009,53.17,0.9986,6.6556,6.6558,0.999767,0.999962,1.5251
UCMerced_LandUse,forest,forest57.tif,2.0004,52.86,0.9985,6.6897,6.6901,0.999755,0.999966,2.5698
UCMerced_LandUse,forest,forest58.tif,1.9959,53.49,0.9987,6.5216,6.5220,0.999742,0.999952,2.6523
UCMerced_LandUse,forest,forest59.tif,2.0085,58.18,0.9994,5.8371,5.8375,0.999785,0.999979,2.2304
UCMerced_LandUse,forest,forest60.tif,1.9982,52.62,0.9989,7.4439,7.4440,0.999922,0.999980,1.8117
UCMerced_LandUse,forest,forest61.tif,1.9955,53.35,0.9988,7.0594,7.0596,0.999881,0.999987,3.6219
UCMerced_LandUse,forest,forest62.tif,1.9890,53.87,0.9990,6.8304,6.8305,0.999890,0.999984,2.5779
UCMerced_LandUse,forest,forest63.tif,2.0035,54.21,0.9986,6.0232,6.0236,0.999541,0.999985,1.7822
UCMerced_LandUse,forest,forest64.tif,2.0046,53.49,0.9984,6.2140,6.2145,0.999592,0.999983,2.2842
UCMerced_LandUse,forest,forest65.tif,1.9977,51.93,0.9987,6.8272,6.8275,0.999734,0.999977,2.2082
UCMerced_LandUse,forest,forest66.tif,2.0026,52.32,0.9986,6.8524,6.8528,0.999777,0.999981,1.8728
UCMerced_LandUse,forest,forest67.tif,2.0009,53.00,0.9984,6.3500,6.3504,0.999604,0.999977,3.6660
UCMerced_LandUse,forest,forest68.tif,1.9980,54.61,0.9987,6.1053,6.1056,0.999650,0.999978,1.5567
UCMerced_LandUse,forest,forest69.tif,1.9977,52.94,0.9985,6.3530,6.3536,0.999623,0.999961,0.9580
UCMerced_LandUse,forest,forest70.tif,1.9974,52.97,0.9985,6.3913,6.3918,0.999621,0.999962,2.3140
UCMerced_LandUse,forest,forest71.tif,1.9943,52.95,0.9986,6.5235,6.5238,0.999715,0.999962,0.7010
UCMerced_LandUse,forest,forest72.tif,2.0106,52.96,0.9986,6.4895,6.4901,0.999710,0.999959,2.1533
UCMerced_LandUse,forest,forest73.tif,1.9940,52.46,0.9984,6.2529,6.2536,0.999498,0.999964,2.5397
UCMerced_LandUse,forest,forest74.tif,1.9952,52.97,0.9984,6.4599,6.4603,0.999648,0.999983,1.3088
UCMerced_LandUse,forest,forest75.tif,2.0022,52.67,0.9985,6.4486,6.4491,0.999664,0.999962,2.4516
UCMerced_LandUse,forest,forest76.tif,1.9969,52.51,0.9985,6.4835,6.4840,0.999661,0.999959,0.6563
UCMerced_LandUse,forest,forest77.tif,2.0110,52.62,0.9985,6.4430,6.4437,0.999647,0.999960,0.4356
UCMerced_LandUse,forest,forest78.tif,2.0004,52.38,0.9988,6.6119,6.6123,0.999709,0.999957,0.6438
UCMerced_LandUse,forest,forest79.tif,1.9895,52.67,0.9986,6.5114,6.5119,0.999681,0.999962,0.7575
UCMerced_LandUse,forest,forest80.tif,2.0028,54.18,0.9988,6.0552,6.0560,0.999660,0.999955,2.1135
UCMerced_LandUse,forest,forest81.tif,2.0064,53.85,0.9987,6.2699,6.2704,0.999696,0.999960,2.1006
UCMerced_LandUse,forest,forest82.tif,1.9984,52.89,0.9985,6.4330,6.4335,0.999653,0.999952,1.9027
UCMerced_LandUse,forest,forest83.tif,2.0052,52.76,0.9986,6.4520,6.4523,0.999671,0.999941,1.2307
UCMerced_LandUse,forest,forest84.tif,2.0035,52.79,0.9986,6.5399,6.5402,0.999711,0.999952,1.0591
UCMerced_LandUse,forest,forest85.tif,2.0092,52.91,0.9986,6.3098,6.3102,0.999613,0.999934,4.9189
UCMerced_LandUse,forest,forest86.tif,1.9988,53.11,0.9986,6.4347,6.4351,0.999679,0.999956,1.8259
UCMerced_LandUse,forest,forest87.tif,2.0041,52.79,0.9987,6.5035,6.5038,0.999720,0.999947,1.3153
UCMerced_LandUse,forest,forest88.tif,1.9984,52.77,0.9987,6.5740,6.5744,0.999736,0.999950,3.2871
UCMerced_LandUse,forest,forest89.tif,1.9960,52.53,0.9985,6.5116,6.5120,0.999680,0.999957,1.1510
UCMerced_LandUse,forest,forest90.tif,2.0136,52.71,0.9985,6.4463,6.4467,0.999636,0.999963,2.5521
UCMerced_LandUse,forest,forest91.tif,1.9938,53.78,0.9987,6.1934,6.1941,0.999661,0.999950,3.2071
UCMerced_LandUse,forest,forest92.tif,1.9970,53.44,0.9986,6.2656,6.2662,0.999657,0.999946,2.9717
UCMerced_LandUse,forest,forest93.tif,2.0060,52.59,0.9986,6.4043,6.4048,0.999630,0.999955,2.1609
UCMerced_LandUse,forest,forest94.tif,1.9972,52.91,0.9986,6.4015,6.4019,0.999670,0.999953,3.6617
UCMerced_LandUse,forest,forest95.tif,2.0052,53.54,0.9987,6.2321,6.2327,0.999648,0.999951,2.1957
UCMerced_LandUse,forest,forest96.tif,2.0044,54.31,0.9987,5.9548,5.9555,0.999563,0.999952,4.6138
UCMerced_LandUse,forest,forest97.tif,1.9975,55.33,0.9989,5.6584,5.6590,0.999517,0.999956,3.7773
UCMerced_LandUse,forest,forest98.tif,2.0044,53.56,0.9985,6.1253,6.1260,0.999555,0.999957,2.0807
UCMerced_LandUse,forest,forest99.tif,2.0034,53.22,0.9986,6.3456,6.3461,0.999667,0.999946,1.1469
UCMerced_LandUse,freeway,freeway00.tif,2.0015,54.54,0.9992,7.4245,7.4247,0.999963,0.999993,3.3164
UCMerced_LandUse,freeway,freeway01.tif,2.0040,55.22,0.9992,7.4105,7.4107,0.999964,0.999995,2.1067
UCMerced_LandUse,freeway,freeway02.tif,1.9967,55.15,0.9992,7.4315,7.4317,0.999970,0.999994,1.5605
UCMerced_LandUse,freeway,freeway03.tif,1.9997,54.88,0.9991,7.4902,7.4905,0.999971,0.999993,2.2039
UCMerced_LandUse,freeway,freeway04.tif,1.9973,55.21,0.9992,7.4022,7.4024,0.999971,0.999994,1.0764
UCMerced_LandUse,freeway,freeway05.tif,2.0020,54.60,0.9991,7.4777,7.4778,0.999968,0.999992,2.8678
UCMerced_LandUse,freeway,freeway06.tif,2.0075,54.65,0.9992,7.4631,7.4633,0.999962,0.999992,1.5480
UCMerced_LandUse,freeway,freeway07.tif,1.9974,54.75,0.9992,7.4583,7.4584,0.999968,0.999993,1.2016
UCMerced_LandUse,freeway,freeway08.tif,1.9947,55.55,0.9992,7.2607,7.2608,0.999952,0.999994,1.4507
UCMerced_LandUse,freeway,freeway09.tif,2.0144,55.69,0.9992,7.4082,7.4084,0.999972,0.999995,1.3717
UCMerced_LandUse,freeway,freeway10.tif,1.9980,55.32,0.9992,7.3454,7.3457,0.999958,0.999995,1.9808
UCMerced_LandUse,freeway,freeway11.tif,1.9992,55.63,0.9994,7.3271,7.3275,0.999971,0.999994,1.7730
UCMerced_LandUse,freeway,freeway12.tif,1.9935,56.10,0.9993,7.2874,7.2873,0.999974,0.999994,1.7996
UCMerced_LandUse,freeway,freeway13.tif,1.9943,55.97,0.9994,7.3387,7.3386,0.999964,0.999993,2.5137
UCMerced_LandUse,freeway,freeway14.tif,2.0005,56.53,0.9994,7.4607,7.4607,0.999980,0.999995,5.6320
UCMerced_LandUse,freeway,freeway15.tif,1.9967,55.79,0.9993,7.3403,7.3405,0.999969,0.999995,0.6320
UCMerced_LandUse,freeway,freeway16.tif,2.0050,55.38,0.9992,7.5425,7.5424,0.999965,0.999993,0.3421
UCMerced_LandUse,freeway,freeway17.tif,2.0056,55.87,0.9993,7.5000,7.4999,0.999970,0.999994,3.4772
UCMerced_LandUse,freeway,freeway18.tif,2.0010,55.85,0.9992,7.3319,7.3321,0.999962,0.999994,2.0667
UCMerced_LandUse,freeway,freeway19.tif,1.9920,57.97,0.9994,6.4202,6.4206,0.999923,0.999997,0.5762
UCMerced_LandUse,freeway,freeway20.tif,2.0142,56.38,0.9992,6.9257,6.9260,0.999948,0.999996,2.0347
UCMerced_LandUse,freeway,freeway21.tif,2.0070,56.41,0.9992,6.6963,6.6967,0.999906,0.999994,0.2684
UCMerced_LandUse,freeway,freeway22.tif,2.0048,57.30,0.9993,6.3884,6.3887,0.999892,0.999997,1.9244
UCMerced_LandUse,freeway,freeway23.tif,1.9968,56.61,0.9992,6.4488,6.4491,0.999885,0.999996,1.5922
UCMerced_LandUse,freeway,freeway24.tif,2.0001,55.52,0.9991,6.9877,6.9880,0.999949,0.999996,2.1028
UCMerced_LandUse,freeway,freeway25.tif,2.0057,55.61,0.9991,7.0350,7.0362,0.999939,0.999997,2.2560
UCMerced_LandUse,freeway,freeway26.tif,2.0022,55.47,0.9991,6.6665,6.6671,0.999906,0.999995,0.5726
UCMerced_LandUse,freeway,freeway27.tif,2.0043,55.22,0.9990,6.8748,6.8752,0.999903,0.999996,2.6122
UCMerced_LandUse,freeway,freeway28.tif,2.0021,54.27,0.9989,6.9291,6.9296,0.999876,0.999996,1.6234
UCMerced_LandUse,freeway,freeway29.tif,1.9997,54.21,0.9988,6.8529,6.8531,0.999854,0.999996,3.0829
UCMerced_LandUse,freeway,freeway30.tif,2.0006,53.86,0.9988,7.0804,7.0808,0.999889,0.999992,1.8206
UCMerced_LandUse,freeway,freeway31.tif,1.9987,54.10,0.9990,6.9571,6.9573,0.999871,0.999994,2.9590
UCMerced_LandUse,freeway,freeway32.tif,1.9984,53.99,0.9987,6.9298,6.9304,0.999908,0.999995,2.2509
UCMerced_LandUse,freeway,freeway33.tif,2.0066,55.72,0.9992,6.7522,6.7523,0.999949,0.999997,3.2298
UCMerced_LandUse,freeway,freeway34.tif,1.9942,55.39,0.9991,6.8104,6.8107,0.999950,0.999996,2.6485
UCMerced_LandUse,freeway,freeway35.tif,2.0054,55.36,0.9991,7.2499,7.2500,0.999949,0.999996,3.0216
UCMerced_LandUse,freeway,freeway36.tif,1.9924,55.80,0.9992,6.4483,6.4488,0.999873,0.999996,3.7469
UCMerced_LandUse,freeway,freeway37.tif,2.0046,54.81,0.9991,6.9879,6.9882,0.999900,0.999995,1.7480
UCMerced_LandUse,freeway,freeway38.tif,1.9913,55.08,0.9990,7.0384,7.0388,0.999913,0.999995,2.9133
UCMerced_LandUse,freeway,freeway39.tif,1.9990,55.62,0.9992,6.9905,6.9909,0.999919,0.999995,1.3004
UCMerced_LandUse,freeway,freeway40.tif,2.0006,55.94,0.9991,6.4458,6.4464,0.999880,0.999995,1.1854
UCMerced_LandUse,freeway,freeway41.tif,1.9948,54.66,0.9989,6.5554,6.5559,0.999835,0.999992,3.8642
UCMerced_LandUse,freeway,freeway42.tif,1.9982,54.16,0.9989,7.3854,7.3859,0.999936,0.999995,1.1881
UCMerced_LandUse,freeway,freeway43.tif,2.0010,55.59,0.9992,7.1820,7.1827,0.999957,0.999997,2.6753
UCMerced_LandUse,freeway,freeway44.tif,1.9957,54.96,0.9990,7.1277,7.1283,0.999930,0.999995,2.5197
UCMerced_LandUse,freeway,freeway45.tif,1.9983,55.21,0.9991,7.2580,7.2587,0.999935,0.999996,1.4869
UCMerced_LandUse,freeway,freeway46.tif,1.9937,55.16,0.9991,7.4539,7.4543,0.999970,0.999995,1.2510
UCMerced_LandUse,freeway,freeway47.tif,2.0018,55.34,0.9992,7.5982,7.5984,0.999978,0.999997,1.6761
UCMerced_LandUse,freeway,freeway48.tif,2.0053,55.28,0.9992,7.3425,7.3433,0.999948,0.999993,1.8777
UCMerced_LandUse,freeway,freeway49.tif,1.9984,54.75,0.9991,7.3751,7.3759,0.999939,0.999994,0.4270
UCMerced_LandUse,freeway,freeway50.tif,2.0016,55.30,0.9992,7.5018,7.5028,0.999961,0.999993,1.2978
UCMerced_LandUse,freeway,freeway51.tif,2.0002,55.80,0.9991,7.3336,7.3340,0.999959,0.999995,0.7980
UCMerced_LandUse,freeway,freeway52.tif,1.9975,54.96,0.9991,7.6239,7.6246,0.999965,0.999996,1.0337
UCMerced_LandUse,freeway,freeway53.tif,1.9960,54.59,0.9992,7.6790,7.6797,0.999968,0.999994,3.8073
UCMerced_LandUse,freeway,freeway54.tif,2.0021,55.19,0.9992,7.4672,7.4676,0.999959,0.999995,2.2672
UCMerced_LandUse,freeway,freeway55.tif,2.0010,55.75,0.9993,7.1407,7.1412,0.999937,0.999997,2.4186
UCMerced_LandUse,freeway,freeway56.tif,1.9902,55.40,0.9991,6.7135,6.7136,0.999907,0.999993,2.3734
UCMerced_LandUse,freeway,freeway57.tif,1.9996,55.78,0.9992,6.7917,6.7926,0.999919,0.999994,1.0644
UCMerced_LandUse,freeway,freeway58.tif,1.9934,54.19,0.9990,6.9433,6.9438,0.999892,0.999993,0.3294
UCMerced_LandUse,freeway,freeway59.tif,1.9998,56.05,0.9992,6.6899,6.6903,0.999922,0.999996,1.7595
UCMerced_LandUse,freeway,freeway60.tif,1.9953,55.01,0.9992,6.9413,6.9416,0.999902,0.999993,4.8151
UCMerced_LandUse,freeway,freeway61.tif,2.0074,54.84,0.9992,6.7563,6.7567,0.999910,0.999993,0.6045
UCMerced_LandUse,freeway,freeway62.tif,2.0005,55.44,0.9992,6.7071,6.7074,0.999919,0.999994,1.2598
UCMerced_LandUse,freeway,freeway63.tif,1.9933,54.92,0.9992,6.7709,6.7708,0.999915,0.999993,1.4596
UCMerced_LandUse,freeway,freeway64.tif,2.0016,55.09,0.9992,7.1787,7.1788,0.999930,0.999995,0.6612
UCMerced_LandUse,freeway,freeway65.tif,2.0036,54.80,0.9991,7.3276,7.3277,0.999942,0.999995,3.5010
UCMerced_LandUse,freeway,freeway66.tif,2.0061,54.96,0.9991,7.0928,7.0932,0.999926,0.999994,0.0772
UCMerced_LandUse,freeway,freeway67.tif,1.9992,55.68,0.9992,6.7577,6.7579,0.999885,0.999994,2.3883
UCMerced_LandUse,freeway,freeway68.tif,1.9984,57.10,0.9994,6.6795,6.6799,0.999914,0.999996,1.0856
UCMerced_LandUse,freeway,freeway69.tif,1.9972,56.61,0.9993,6.5161,6.5166,0.999878,0.999995,2.6075
UCMerced_LandUse,freeway,freeway70.tif,2.0045,57.53,0.9994,6.3748,6.3752,0.999869,0.999996,1.6832
UCMerced_LandUse,freeway,freeway71.tif,2.0039,57.40,0.9996,6.9147,6.9147,0.999985,0.999998,0.0227
UCMerced_LandUse,freeway,freeway72.tif,1.9904,58.07,0.9996,7.0035,7.0039,0.999984,0.999998,0.7911
UCMerced_LandUse,freeway,freeway73.tif,1.9880,56.73,0.9995,7.1919,7.1921,0.999979,0.999997,1.4721
UCMerced_LandUse,freeway,freeway74.tif,2.0026,59.91,0.9997,6.4919,6.4922,0.999970,0.999999,3.0561
UCMerced_LandUse,freeway,freeway75.tif,1.9833,58.74,0.9997,6.8015,6.8017,0.999984,0.999999,1.5637
UCMerced_LandUse,freeway,freeway76.tif,2.0121,54.70,0.9992,7.0835,7.0839,0.999965,0.999996,2.0770
UCMerced_LandUse,freeway,freeway77.tif,2.0074,56.22,0.9994,7.1303,7.1305,0.999958,0.999995,2.3387
UCMerced_LandUse,freeway,freeway78.tif,1.9892,57.64,0.9995,6.9374,6.9375,0.999972,0.999996,0.5776
UCMerced_LandUse,freeway,freeway79.tif,1.9905,56.05,0.9993,7.2862,7.2862,0.999955,0.999996,3.8444
UCMerced_LandUse,freeway,freeway80.tif,1.9920,56.15,0.9993,7.2449,7.2448,0.999950,0.999996,0.9933
UCMerced_LandUse,freeway,freeway81.tif,1.9956,56.15,0.9994,7.1921,7.1922,0.999952,0.999996,0.7673
UCMerced_LandUse,freeway,freeway82.tif,2.0049,55.21,0.9990,6.9691,6.9694,0.999939,0.999994,2.2163
UCMerced_LandUse,freeway,freeway83.tif,2.0115,54.78,0.9988,6.8854,6.8857,0.999886,0.999993,3.7096
UCMerced_LandUse,freeway,freeway84.tif,2.0089,56.12,0.9990,6.0334,6.0341,0.999756,0.999995,0.0343
UCMerced_LandUse,freeway,freeway85.tif,2.0074,55.94,0.9993,6.9141,6.9142,0.999914,0.999995,0.1681
UCMerced_LandUse,freeway,freeway86.tif,1.9954,53.05,0.9990,7.4360,7.4380,0.999929,0.999991,0.1239
UCMerced_LandUse,freeway,freeway87.tif,1.9982,53.00,0.9989,7.0898,7.0906,0.999883,0.999994,2.1691
UCMerced_LandUse,freeway,freeway88.tif,1.9993,52.67,0.9988,7.2199,7.2224,0.999894,0.999992,2.7056
UCMerced_LandUse,freeway,freeway89.tif,2.0065,56.44,0.9993,7.0902,7.0908,0.999975,0.999998,0.1373
UCMerced_LandUse,freeway,freeway90.tif,1.9898,57.54,0.9994,6.9420,6.9425,0.999980,0.999998,2.5277
UCMerced_LandUse,freeway,freeway91.tif,1.9934,56.03,0.9992,7.1474,7.1478,0.999976,0.999998,1.1978
UCMerced_LandUse,freeway,freeway92.tif,2.0149,57.69,0.9994,6.9095,6.9098,0.999981,0.999998,1.8665
UCMerced_LandUse,freeway,freeway93.tif,1.9972,54.00,0.9989,6.9415,6.9420,0.999909,0.999991,2.7266
UCMerced_LandUse,freeway,freeway94.tif,1.9970,53.67,0.9989,6.9757,6.9766,0.999898,0.999989,1.2274
UCMerced_LandUse,freeway,freeway95.tif,1.9905,54.13,0.9989,6.8224,6.8233,0.999884,0.999990,2.3414
UCMerced_LandUse,freeway,freeway96.tif,2.0118,57.53,0.9995,6.3089,6.3092,0.999922,0.999995,1.3433
UCMerced_LandUse,freeway,freeway97.tif,2.0006,56.72,0.9994,6.5865,6.5874,0.999940,0.999994,2.7919
UCMerced_LandUse,freeway,freeway98.tif,2.0081,53.38,0.9991,7.5304,7.5306,0.999946,0.999994,3.0946
UCMerced_LandUse,freeway,freeway99.tif,2.0061,55.90,0.9992,7.0697,7.0700,0.999940,0.999995,1.2660
UCMerced_LandUse,golfcourse,golfcourse00.tif,2.0101,56.82,0.9992,6.9133,6.9135,0.999940,0.999991,2.0755
UCMerced_LandUse,golfcourse,golfcourse01.tif,2.0025,57.65,0.9993,6.6381,6.6383,0.999925,0.999991,2.2023
UCMerced_LandUse,golfcourse,golfcourse02.tif,1.9951,55.06,0.9992,6.7501,6.7505,0.999920,0.999993,2.2471
UCMerced_LandUse,golfcourse,golfcourse03.tif,2.0008,55.00,0.9994,6.8257,6.8260,0.999945,0.999994,1.3476
UCMerced_LandUse,golfcourse,golfcourse04.tif,2.0006,56.32,0.9995,6.6622,6.6628,0.999946,0.999996,2.3121
UCMerced_LandUse,golfcourse,golfcourse05.tif,1.9991,54.88,0.9993,6.8506,6.8510,0.999936,0.999993,3.0110
UCMerced_LandUse,golfcourse,golfcourse06.tif,1.9991,55.56,0.9995,6.5326,6.5330,0.999928,0.999994,1.4743
UCMerced_LandUse,golfcourse,golfcourse07.tif,1.9899,57.84,0.9997,6.1669,6.1673,0.999926,0.999997,1.2609
UCMerced_LandUse,golfcourse,golfcourse08.tif,2.0040,56.45,0.9993,6.5381,6.5382,0.999893,0.999996,2.6528
UCMerced_LandUse,golfcourse,golfcourse09.tif,2.0115,58.90,0.9996,6.0190,6.0194,0.999935,0.999998,2.1603
UCMerced_LandUse,golfcourse,golfcourse10.tif,2.0030,56.95,0.9995,6.3258,6.3261,0.999925,0.999996,0.8683
UCMerced_LandUse,golfcourse,golfcourse11.tif,1.9980,56.97,0.9995,5.8767,5.8770,0.999880,0.999996,0.8270
UCMerced_LandUse,golfcourse,golfcourse12.tif,2.0050,55.09,0.9992,6.3632,6.3638,0.999860,0.999994,1.4366
UCMerced_LandUse,golfcourse,golfcourse13.tif,2.0014,56.69,0.9994,5.8164,5.8171,0.999886,0.999996,3.4987
UCMerced_LandUse,golfcourse,golfcourse14.tif,2.0010,57.37,0.9994,5.8540,5.8546,0.999889,0.999997,1.6238
UCMerced_LandUse,golfcourse,golfcourse15.tif,1.9997,55.83,0.9992,6.3071,6.3077,0.999908,0.999995,0.4406
UCMerced_LandUse,golfcourse,golfcourse16.tif,1.9940,57.25,0.9995,5.9329,5.9335,0.999907,0.999997,2.8414
UCMerced_LandUse,golfcourse,golfcourse17.tif,1.9868,59.15,0.9997,5.6121,5.6126,0.999932,0.999998,1.0280
UCMerced_LandUse,golfcourse,golfcourse18.tif,2.0143,56.96,0.9994,6.1443,6.1444,0.999909,0.999996,2.3093
UCMerced_LandUse,golfcourse,golfcourse19.tif,2.0024,56.55,0.9993,6.6441,6.6452,0.999944,0.999995,1.7291
UCMerced_LandUse,golfcourse,golfcourse20.tif,2.0091,55.77,0.9992,6.7402,6.7438,0.999971,0.999995,2.4467
UCMerced_LandUse,golfcourse,golfcourse21.tif,2.0062,56.46,0.9992,6.3805,6.3814,0.999916,0.999996,1.0193
UCMerced_LandUse,golfcourse,golfcourse22.tif,1.9992,56.94,0.9993,6.6544,6.6564,0.999945,0.999997,2.4986
UCMerced_LandUse,golfcourse,golfcourse23.tif,1.9875,55.44,0.9992,6.8019,6.8045,0.999959,0.999995,0.8065
UCMerced_LandUse,golfcourse,golfcourse24.tif,2.0153,56.97,0.9994,6.5202,6.5213,0.999958,0.999996,0.0378
UCMerced_LandUse,golfcourse,golfcourse25.tif,2.0198,57.07,0.9995,6.7135,6.7169,0.999973,0.999997,0.2406
UCMerced_LandUse,golfcourse,golfcourse26.tif,2.0109,54.06,0.9986,7.0512,7.0513,0.999890,0.999993,1.5892
UCMerced_LandUse,golfcourse,golfcourse27.tif,1.9976,55.82,0.9989,6.1607,6.1612,0.999830,0.999996,2.2522
UCMerced_LandUse,golfcourse,golfcourse28.tif,2.0049,56.78,0.9992,6.0235,6.0240,0.999812,0.999997,1.2642
UCMerced_LandUse,golfcourse,golfcourse29.tif,1.9947,55.09,0.9988,6.2120,6.2125,0.999693,0.999995,1.4358
UCMerced_LandUse,golfcourse,golfcourse30.tif,1.9978,56.47,0.9990,6.1335,6.1340,0.999824,0.999997,1.6474
UCMerced_LandUse,golfcourse,golfcourse31.tif,1.9965,56.58,0.9990,5.8059,5.8065,0.999626,0.999997,2.0156
UCMerced_LandUse,golfcourse,golfcourse32.tif,2.0030,55.24,0.9988,6.4394,6.4400,0.999840,0.999996,1.5499
UCMerced_LandUse,golfcourse,golfcourse33.tif,2.0076,55.81,0.9990,6.2909,6.2915,0.999821,0.999996,0.8179
UCMerced_LandUse,golfcourse,golfcourse34.tif,2.0062,54.85,0.9988,6.4381,6.4384,0.999827,0.999994,2.4220
UCMerced_LandUse,golfcourse,golfcourse35.tif,1.9977,56.24,0.9990,6.5023,6.5026,0.999889,0.999997,3.1310
UCMerced_LandUse,golfcourse,golfcourse36.tif,1.9994,56.18,0.9990,5.9158,5.9166,0.999770,0.999997,1.1644
UCMerced_LandUse,golfcourse,golfcourse37.tif,2.0050,54.86,0.9988,6.5319,6.5327,0.999868,0.999996,3.5089
UCMerced_LandUse,golfcourse,golfcourse38.tif,2.0002,55.22,0.9988,6.0841,6.0845,0.999693,0.999996,2.7615
UCMerced_LandUse,golfcourse,golfcourse39.tif,1.9939,56.21,0.9990,6.1292,6.1302,0.999847,0.999997,2.1822
UCMerced_LandUse,golfcourse,golfcourse40.tif,2.0088,55.02,0.9986,6.2383,6.2393,0.999847,0.999993,0.9369
UCMerced_LandUse,golfcourse,golfcourse41.tif,2.0010,55.23,0.9987,6.7536,6.7542,0.999881,0.999995,0.9293
UCMerced_LandUse,golfcourse,golfcourse42.tif,2.0045,56.42,0.9992,6.7930,6.7933,0.999923,0.999996,1.0093
UCMerced_LandUse,golfcourse,golfcourse43.tif,2.0041,58.86,0.9995,6.2578,6.2581,0.999932,0.999998,1.9268
UCMerced_LandUse,golfcourse,golfcourse44.tif,2.0028,61.51,0.9998,5.8080,5.8082,0.999922,0.999999,2.0862
UCMerced_LandUse,golfcourse,golfcourse45.tif,1.9653,60.76,0.9997,5.5373,5.5376,0.999904,0.999999,1.2869
UCMerced_LandUse,golfcourse,golfcourse46.tif,1.9997,58.51,0.9995,5.7969,5.7973,0.999908,0.999998,0.6778
UCMerced_LandUse,golfcourse,golfcourse47.tif,2.0123,60.66,0.9997,5.5877,5.5880,0.999907,0.999999,0.2976
UCMerced_LandUse,golfcourse,golfcourse48.tif,2.0215,60.01,0.9997,5.7362,5.7364,0.999913,0.999999,0.6289
UCMerced_LandUse,golfcourse,golfcourse49.tif,2.0142,59.35,0.9995,5.9707,5.9709,0.999884,0.999998,0.6180
UCMerced_LandUse,golfcourse,golfcourse50.tif,1.9971,57.84,0.9994,6.1421,6.1425,0.999890,0.999998,0.0538
UCMerced_LandUse,golfcourse,golfcourse51.tif,1.9941,59.95,0.9996,5.8362,5.8364,0.999929,0.999999,1.6687
UCMerced_LandUse,golfcourse,golfcourse52.tif,2.0009,55.73,0.9991,6.7191,6.7199,0.999910,0.999996,2.9893
UCMerced_LandUse,golfcourse,golfcourse53.tif,1.9712,64.41,0.9999,5.7210,5.7210,0.999954,0.999999,0.5601
UCMerced_LandUse,golfcourse,golfcourse54.tif,1.9987,62.48,0.9998,5.6231,5.6234,0.999945,0.999999,1.3960
UCMerced_LandUse,golfcourse,golfcourse55.tif,1.9982,62.18,0.9998,5.7076,5.7076,0.999911,0.999999,1.0337
UCMerced_LandUse,golfcourse,golfcourse56.tif,1.9958,61.24,0.9997,5.8953,5.8954,0.999914,0.999998,0.1060
UCMerced_LandUse,golfcourse,golfcourse57.tif,2.0194,62.50,0.9998,6.6454,6.6456,0.999977,0.999999,0.6945
UCMerced_LandUse,golfcourse,golfcourse58.tif,2.0119,64.16,0.9999,6.5616,6.5616,0.999981,0.999999,1.8537
UCMerced_LandUse,golfcourse,golfcourse59.tif,1.9823,61.73,0.9997,6.3290,6.3291,0.999954,0.999998,0.2522
UCMerced_LandUse,golfcourse,golfcourse60.tif,1.9720,63.16,0.9998,6.0303,6.0305,0.999967,0.999999,0.1762
UCMerced_LandUse,golfcourse,golfcourse61.tif,1.9978,64.50,0.9999,6.4563,6.4564,0.999985,0.999999,0.5916
UCMerced_LandUse,golfcourse,golfcourse62.tif,2.0148,62.74,0.9998,6.2484,6.2484,0.999956,0.999999,0.3359
UCMerced_LandUse,golfcourse,golfcourse63.tif,1.9881,62.65,0.9998,6.1478,6.1479,0.999952,0.999999,0.5092
UCMerced_LandUse,golfcourse,golfcourse64.tif,2.0544,70.43,1.0000,6.1463,6.1463,0.999993,1.000000,1.0431
UCMerced_LandUse,golfcourse,golfcourse65.tif,2.0111,60.55,0.9997,6.4919,6.4921,0.999950,0.999998,0.7261
UCMerced_LandUse,golfcourse,golfcourse66.tif,2.0232,65.81,0.9999,6.1049,6.1049,0.999981,0.999999,0.7774
UCMerced_LandUse,golfcourse,golfcourse67.tif,1.9869,64.21,0.9999,6.0477,6.0477,0.999980,0.999999,0.7584
UCMerced_LandUse,golfcourse,golfcourse68.tif,1.9852,61.06,0.9997,6.6485,6.6487,0.999963,0.999999,1.8088
UCMerced_LandUse,golfcourse,golfcourse69.tif,1.9963,63.51,0.9999,6.1105,6.1106,0.999976,0.999999,1.4459
UCMerced_LandUse,golfcourse,golfcourse70.tif,2.0099,60.44,0.9997,6.8731,6.8732,0.999979,0.999999,0.7335
UCMerced_LandUse,golfcourse,golfcourse71.tif,2.0174,61.06,0.9998,6.1077,6.1079,0.999962,0.999999,0.8050
UCMerced_LandUse,golfcourse,golfcourse72.tif,1.9868,61.58,0.9998,6.0908,6.0909,0.999960,0.999999,0.3582
UCMerced_LandUse,golfcourse,golfcourse73.tif,2.0259,62.02,0.9998,6.4108,6.4109,0.999970,0.999999,1.0821
UCMerced_LandUse,golfcourse,golfcourse74.tif,1.9895,57.56,0.9995,6.7516,6.7517,0.999962,0.999997,0.5609
UCMerced_LandUse,golfcourse,golfcourse75.tif,1.9977,59.88,0.9997,6.5786,6.5786,0.999960,0.999999,0.3551
UCMerced_LandUse,golfcourse,golfcourse76.tif,2.0031,57.32,0.9994,6.9880,6.9879,0.999962,0.999997,1.7954
UCMerced_LandUse,golfcourse,golfcourse77.tif,2.0054,58.21,0.9996,6.6749,6.6749,0.999962,0.999997,1.7318
UCMerced_LandUse,golfcourse,golfcourse78.tif,1.9780,58.76,0.9996,6.6124,6.6126,0.999950,0.999998,0.6770
UCMerced_LandUse,golfcourse,golfcourse79.tif,1.9842,56.46,0.9993,7.0247,7.0247,0.999959,0.999995,0.5403
UCMerced_LandUse,golfcourse,golfcourse80.tif,2.0044,56.67,0.9993,6.7458,6.7460,0.999939,0.999995,1.4142
UCMerced_LandUse,golfcourse,golfcourse81.tif,2.0042,57.36,0.9994,6.6589,6.6591,0.999944,0.999996,1.4304
UCMerced_LandUse,golfcourse,golfcourse82.tif,1.9951,56.45,0.9994,6.8309,6.8311,0.999929,0.999996,1.8778
UCMerced_LandUse,golfcourse,golfcourse83.tif,2.0139,56.85,0.9994,6.9259,6.9261,0.999951,0.999996,0.3199
UCMerced_LandUse,golfcourse,golfcourse84.tif,2.0030,57.18,0.9994,6.4762,6.4763,0.999928,0.999996,1.3512
UCMerced_LandUse,golfcourse,golfcourse85.tif,2.0079,56.30,0.9993,6.8469,6.8472,0.999935,0.999996,2.6376
UCMerced_LandUse,golfcourse,golfcourse86.tif,2.0060,55.58,0.9993,6.7763,6.7765,0.999906,0.999995,2.3016
UCMerced_LandUse,golfcourse,golfcourse87.tif,2.0211,63.36,0.9999,5.6568,5.6568,0.999974,0.999998,0.6993
UCMerced_LandUse,golfcourse,golfcourse88.tif,2.0271,62.43,0.9998,5.8505,5.8507,0.999975,0.999998,1.3580
UCMerced_LandUse,golfcourse,golfcourse89.tif,2.0062,63.68,0.9999,5.6539,5.6540,0.999983,0.999999,1.7559
UCMerced_LandUse,golfcourse,golfcourse90.tif,1.9940,60.31,0.9997,6.1446,6.1447,0.999954,0.999996,0.7702
UCMerced_LandUse,golfcourse,golfcourse91.tif,1.9915,63.26,0.9999,5.8962,5.8961,0.999975,0.999998,0.8252
UCMerced_LandUse,golfcourse,golfcourse92.tif,2.0134,59.70,0.9996,6.1536,6.1536,0.999931,0.999996,1.4719
UCMerced_LandUse,golfcourse,golfcourse93.tif,2.0077,62.37,0.9998,6.0172,6.0172,0.999972,0.999998,0.3522
UCMerced_LandUse,golfcourse,golfcourse94.tif,2.0251,62.72,0.9998,6.0441,6.0441,0.999978,0.999998,0.3456
UCMerced_LandUse,golfcourse,golfcourse95.tif,2.0006,59.42,0.9996,6.3835,6.3835,0.999953,0.999996,1.7124
UCMerced_LandUse,golfcourse,golfcourse96.tif,1.9883,64.69,0.9999,5.6742,5.6743,0.999960,0.999997,3.0088
UCMerced_LandUse,golfcourse,golfcourse97.tif,1.9830,64.90,0.9999,5.5312,5.5313,0.999935,0.999997,0.8619
UCMerced_LandUse,golfcourse,golfcourse98.tif,2.0581,68.72,1.0000,5.2900,5.2900,0.999974,0.999999,0.5015
UCMerced_LandUse,golfcourse,golfcourse99.tif,2.0023,65.90,0.9999,5.5912,5.5914,0.999969,0.999998,1.3150
UCMerced_LandUse,harbor,harbor00.tif,2.0058,55.46,0.9996,7.3433,7.3435,0.999978,0.999991,0.9040
UCMerced_LandUse,harbor,harbor01.tif,1.9934,54.16,0.9994,7.4575,7.4577,0.999976,0.999992,1.1377
UCMerced_LandUse,harbor,harbor02.tif,1.9868,54.88,0.9995,7.1191,7.1192,0.999975,0.999989,2.1149
UCMerced_LandUse,harbor,harbor03.tif,2.0044,54.92,0.9995,7.1895,7.1896,0.999976,0.999991,1.2715
UCMerced_LandUse,harbor,harbor04.tif,1.9973,53.93,0.9994,7.6287,7.6291,0.999979,0.999993,1.0810
UCMerced_LandUse,harbor,harbor05.tif,2.0020,54.71,0.9995,7.2217,7.2222,0.999980,0.999993,0.9877
UCMerced_LandUse,harbor,harbor06.tif,2.0023,54.93,0.9995,7.1340,7.1345,0.999981,0.999993,1.0384
UCMerced_LandUse,harbor,harbor07.tif,2.0075,53.99,0.9995,7.4921,7.4928,0.999978,0.999993,0.4254
UCMerced_LandUse,harbor,harbor08.tif,2.0027,53.76,0.9994,7.5663,7.5669,0.999976,0.999993,2.7284
UCMerced_LandUse,harbor,harbor09.tif,2.0013,54.80,0.9995,7.2637,7.2641,0.999979,0.999992,1.3812
UCMerced_LandUse,harbor,harbor10.tif,1.9947,56.64,0.9997,6.0044,6.0068,0.999982,0.999988,0.1092
UCMerced_LandUse,harbor,harbor11.tif,1.9992,54.68,0.9995,7.3980,7.3986,0.999980,0.999993,1.2617
UCMerced_LandUse,harbor,harbor12.tif,1.9995,53.73,0.9994,7.5200,7.5206,0.999974,0.999992,1.8004
UCMerced_LandUse,harbor,harbor13.tif,1.9917,53.71,0.9994,7.4920,7.4925,0.999973,0.999992,0.5754
UCMerced_LandUse,harbor,harbor14.tif,2.0049,54.00,0.9994,7.4680,7.4683,0.999975,0.999992,1.5052
UCMerced_LandUse,harbor,harbor15.tif,2.0027,54.13,0.9994,7.4020,7.4026,0.999975,0.999992,0.9627
UCMerced_LandUse,harbor,harbor16.tif,2.0001,54.11,0.9994,7.4193,7.4199,0.999974,0.999993,0.5133
UCMerced_LandUse,harbor,harbor17.tif,2.0002,54.04,0.9994,7.5124,7.5129,0.999975,0.999992,1.0803
UCMerced_LandUse,harbor,harbor18.tif,2.0079,54.05,0.9994,7.6423,7.6428,0.999978,0.999993,0.3900
UCMerced_LandUse,harbor,harbor19.tif,2.0085,54.73,0.9995,7.3681,7.3687,0.999981,0.999993,0.3759
UCMerced_LandUse,harbor,harbor20.tif,2.0023,54.52,0.9996,7.0244,7.0250,0.999982,0.999991,2.1525
UCMerced_LandUse,harbor,harbor21.tif,1.9984,54.36,0.9995,7.0476,7.0488,0.999981,0.999990,0.3162
UCMerced_LandUse,harbor,harbor22.tif,2.0129,55.11,0.9996,6.7790,6.7797,0.999984,0.999991,0.0916
UCMerced_LandUse,harbor,harbor23.tif,1.9954,55.91,0.9997,6.4008,6.4017,0.999985,0.999991,0.8224
UCMerced_LandUse,harbor,harbor24.tif,2.0051,54.22,0.9995,7.2124,7.2129,0.999981,0.999991,3.4335
UCMerced_LandUse,harbor,harbor25.tif,1.9883,55.11,0.9996,6.7749,6.7756,0.999984,0.999991,0.1571
UCMerced_LandUse,harbor,harbor26.tif,1.9969,54.77,0.9996,7.0558,7.0564,0.999984,0.999992,0.9059
UCMerced_LandUse,harbor,harbor27.tif,1.9976,54.09,0.9995,7.5951,7.5954,0.999976,0.999993,1.7308
UCMerced_LandUse,harbor,harbor28.tif,2.0105,54.44,0.9995,7.4561,7.4563,0.999976,0.999993,1.2232
UCMerced_LandUse,harbor,harbor29.tif,2.0037,53.41,0.9994,7.7912,7.7916,0.999975,0.999993,2.3070
UCMerced_LandUse,harbor,harbor30.tif,1.9995,54.67,0.9995,7.3967,7.3969,0.999980,0.999993,0.4148
UCMerced_LandUse,harbor,harbor31.tif,2.0006,54.16,0.9995,7.5888,7.5890,0.999977,0.999992,0.4223
UCMerced_LandUse,harbor,harbor32.tif,2.0036,57.26,0.9997,5.7620,5.7637,0.999984,0.999996,0.8713
UCMerced_LandUse,harbor,harbor33.tif,1.9965,56.89,0.9997,6.0973,6.0983,0.999985,0.999996,1.0604
UCMerced_LandUse,harbor,harbor34.tif,2.0021,56.03,0.9995,6.3800,6.3809,0.999984,0.999994,0.4559
UCMerced_LandUse,harbor,harbor35.tif,2.0046,55.22,0.9994,6.7557,6.7566,0.999983,0.999994,0.6538
UCMerced_LandUse,harbor,harbor36.tif,2.0038,54.31,0.9990,6.9100,6.9114,0.999975,0.999993,2.5831
UCMerced_LandUse,harbor,harbor37.tif,2.0010,54.77,0.9992,6.7087,6.7102,0.999978,0.999993,3.5372
UCMerced_LandUse,harbor,harbor38.tif,2.0038,55.32,0.9993,6.1793,6.1804,0.999925,0.999995,0.6436
UCMerced_LandUse,harbor,harbor39.tif,1.9977,55.54,0.9993,6.1362,6.1372,0.999935,0.999995,1.0955
UCMerced_LandUse,harbor,harbor40.tif,1.9974,55.00,0.9991,6.1713,6.1724,0.999910,0.999994,1.5428
UCMerced_LandUse,harbor,harbor41.tif,1.9995,54.16,0.9991,6.6530,6.6538,0.999925,0.999993,2.6909
UCMerced_LandUse,harbor,harbor42.tif,2.0099,55.00,0.9992,6.1550,6.1561,0.999902,0.999994,1.4688
UCMerced_LandUse,harbor,harbor43.tif,2.0055,54.05,0.9997,6.9881,6.9883,0.999969,0.999993,3.4453
UCMerced_LandUse,harbor,harbor44.tif,2.0019,53.81,0.9996,7.0855,7.0863,0.999967,0.999993,1.9951
UCMerced_LandUse,harbor,harbor45.tif,1.9959,53.68,0.9996,6.9555,6.9559,0.999968,0.999992,0.4883
UCMerced_LandUse,harbor,harbor46.tif,1.9908,54.00,0.9996,6.8027,6.8058,0.999971,0.999994,1.5120
UCMerced_LandUse,harbor,harbor47.tif,2.0065,54.34,0.9997,6.9451,6.9468,0.999968,0.999994,1.5886
UCMerced_LandUse,harbor,harbor48.tif,1.9958,54.37,0.9997,6.8193,6.8213,0.999972,0.999994,1.6455
UCMerced_LandUse,harbor,harbor49.tif,2.0008,54.62,0.9997,6.9653,6.9654,0.999974,0.999995,0.4331
UCMerced_LandUse,harbor,harbor50.tif,1.9939,54.63,0.9996,6.8236,6.8281,0.999972,0.999995,1.9313
UCMerced_LandUse,harbor,harbor51.tif,2.0080,53.70,0.9996,7.0623,7.0687,0.999967,0.999995,0.9795
UCMerced_LandUse,harbor,harbor52.tif,1.9970,54.20,0.9997,6.6823,6.6886,0.999971,0.999994,0.1178
UCMerced_LandUse,harbor,harbor53.tif,1.9842,55.10,0.9996,6.4273,6.4278,0.999970,0.999993,1.4722
UCMerced_LandUse,harbor,harbor54.tif,2.0077,54.92,0.9997,6.5893,6.5897,0.999961,0.999992,1.5996
UCMerced_LandUse,harbor,harbor55.tif,1.9981,54.50,0.9997,6.8925,6.8930,0.999964,0.999992,1.2244
UCMerced_LandUse,harbor,harbor56.tif,2.0069,54.11,0.9996,7.1972,7.1978,0.999966,0.999993,3.3144
UCMerced_LandUse,harbor,harbor57.tif,1.9895,53.98,0.9996,7.1714,7.1724,0.999965,0.999993,0.7734
UCMerced_LandUse,harbor,harbor58.tif,1.9948,54.98,0.9997,6.8144,6.8147,0.999968,0.999994,1.5936
UCMerced_LandUse,harbor,harbor59.tif,1.9992,54.02,0.9997,6.8281,6.8280,0.999971,0.999993,3.2479
UCMerced_LandUse,harbor,harbor60.tif,1.9968,54.43,0.9997,6.8282,6.8289,0.999975,0.999994,2.1213
UCMerced_LandUse,harbor,harbor61.tif,1.9970,53.71,0.9996,6.9360,6.9358,0.999971,0.999994,2.8550
UCMerced_LandUse,harbor,harbor62.tif,2.0102,55.49,0.9996,6.5451,6.5456,0.999969,0.999994,2.3023
UCMerced_LandUse,harbor,harbor63.tif,2.0064,54.76,0.9997,6.5129,6.5135,0.999966,0.999994,0.8676
UCMerced_LandUse,harbor,harbor64.tif,2.0094,54.58,0.9996,6.6113,6.6133,0.999966,0.999994,2.0021
UCMerced_LandUse,harbor,harbor65.tif,1.9985,54.16,0.9996,7.0452,7.0466,0.999964,0.999994,1.6572
UCMerced_LandUse,harbor,harbor66.tif,1.9988,54.00,0.9995,6.8996,6.9010,0.999960,0.999995,0.3493
UCMerced_LandUse,harbor,harbor67.tif,1.9983,54.68,0.9996,6.9732,6.9746,0.999974,0.999995,1.0958
UCMerced_LandUse,harbor,harbor68.tif,2.0021,55.24,0.9997,6.7548,6.7552,0.999975,0.999995,2.7938
UCMerced_LandUse,harbor,harbor69.tif,1.9964,55.47,0.9997,6.7159,6.7165,0.999971,0.999995,1.7408
UCMerced_LandUse,harbor,harbor70.tif,1.9920,55.87,0.9997,6.7391,6.7393,0.999972,0.999995,1.1569
UCMerced_LandUse,harbor,harbor71.tif,1.9960,55.83,0.9995,5.8214,5.8256,0.999935,0.999994,1.6916
UCMerced_LandUse,harbor,harbor72.tif,2.0071,56.24,0.9995,5.7974,5.7998,0.999936,0.999994,0.5368
UCMerced_LandUse,harbor,harbor73.tif,2.0080,56.23,0.9995,5.6142,5.6158,0.999937,0.999994,1.5180
UCMerced_LandUse,harbor,harbor74.tif,2.0023,55.89,0.9995,5.7487,5.7515,0.999932,0.999994,0.8781
UCMerced_LandUse,harbor,harbor75.tif,1.9941,55.37,0.9994,6.1945,6.2006,0.999920,0.999993,2.1697
UCMerced_LandUse,harbor,harbor76.tif,2.0019,55.87,0.9995,5.9702,5.9736,0.999941,0.999995,1.5241
UCMerced_LandUse,harbor,harbor77.tif,2.0068,55.77,0.9995,5.9902,5.9927,0.999940,0.999995,1.4914
UCMerced_LandUse,harbor,harbor78.tif,2.0014,55.63,0.9995,5.9802,5.9848,0.999945,0.999995,2.2403
UCMerced_LandUse,harbor,harbor79.tif,2.0001,55.96,0.9995,5.8608,5.8651,0.999946,0.999995,1.6636
UCMerced_LandUse,harbor,harbor80.tif,2.0088,56.61,0.9996,5.6278,5.6321,0.999956,0.999996,0.9327
UCMerced_LandUse,harbor,harbor81.tif,1.9961,55.83,0.9995,5.8411,5.8495,0.999952,0.999995,1.6775
UCMerced_LandUse,harbor,harbor82.tif,1.9959,53.95,0.9997,6.9497,6.9537,0.999975,0.999990,3.3192
UCMerced_LandUse,harbor,harbor83.tif,2.0077,54.11,0.9997,6.7066,6.7128,0.999976,0.999991,4.7047
UCMerced_LandUse,harbor,harbor84.tif,2.0037,54.96,0.9997,6.2685,6.2737,0.999979,0.999992,3.6046
UCMerced_LandUse,harbor,harbor85.tif,2.0061,54.86,0.9996,6.4393,6.4592,0.999982,0.999993,4.7128
UCMerced_LandUse,harbor,harbor86.tif,1.9999,54.38,0.9996,6.7435,6.7467,0.999977,0.999991,0.7981
UCMerced_LandUse,harbor,harbor87.tif,1.9950,54.01,0.9996,6.9329,6.9489,0.999972,0.999989,5.0097
UCMerced_LandUse,harbor,harbor88.tif,1.9940,54.67,0.9997,6.3179,6.3311,0.999973,0.999989,4.8251
UCMerced_LandUse,harbor,harbor89.tif,2.0090,55.03,0.9997,6.5397,6.5458,0.999972,0.999990,0.4666
UCMerced_LandUse,harbor,harbor90.tif,2.0091,54.32,0.9996,6.5196,6.5256,0.999972,0.999989,0.0836
UCMerced_LandUse,harbor,harbor91.tif,1.9967,55.67,0.9997,5.9590,5.9597,0.999983,0.999994,4.0398
UCMerced_LandUse,harbor,harbor92.tif,2.0061,54.80,0.9997,6.5891,6.5908,0.999981,0.999993,1.8813
UCMerced_LandUse,harbor,harbor93.tif,2.0074,54.69,0.9997,6.4746,6.4754,0.999979,0.999993,2.6240
UCMerced_LandUse,harbor,harbor94.tif,2.0068,54.95,0.9997,6.3928,6.3936,0.999981,0.999993,3.6042
UCMerced_LandUse,harbor,harbor95.tif,1.9919,55.38,0.9998,5.9098,5.9114,0.999982,0.999993,3.7160
UCMerced_LandUse,harbor,harbor96.tif,2.0015,56.57,0.9998,5.3570,5.3580,0.999983,0.999994,2.9049
UCMerced_LandUse,harbor,harbor97.tif,2.0084,58.91,0.9999,5.0757,5.0760,0.999985,0.999995,2.9337
UCMerced_LandUse,harbor,harbor98.tif,2.0008,54.81,0.9997,6.4063,6.4079,0.999980,0.999993,4.6841
UCMerced_LandUse,harbor,harbor99.tif,1.9895,55.26,0.9997,6.3110,6.3115,0.999979,0.999993,3.5768
UCMerced_LandUse,intersection,intersection00.tif,1.9915,55.46,0.9994,7.4122,7.4124,0.999976,0.999996,1.8433
UCMerced_LandUse,intersection,intersection01.tif,2.0018,54.65,0.9992,7.4002,7.4005,0.999956,0.999992,1.7781
UCMerced_LandUse,intersection,intersection02.tif,1.9975,54.12,0.9992,7.6056,7.6059,0.999960,0.999992,1.2682
UCMerced_LandUse,intersection,intersection03.tif,2.0078,54.29,0.9991,7.4615,7.4617,0.999946,0.999991,2.7227
UCMerced_LandUse,intersection,intersection04.tif,1.9959,54.09,0.9991,7.4223,7.4224,0.999941,0.999992,1.3885
UCMerced_LandUse,intersection,intersection05.tif,2.0004,54.85,0.9992,7.5501,7.5502,0.999963,0.999993,0.1143
UCMerced_LandUse,intersection,intersection06.tif,2.0013,54.78,0.9992,7.5707,7.5707,0.999959,0.999991,2.6711
UCMerced_LandUse,intersection,intersection07.tif,2.0019,55.75,0.9993,7.2164,7.2164,0.999942,0.999993,0.5166
UCMerced_LandUse,intersection,intersection08.tif,2.0034,55.14,0.9994,7.4535,7.4535,0.999965,0.999991,1.1419
UCMerced_LandUse,intersection,intersection09.tif,1.9940,54.57,0.9993,7.4749,7.4752,0.999959,0.999991,1.2171
UCMerced_LandUse,intersection,intersection10.tif,1.9966,54.94,0.9993,7.3158,7.3159,0.999951,0.999992,1.6376
UCMerced_LandUse,intersection,intersection11.tif,1.9927,54.79,0.9993,7.5582,7.5584,0.999964,0.999993,1.2438
UCMerced_LandUse,intersection,intersection12.tif,2.0050,54.22,0.9992,7.4841,7.4842,0.999945,0.999990,1.2645
UCMerced_LandUse,intersection,intersection13.tif,1.9943,55.16,0.9993,7.5319,7.5321,0.999970,0.999994,2.3374
UCMerced_LandUse,intersection,intersection14.tif,1.9966,54.98,0.9992,7.4069,7.4069,0.999955,0.999992,0.6320
UCMerced_LandUse,intersection,intersection15.tif,2.0068,54.96,0.9993,7.4241,7.4243,0.999956,0.999993,0.4246
UCMerced_LandUse,intersection,intersection16.tif,2.0093,57.60,0.9995,6.8387,6.8389,0.999935,0.999997,1.2139
UCMerced_LandUse,intersection,intersection17.tif,2.0044,55.33,0.9993,6.6926,6.6931,0.999870,0.999996,0.4207
UCMerced_LandUse,intersection,intersection18.tif,1.9857,55.22,0.9991,7.0093,7.0094,0.999915,0.999996,2.3860
UCMerced_LandUse,intersection,intersection19.tif,2.0006,54.80,0.9992,6.8708,6.8711,0.999877,0.999995,2.9601
UCMerced_LandUse,intersection,intersection20.tif,1.9983,54.64,0.9990,6.8699,6.8703,0.999879,0.999993,0.6033
UCMerced_LandUse,intersection,intersection21.tif,1.9992,56.25,0.9993,6.6280,6.6283,0.999895,0.999993,2.6847
UCMerced_LandUse,intersection,intersection22.tif,2.0075,56.96,0.9994,6.7815,6.7818,0.999932,0.999996,2.8780
UCMerced_LandUse,intersection,intersection23.tif,1.9994,55.47,0.9993,7.2579,7.2581,0.999955,0.999996,1.7138
UCMerced_LandUse,intersection,intersection24.tif,1.9977,54.72,0.9992,7.0436,7.0439,0.999904,0.999993,1.3598
UCMerced_LandUse,intersection,intersection25.tif,2.0004,55.12,0.9992,7.1465,7.1470,0.999925,0.999996,0.4323
UCMerced_LandUse,intersection,intersection26.tif,1.9968,56.23,0.9993,6.3764,6.3768,0.999852,0.999996,2.6799
UCMerced_LandUse,intersection,intersection27.tif,1.9940,55.04,0.9991,6.9030,6.9033,0.999893,0.999993,1.7129
UCMerced_LandUse,intersection,intersection28.tif,2.0089,55.00,0.9992,6.9083,6.9086,0.999903,0.999993,2.8941
UCMerced_LandUse,intersection,intersection29.tif,1.9977,55.16,0.9992,6.6302,6.6308,0.999874,0.999993,2.6996
UCMerced_LandUse,intersection,intersection30.tif,2.0001,54.56,0.9991,7.1129,7.1133,0.999910,0.999993,1.6041
UCMerced_LandUse,intersection,intersection31.tif,1.9999,55.44,0.9993,7.0719,7.0722,0.999925,0.999994,1.5272
UCMerced_LandUse,intersection,intersection32.tif,2.0028,54.62,0.9991,7.1346,7.1350,0.999916,0.999994,2.3614
UCMerced_LandUse,intersection,intersection33.tif,1.9953,54.64,0.9991,7.0630,7.0636,0.999905,0.999995,2.0625
UCMerced_LandUse,intersection,intersection34.tif,2.0026,54.96,0.9994,7.3739,7.3752,0.999969,0.999995,1.0846
UCMerced_LandUse,intersection,intersection35.tif,1.9948,54.95,0.9993,7.1563,7.1567,0.999937,0.999993,1.5282
UCMerced_LandUse,intersection,intersection36.tif,2.0061,54.55,0.9992,7.1174,7.1191,0.999937,0.999994,2.4217
UCMerced_LandUse,intersection,intersection37.tif,1.9917,55.05,0.9993,6.9322,6.9330,0.999931,0.999994,1.3902
UCMerced_LandUse,intersection,intersection38.tif,2.0018,54.56,0.9992,7.4657,7.4664,0.999963,0.999992,0.2784
UCMerced_LandUse,intersection,intersection39.tif,2.0042,54.83,0.9993,7.3900,7.3911,0.999965,0.999994,0.2407
UCMerced_LandUse,intersection,intersection40.tif,1.9920,55.22,0.9993,7.5481,7.5489,0.999961,0.999994,1.2330
UCMerced_LandUse,intersection,intersection41.tif,2.0021,53.80,0.9991,7.6818,7.6822,0.999953,0.999994,0.6642
UCMerced_LandUse,intersection,intersection42.tif,2.0003,53.91,0.9991,7.6929,7.6934,0.999957,0.999994,1.8544
UCMerced_LandUse,intersection,intersection43.tif,2.0025,54.69,0.9992,7.5709,7.5712,0.999965,0.999994,1.0592
UCMerced_LandUse,intersection,intersection44.tif,2.0019,56.34,0.9995,7.0518,7.0520,0.999953,0.999996,2.0305
UCMerced_LandUse,intersection,intersection45.tif,2.0020,56.02,0.9994,6.9587,6.9591,0.999941,0.999995,1.2732
UCMerced_LandUse,intersection,intersection46.tif,1.9895,53.72,0.9989,7.3177,7.3178,0.999922,0.999990,0.5243
UCMerced_LandUse,intersection,intersection47.tif,2.0003,56.08,0.9994,7.0808,7.0814,0.999951,0.999994,2.8156
UCMerced_LandUse,intersection,intersection48.tif,2.0015,57.45,0.9995,6.9017,6.9017,0.999965,0.999997,2.9190
UCMerced_LandUse,intersection,intersection49.tif,1.9866,55.43,0.9994,7.2530,7.2526,0.999950,0.999995,2.3299
UCMerced_LandUse,intersection,intersection50.tif,1.9938,56.20,0.9994,6.7924,6.7930,0.999960,0.999995,3.4425
UCMerced_LandUse,intersection,intersection51.tif,1.9952,56.83,0.9994,7.0413,7.0416,0.999953,0.999996,1.6273
UCMerced_LandUse,intersection,intersection52.tif,2.0152,56.05,0.9994,6.8190,6.8194,0.999949,0.999994,1.3263
UCMerced_LandUse,intersection,intersection53.tif,2.0124,56.31,0.9994,6.4731,6.4737,0.999933,0.999993,1.5423
UCMerced_LandUse,intersection,intersection54.tif,2.0109,55.83,0.9994,7.1953,7.1959,0.999950,0.999995,1.3839
UCMerced_LandUse,intersection,intersection55.tif,2.0099,55.92,0.9994,6.4337,6.4343,0.999922,0.999993,1.6564
UCMerced_LandUse,intersection,intersection56.tif,1.9873,55.37,0.9994,6.9742,6.9746,0.999929,0.999993,1.3433
UCMerced_LandUse,intersection,intersection57.tif,2.0116,54.44,0.9993,7.3848,7.3850,0.999948,0.999993,1.3126
UCMerced_LandUse,intersection,intersection58.tif,2.0033,55.67,0.9993,6.7766,6.7768,0.999891,0.999995,1.1114
UCMerced_LandUse,intersection,intersection59.tif,2.0034,53.79,0.9992,7.4995,7.5002,0.999954,0.999993,2.4128
UCMerced_LandUse,intersection,intersection60.tif,1.9997,56.97,0.9995,6.9375,6.9374,0.999956,0.999997,0.9025
UCMerced_LandUse,intersection,intersection61.tif,1.9995,57.20,0.9996,7.0654,7.0655,0.999959,0.999997,3.4256
UCMerced_LandUse,intersection,intersection62.tif,1.9931,54.72,0.9992,7.4112,7.4114,0.999954,0.999996,1.1850
UCMerced_LandUse,intersection,intersection63.tif,1.9968,54.99,0.9992,7.1426,7.1428,0.999936,0.999996,2.1554
UCMerced_LandUse,intersection,intersection64.tif,2.0016,56.41,0.9995,7.2667,7.2669,0.999979,0.999997,1.7469
UCMerced_LandUse,intersection,intersection65.tif,2.0162,55.06,0.9993,7.5543,7.5544,0.999969,0.999996,2.8479
UCMerced_LandUse,intersection,intersection66.tif,2.0014,54.69,0.9993,7.5262,7.5262,0.999963,0.999995,1.5038
UCMerced_LandUse,intersection,intersection67.tif,2.0129,54.61,0.9992,7.5043,7.5045,0.999956,0.999995,2.2353
UCMerced_LandUse,intersection,intersection68.tif,2.0001,54.91,0.9993,7.4316,7.4320,0.999958,0.999996,1.5643
UCMerced_LandUse,intersection,intersection69.tif,1.9976,54.09,0.9991,7.5548,7.5549,0.999950,0.999994,1.3647
UCMerced_LandUse,intersection,intersection70.tif,2.0038,55.64,0.9993,7.2567,7.2568,0.999941,0.999996,0.7607
UCMerced_LandUse,intersection,intersection71.tif,1.9999,54.49,0.9992,7.1743,7.1745,0.999918,0.999994,1.5117
UCMerced_LandUse,intersection,intersection72.tif,2.0099,55.52,0.9993,7.1704,7.1705,0.999935,0.999994,0.6860
UCMerced_LandUse,intersection,intersection73.tif,2.0049,54.98,0.9992,7.2105,7.2106,0.999929,0.999992,1.5563
UCMerced_LandUse,intersection,intersection74.tif,2.0028,55.25,0.9992,7.0351,7.0352,0.999910,0.999994,1.7779
UCMerced_LandUse,intersection,intersection75.tif,1.9958,56.22,0.9993,6.9951,6.9951,0.999923,0.999996,2.8299
UCMerced_LandUse,intersection,intersection76.tif,1.9973,58.47,0.9996,6.8409,6.8411,0.999968,0.999995,2.3963
UCMerced_LandUse,intersection,intersection77.tif,2.0012,57.77,0.9996,7.0367,7.0368,0.999963,0.999994,0.7049
UCMerced_LandUse,intersection,intersection78.tif,1.9944,55.90,0.9994,7.1134,7.1135,0.999939,0.999993,2.4993
UCMerced_LandUse,intersection,intersection79.tif,2.0005,53.45,0.9993,7.2515,7.2533,0.999931,0.999983,1.0086
UCMerced_LandUse,intersection,intersection80.tif,2.0007,53.21,0.9993,7.4358,7.4427,0.999939,0.999989,4.4771
UCMerced_LandUse,intersection,intersection81.tif,1.9971,53.34,0.9992,7.4907,7.4931,0.999940,0.999988,0.6228
UCMerced_LandUse,intersection,intersection82.tif,2.0016,53.11,0.9992,7.3498,7.3522,0.999931,0.999982,1.2827
UCMerced_LandUse,intersection,intersection83.tif,2.0036,53.42,0.9992,7.3047,7.3059,0.999912,0.999992,2.7532
UCMerced_LandUse,intersection,intersection84.tif,2.0111,58.45,0.9995,7.1504,7.1504,0.999978,0.999997,0.9228
UCMerced_LandUse,intersection,intersection85.tif,2.0033,56.32,0.9993,7.0355,7.0355,0.999958,0.999996,1.2238
UCMerced_LandUse,intersection,intersection86.tif,2.0051,56.24,0.9993,6.6801,6.6802,0.999921,0.999994,1.7080
UCMerced_LandUse,intersection,intersection87.tif,2.0045,56.35,0.9993,6.8112,6.8115,0.999928,0.999994,0.8955
UCMerced_LandUse,intersection,intersection88.tif,2.0139,55.92,0.9994,7.1471,7.1480,0.999958,0.999995,0.2395
UCMerced_LandUse,intersection,intersection89.tif,2.0186,55.66,0.9992,6.9363,6.9365,0.999915,0.999993,0.0465
UCMerced_LandUse,intersection,intersection90.tif,2.0027,55.87,0.9993,6.9435,6.9439,0.999932,0.999995,2.0708
UCMerced_LandUse,intersection,intersection91.tif,1.9997,54.18,0.9992,7.2929,7.2932,0.999926,0.999993,2.2143
UCMerced_LandUse,intersection,intersection92.tif,2.0024,54.91,0.9992,7.1518,7.1520,0.999934,0.999994,0.0554
UCMerced_LandUse,intersection,intersection93.tif,1.9994,56.56,0.9994,7.1174,7.1175,0.999952,0.999995,0.8973
UCMerced_LandUse,intersection,intersection94.tif,2.0031,55.68,0.9993,6.9733,6.9738,0.999935,0.999994,0.7548
UCMerced_LandUse,intersection,intersection95.tif,1.9991,54.92,0.9993,7.2477,7.2478,0.999941,0.999995,0.9940
UCMerced_LandUse,intersection,intersection96.tif,1.9953,55.01,0.9993,7.2908,7.2912,0.999941,0.999994,0.5777
UCMerced_LandUse,intersection,intersection97.tif,2.0134,55.35,0.9993,7.1197,7.1204,0.999940,0.999994,3.2068
UCMerced_LandUse,intersection,intersection98.tif,2.0001,55.38,0.9994,7.4005,7.4008,0.999959,0.999995,2.0932
UCMerced_LandUse,intersection,intersection99.tif,2.0014,55.73,0.9994,7.2904,7.2907,0.999948,0.999995,1.5319
UCMerced_LandUse,mediumresidential,mediumresidential00.tif,2.0087,53.22,0.9988,7.1769,7.1770,0.999880,0.999991,2.3130
UCMerced_LandUse,mediumresidential,mediumresidential01.tif,2.0053,53.80,0.9987,6.8009,6.8011,0.999831,0.999992,1.1894
UCMerced_LandUse,mediumresidential,mediumresidential02.tif,1.9995,53.84,0.9989,7.0448,7.0449,0.999883,0.999993,2.2827
UCMerced_LandUse,mediumresidential,mediumresidential03.tif,2.0131,53.88,0.9989,7.0502,7.0503,0.999882,0.999993,0.7612
UCMerced_LandUse,mediumresidential,mediumresidential04.tif,2.0068,54.20,0.9989,7.0868,7.0871,0.999908,0.999993,2.5368
UCMerced_LandUse,mediumresidential,mediumresidential05.tif,2.0019,54.48,0.9989,7.0473,7.0477,0.999900,0.999994,2.6445
UCMerced_LandUse,mediumresidential,mediumresidential06.tif,1.9994,54.89,0.9991,6.9898,6.9904,0.999916,0.999995,1.8578
UCMerced_LandUse,mediumresidential,mediumresidential07.tif,1.9997,54.68,0.9989,6.5700,6.5705,0.999859,0.999994,3.4180
UCMerced_LandUse,mediumresidential,mediumresidential08.tif,2.0009,53.95,0.9990,6.9914,6.9917,0.999912,0.999991,3.9381
UCMerced_LandUse,mediumresidential,mediumresidential09.tif,2.0049,53.64,0.9988,7.0400,7.0401,0.999904,0.999991,2.1322
UCMerced_LandUse,mediumresidential,mediumresidential10.tif,1.9983,53.63,0.9988,6.8649,6.8652,0.999856,0.999991,2.9177
UCMerced_LandUse,mediumresidential,mediumresidential11.tif,1.9926,53.46,0.9992,7.5137,7.5142,0.999939,0.999994,2.7858
UCMerced_LandUse,mediumresidential,mediumresidential12.tif,1.9959,52.99,0.9992,7.6051,7.6057,0.999946,0.999992,0.3314
UCMerced_LandUse,mediumresidential,mediumresidential13.tif,2.0042,53.37,0.9988,7.0873,7.0877,0.999899,0.999989,0.9138
UCMerced_LandUse,mediumresidential,mediumresidential14.tif,1.9955,53.54,0.9987,6.7879,6.7884,0.999841,0.999991,0.8447
UCMerced_LandUse,mediumresidential,mediumresidential15.tif,2.0004,53.58,0.9989,7.2253,7.2259,0.999922,0.999993,2.2906
UCMerced_LandUse,mediumresidential,mediumresidential16.tif,1.9977,53.40,0.9988,7.0777,7.0782,0.999887,0.999992,1.2250
UCMerced_LandUse,mediumresidential,mediumresidential17.tif,2.0042,53.61,0.9989,7.1761,7.1766,0.999907,0.999992,1.4051
UCMerced_LandUse,mediumresidential,mediumresidential18.tif,2.0057,53.08,0.9990,7.4447,7.4451,0.999918,0.999991,2.3994
UCMerced_LandUse,mediumresidential,mediumresidential19.tif,2.0096,55.11,0.9992,6.8420,6.8423,0.999910,0.999994,0.5279
UCMerced_LandUse,mediumresidential,mediumresidential20.tif,2.0026,54.01,0.9990,7.3642,7.3646,0.999926,0.999995,1.6600
UCMerced_LandUse,mediumresidential,mediumresidential21.tif,1.9993,53.41,0.9988,7.0215,7.0222,0.999891,0.999991,0.7461
UCMerced_LandUse,mediumresidential,mediumresidential22.tif,2.0076,53.66,0.9988,6.8775,6.8780,0.999855,0.999992,1.0710
UCMerced_LandUse,mediumresidential,mediumresidential23.tif,1.9851,54.64,0.9989,6.7870,6.7874,0.999870,0.999992,3.0219
UCMerced_LandUse,mediumresidential,mediumresidential24.tif,1.9973,53.06,0.9990,7.4723,7.4726,0.999925,0.999987,1.1406
UCMerced_LandUse,mediumresidential,mediumresidential25.tif,1.9965,52.93,0.9990,7.6467,7.6469,0.999939,0.999989,0.0271
UCMerced_LandUse,mediumresidential,mediumresidential26.tif,1.9981,53.55,0.9988,7.0339,7.0341,0.999889,0.999991,2.6292
UCMerced_LandUse,mediumresidential,mediumresidential27.tif,1.9956,54.45,0.9990,6.9970,6.9975,0.999905,0.999994,2.4365
UCMerced_LandUse,mediumresidential,mediumresidential28.tif,2.0032,53.95,0.9992,7.7487,7.7494,0.999966,0.999995,0.5799
UCMerced_LandUse,mediumresidential,mediumresidential29.tif,1.9951,54.03,0.9992,7.7497,7.7506,0.999963,0.999995,2.4616
UCMerced_LandUse,mediumresidential,mediumresidential30.tif,2.0027,53.76,0.9991,7.7841,7.7850,0.999964,0.999994,2.3488
UCMerced_LandUse,mediumresidential,mediumresidential31.tif,1.9968,53.57,0.9991,7.8168,7.8181,0.999966,0.999994,2.2642
UCMerced_LandUse,mediumresidential,mediumresidential32.tif,1.9956,53.72,0.9991,7.7724,7.7729,0.999968,0.999994,2.0711
UCMerced_LandUse,mediumresidential,mediumresidential33.tif,2.0129,54.03,0.9992,7.7279,7.7303,0.999973,0.999994,1.2754
UCMerced_LandUse,mediumresidential,mediumresidential34.tif,1.9919,54.76,0.9993,7.7346,7.7350,0.999972,0.999995,2.3429
UCMerced_LandUse,mediumresidential,mediumresidential35.tif,1.9971,54.22,0.9992,7.7055,7.7059,0.999964,0.999993,1.3308
UCMerced_LandUse,mediumresidential,mediumresidential36.tif,1.9972,55.13,0.9993,6.7800,6.7804,0.999924,0.999995,0.7084
UCMerced_LandUse,mediumresidential,mediumresidential37.tif,1.9958,54.51,0.9992,7.3261,7.3265,0.999945,0.999994,2.7794
UCMerced_LandUse,mediumresidential,mediumresidential38.tif,1.9903,54.78,0.9993,7.4202,7.4214,0.999967,0.999996,0.0084
UCMerced_LandUse,mediumresidential,mediumresidential39.tif,1.9964,54.93,0.9993,7.3918,7.3924,0.999967,0.999996,4.8676
UCMerced_LandUse,mediumresidential,mediumresidential40.tif,1.9956,54.67,0.9993,7.5094,7.5099,0.999963,0.999994,3.0065
UCMerced_LandUse,mediumresidential,mediumresidential41.tif,2.0066,54.83,0.9993,7.3463,7.3475,0.999954,0.999995,2.3620
UCMerced_LandUse,mediumresidential,mediumresidential42.tif,2.0153,54.71,0.9993,7.1903,7.1907,0.999936,0.999994,1.4200
UCMerced_LandUse,mediumresidential,mediumresidential43.tif,2.0008,55.00,0.9993,7.2130,7.2136,0.999951,0.999995,1.4079
UCMerced_LandUse,mediumresidential,mediumresidential44.tif,2.0063,54.38,0.9991,7.4348,7.4351,0.999947,0.999994,3.1564
UCMerced_LandUse,mediumresidential,mediumresidential45.tif,1.9981,54.71,0.9992,7.3867,7.3892,0.999959,0.999995,1.7739
UCMerced_LandUse,mediumresidential,mediumresidential46.tif,1.9851,54.67,0.9992,7.5075,7.5080,0.999961,0.999995,1.4226
UCMerced_LandUse,mediumresidential,mediumresidential47.tif,1.9878,54.48,0.9993,7.4516,7.4525,0.999965,0.999995,1.1039
UCMerced_LandUse,mediumresidential,mediumresidential48.tif,1.9860,54.66,0.9992,7.3006,7.3016,0.999955,0.999994,0.5590
UCMerced_LandUse,mediumresidential,mediumresidential49.tif,1.9982,54.63,0.9993,7.3030,7.3037,0.999957,0.999994,4.0481
UCMerced_LandUse,mediumresidential,mediumresidential50.tif,1.9997,54.32,0.9993,7.4923,7.4934,0.999964,0.999995,0.3384
UCMerced_LandUse,mediumresidential,mediumresidential51.tif,1.9925,54.69,0.9994,7.5778,7.5786,0.999965,0.999996,4.1869
UCMerced_LandUse,mediumresidential,mediumresidential52.tif,2.0076,55.09,0.9993,7.4201,7.4208,0.999954,0.999995,1.7764
UCMerced_LandUse,mediumresidential,mediumresidential53.tif,2.0223,54.66,0.9992,7.4283,7.4286,0.999954,0.999995,1.2709
UCMerced_LandUse,mediumresidential,mediumresidential54.tif,1.9939,55.14,0.9993,7.3862,7.3878,0.999971,0.999996,1.9444
UCMerced_LandUse,mediumresidential,mediumresidential55.tif,2.0019,54.96,0.9992,7.3940,7.3946,0.999952,0.999995,0.2101
UCMerced_LandUse,mediumresidential,mediumresidential56.tif,2.0034,52.90,0.9989,7.6608,7.6612,0.999942,0.999992,1.3935
UCMerced_LandUse,mediumresidential,mediumresidential57.tif,1.9967,52.99,0.9989,7.6601,7.6603,0.999943,0.999991,1.5681
UCMerced_LandUse,mediumresidential,mediumresidential58.tif,2.0087,53.33,0.9990,7.5674,7.5675,0.999940,0.999993,1.0095
UCMerced_LandUse,mediumresidential,mediumresidential59.tif,2.0019,53.52,0.9991,7.4709,7.4711,0.999931,0.999989,1.5512
UCMerced_LandUse,mediumresidential,mediumresidential60.tif,1.9925,53.83,0.9992,7.4693,7.4696,0.999936,0.999991,1.8905
UCMerced_LandUse,mediumresidential,mediumresidential61.tif,2.0052,53.94,0.9992,7.4811,7.4812,0.999947,0.999991,1.8194
UCMerced_LandUse,mediumresidential,mediumresidential62.tif,2.0041,53.77,0.9992,7.4227,7.4229,0.999934,0.999992,1.3091
UCMerced_LandUse,mediumresidential,mediumresidential63.tif,2.0038,53.87,0.9992,7.2853,7.2855,0.999921,0.999989,2.4702
UCMerced_LandUse,mediumresidential,mediumresidential64.tif,2.0023,54.32,0.9993,7.4641,7.4643,0.999948,0.999993,1.1743
UCMerced_LandUse,mediumresidential,mediumresidential65.tif,1.9986,54.08,0.9992,7.4379,7.4384,0.999937,0.999992,2.6971
UCMerced_LandUse,mediumresidential,mediumresidential66.tif,1.9996,54.00,0.9992,7.3933,7.3934,0.999932,0.999991,3.2637
UCMerced_LandUse,mediumresidential,mediumresidential67.tif,1.9922,54.82,0.9993,7.4086,7.4089,0.999956,0.999993,3.1887
UCMerced_LandUse,mediumresidential,mediumresidential68.tif,2.0133,54.59,0.9992,7.3232,7.3236,0.999936,0.999992,0.9734
UCMerced_LandUse,mediumresidential,mediumresidential69.tif,2.0015,53.12,0.9992,7.5741,7.5744,0.999945,0.999990,0.8120
UCMerced_LandUse,mediumresidential,mediumresidential70.tif,1.9988,53.45,0.9991,7.4047,7.4049,0.999935,0.999989,1.0881
UCMerced_LandUse,mediumresidential,mediumresidential71.tif,1.9996,53.45,0.9992,7.4235,7.4240,0.999938,0.999990,0.7894
UCMerced_LandUse,mediumresidential,mediumresidential72.tif,2.0111,53.35,0.9993,7.6685,7.6692,0.999958,0.999992,0.9968
UCMerced_LandUse,mediumresidential,mediumresidential73.tif,1.9983,52.94,0.9991,7.4989,7.4990,0.999933,0.999989,2.3131
UCMerced_LandUse,mediumresidential,mediumresidential74.tif,2.0038,53.56,0.9992,7.5394,7.5399,0.999951,0.999992,1.8019
UCMerced_LandUse,mediumresidential,mediumresidential75.tif,2.0032,53.09,0.9992,7.7130,7.7133,0.999949,0.999991,0.1728
UCMerced_LandUse,mediumresidential,mediumresidential76.tif,2.0060,56.40,0.9995,7.2258,7.2260,0.999953,0.999996,2.3723
UCMerced_LandUse,mediumresidential,mediumresidential77.tif,2.0053,57.60,0.9995,7.1161,7.1162,0.999962,0.999997,0.0930
UCMerced_LandUse,mediumresidential,mediumresidential78.tif,1.9961,57.57,0.9995,7.2146,7.2148,0.999964,0.999996,3.5101
UCMerced_LandUse,mediumresidential,mediumresidential79.tif,2.0149,57.39,0.9995,7.0703,7.0703,0.999954,0.999996,2.5520
UCMerced_LandUse,mediumresidential,mediumresidential80.tif,2.0051,57.69,0.9995,6.8621,6.8621,0.999956,0.999996,2.6889
UCMerced_LandUse,mediumresidential,mediumresidential81.tif,2.0017,53.48,0.9990,7.5753,7.5755,0.999942,0.999992,2.5807
UCMerced_LandUse,mediumresidential,mediumresidential82.tif,2.0030,53.81,0.9990,7.5300,7.5300,0.999943,0.999991,3.8569
UCMerced_LandUse,mediumresidential,mediumresidential83.tif,2.0079,54.00,0.9992,7.6508,7.6512,0.999965,0.999993,2.7946
UCMerced_LandUse,mediumresidential,mediumresidential84.tif,2.0123,53.89,0.9991,7.5553,7.5554,0.999954,0.999991,1.6986
UCMerced_LandUse,mediumresidential,mediumresidential85.tif,2.0068,54.43,0.9992,7.5989,7.5990,0.999959,0.999994,1.8188
UCMerced_LandUse,mediumresidential,mediumresidential86.tif,2.0058,53.92,0.9990,7.1903,7.1905,0.999934,0.999987,1.2597
UCMerced_LandUse,mediumresidential,mediumresidential87.tif,1.9986,53.89,0.9989,7.4588,7.4588,0.999944,0.999989,3.3795
UCMerced_LandUse,mediumresidential,mediumresidential88.tif,2.0007,56.20,0.9993,6.9312,6.9311,0.999947,0.999992,1.4200
UCMerced_LandUse,mediumresidential,mediumresidential89.tif,2.0011,57.42,0.9994,6.8197,6.8198,0.999954,0.999994,0.6487
UCMerced_LandUse,mediumresidential,mediumresidential90.tif,2.0033,55.61,0.9993,7.1242,7.1242,0.999943,0.999992,0.0878
UCMerced_LandUse,mediumresidential,mediumresidential91.tif,1.9982,55.12,0.9992,7.2634,7.2634,0.999948,0.999992,1.8728
UCMerced_LandUse,mediumresidential,mediumresidential92.tif,2.0015,53.22,0.9987,7.4802,7.4804,0.999924,0.999990,3.0598
UCMerced_LandUse,mediumresidential,mediumresidential93.tif,1.9943,56.51,0.9995,6.8306,6.8309,0.999934,0.999996,3.7404
UCMerced_LandUse,mediumresidential,mediumresidential94.tif,1.9946,54.72,0.9991,7.5281,7.5282,0.999955,0.999991,1.6561
UCMerced_LandUse,mediumresidential,mediumresidential95.tif,2.0025,54.98,0.9993,7.3242,7.3245,0.999946,0.999994,2.6741
UCMerced_LandUse,mediumresidential,mediumresidential96.tif,2.0079,54.77,0.9993,7.2567,7.2569,0.999936,0.999993,4.2180
UCMerced_LandUse,mediumresidential,mediumresidential97.tif,1.9945,54.68,0.9993,7.0382,7.0427,0.999961,0.999994,1.4235
UCMerced_LandUse,mediumresidential,mediumresidential98.tif,2.0037,54.41,0.9988,6.8738,6.8741,0.999873,0.999991,0.6678
UCMerced_LandUse,mediumresidential,mediumresidential99.tif,2.0017,54.42,0.9989,7.1050,7.1051,0.999907,0.999993,3.0687
UCMerced_LandUse,mobilehomepark,mobilehomepark00.tif,2.0109,53.27,0.9990,7.4070,7.4073,0.999940,0.999992,0.9032
UCMerced_LandUse,mobilehomepark,mobilehomepark01.tif,2.0056,53.42,0.9990,7.3601,7.3605,0.999933,0.999990,0.1544
UCMerced_LandUse,mobilehomepark,mobilehomepark02.tif,1.9979,54.98,0.9994,7.3829,7.3851,0.999957,0.999995,1.5462
UCMerced_LandUse,mobilehomepark,mobilehomepark03.tif,2.0018,54.11,0.9993,7.3187,7.3191,0.999940,0.999994,0.7385
UCMerced_LandUse,mobilehomepark,mobilehomepark04.tif,2.0113,54.73,0.9993,7.1827,7.1830,0.999932,0.999995,1.6027
UCMerced_LandUse,mobilehomepark,mobilehomepark05.tif,1.9990,54.37,0.9993,7.3688,7.3692,0.999964,0.999994,0.3927
UCMerced_LandUse,mobilehomepark,mobilehomepark06.tif,2.0078,54.12,0.9993,7.3974,7.3978,0.999960,0.999994,0.7473
UCMerced_LandUse,mobilehomepark,mobilehomepark07.tif,1.9988,54.87,0.9994,7.2331,7.2337,0.999969,0.999995,1.8925
UCMerced_LandUse,mobilehomepark,mobilehomepark08.tif,2.0020,54.30,0.9992,7.4168,7.4174,0.999962,0.999994,1.5341
UCMerced_LandUse,mobilehomepark,mobilehomepark09.tif,1.9999,54.40,0.9993,7.2603,7.2616,0.999959,0.999993,2.5233
UCMerced_LandUse,mobilehomepark,mobilehomepark10.tif,1.9981,55.42,0.9995,7.2921,7.2933,0.999964,0.999997,2.1418
UCMerced_LandUse,mobilehomepark,mobilehomepark11.tif,1.9924,55.32,0.9994,7.4176,7.4183,0.999968,0.999996,2.5951
UCMerced_LandUse,mobilehomepark,mobilehomepark12.tif,1.9930,54.69,0.9992,7.4954,7.4957,0.999953,0.999995,1.5012
UCMerced_LandUse,mobilehomepark,mobilehomepark13.tif,1.9956,54.72,0.9993,7.4117,7.4121,0.999948,0.999995,3.1335
UCMerced_LandUse,mobilehomepark,mobilehomepark14.tif,1.9975,55.27,0.9994,7.3889,7.3896,0.999956,0.999996,3.9364
UCMerced_LandUse,mobilehomepark,mobilehomepark15.tif,2.0002,54.81,0.9993,7.1851,7.1856,0.999956,0.999993,0.6659
UCMerced_LandUse,mobilehomepark,mobilehomepark16.tif,1.9963,54.66,0.9994,7.2998,7.3006,0.999960,0.999994,1.2800
UCMerced_LandUse,mobilehomepark,mobilehomepark17.tif,2.0081,54.34,0.9994,7.5810,7.5815,0.999969,0.999994,2.4318
UCMerced_LandUse,mobilehomepark,mobilehomepark18.tif,1.9987,53.79,0.9993,7.7438,7.7441,0.999968,0.999994,0.5098
UCMerced_LandUse,mobilehomepark,mobilehomepark19.tif,1.9961,53.98,0.9993,7.7062,7.7071,0.999970,0.999993,1.5895
UCMerced_LandUse,mobilehomepark,mobilehomepark20.tif,2.0036,54.29,0.9994,7.5961,7.5970,0.999974,0.999995,0.9089
UCMerced_LandUse,mobilehomepark,mobilehomepark21.tif,2.0001,54.10,0.9993,7.6731,7.6735,0.999971,0.999994,1.6386
UCMerced_LandUse,mobilehomepark,mobilehomepark22.tif,2.0062,54.20,0.9993,7.6435,7.6444,0.999971,0.999993,0.9383
UCMerced_LandUse,mobilehomepark,mobilehomepark23.tif,2.0006,53.92,0.9993,7.7136,7.7140,0.999972,0.999994,1.4787
UCMerced_LandUse,mobilehomepark,mobilehomepark24.tif,1.9959,53.87,0.9993,7.6703,7.6709,0.999960,0.999993,0.4653
UCMerced_LandUse,mobilehomepark,mobilehomepark25.tif,2.0076,54.34,0.9992,7.4573,7.4575,0.999951,0.999996,0.2993
UCMerced_LandUse,mobilehomepark,mobilehomepark26.tif,2.0026,53.56,0.9990,7.5804,7.5808,0.999943,0.999994,2.2176
UCMerced_LandUse,mobilehomepark,mobilehomepark27.tif,2.0043,55.26,0.9994,7.4880,7.4881,0.999960,0.999995,1.2076
UCMerced_LandUse,mobilehomepark,mobilehomepark28.tif,1.9930,54.70,0.9993,7.5467,7.5469,0.999960,0.999995,0.1331
UCMerced_LandUse,mobilehomepark,mobilehomepark29.tif,2.0007,55.04,0.9993,7.4831,7.4832,0.999966,0.999996,0.1904
UCMerced_LandUse,mobilehomepark,mobilehomepark30.tif,1.9980,54.27,0.9991,7.3019,7.3019,0.999935,0.999991,0.7601
UCMerced_LandUse,mobilehomepark,mobilehomepark31.tif,2.0074,54.85,0.9992,7.1985,7.1986,0.999947,0.999991,2.3610
UCMerced_LandUse,mobilehomepark,mobilehomepark32.tif,2.0021,54.62,0.9992,7.3896,7.3897,0.999949,0.999993,0.1856
UCMerced_LandUse,mobilehomepark,mobilehomepark33.tif,2.0012,54.24,0.9991,7.3069,7.3070,0.999936,0.999992,2.2491
UCMerced_LandUse,mobilehomepark,mobilehomepark34.tif,2.0047,54.27,0.9991,7.2467,7.2468,0.999932,0.999991,3.7221
UCMerced_LandUse,mobilehomepark,mobilehomepark35.tif,1.9974,54.41,0.9991,7.3202,7.3203,0.999935,0.999992,1.3044
UCMerced_LandUse,mobilehomepark,mobilehomepark36.tif,2.0007,54.43,0.9992,7.3495,7.3497,0.999948,0.999993,1.9563
UCMerced_LandUse,mobilehomepark,mobilehomepark37.tif,2.0021,54.35,0.9991,7.2806,7.2808,0.999937,0.999992,3.6544
UCMerced_LandUse,mobilehomepark,mobilehomepark38.tif,2.0055,54.55,0.9993,7.4754,7.4754,0.999955,0.999995,0.6054
UCMerced_LandUse,mobilehomepark,mobilehomepark39.tif,1.9951,54.38,0.9992,7.3973,7.3974,0.999948,0.999995,2.2062
UCMerced_LandUse,mobilehomepark,mobilehomepark40.tif,1.9942,54.15,0.9991,7.4060,7.4061,0.999950,0.999993,3.2677
UCMerced_LandUse,mobilehomepark,mobilehomepark41.tif,2.0024,54.28,0.9991,7.3728,7.3729,0.999943,0.999993,2.1163
UCMerced_LandUse,mobilehomepark,mobilehomepark42.tif,1.9994,54.62,0.9992,7.4038,7.4037,0.999948,0.999995,0.9941
UCMerced_LandUse,mobilehomepark,mobilehomepark43.tif,2.0034,54.44,0.9991,7.3431,7.3431,0.999942,0.999993,1.5951
UCMerced_LandUse,mobilehomepark,mobilehomepark44.tif,2.0022,54.42,0.9992,7.3271,7.3276,0.999939,0.999994,0.0564
UCMerced_LandUse,mobilehomepark,mobilehomepark45.tif,2.0088,54.66,0.9992,7.3200,7.3202,0.999945,0.999995,3.2736
UCMerced_LandUse,mobilehomepark,mobilehomepark46.tif,1.9931,54.52,0.9992,7.3848,7.3849,0.999950,0.999995,1.7885
UCMerced_LandUse,mobilehomepark,mobilehomepark47.tif,2.0036,54.48,0.9992,7.4359,7.4360,0.999955,0.999994,2.1043
UCMerced_LandUse,mobilehomepark,mobilehomepark48.tif,1.9973,54.61,0.9993,7.5736,7.5738,0.999963,0.999994,1.8122
UCMerced_LandUse,mobilehomepark,mobilehomepark49.tif,2.0056,55.04,0.9994,7.5216,7.5216,0.999963,0.999995,3.0025
UCMerced_LandUse,mobilehomepark,mobilehomepark50.tif,2.0029,54.81,0.9993,7.4951,7.4953,0.999958,0.999994,0.9696
UCMerced_LandUse,mobilehomepark,mobilehomepark51.tif,1.9971,54.80,0.9993,7.5697,7.5695,0.999961,0.999994,2.1879
UCMerced_LandUse,mobilehomepark,mobilehomepark52.tif,1.9924,54.90,0.9993,7.5507,7.5509,0.999963,0.999994,0.0553
UCMerced_LandUse,mobilehomepark,mobilehomepark53.tif,2.0044,54.81,0.9993,7.5049,7.5050,0.999959,0.999994,1.1203
UCMerced_LandUse,mobilehomepark,mobilehomepark54.tif,1.9966,55.51,0.9994,7.5275,7.5276,0.999970,0.999995,1.6361
UCMerced_LandUse,mobilehomepark,mobilehomepark55.tif,1.9977,55.25,0.9994,7.5239,7.5235,0.999964,0.999994,1.9065
UCMerced_LandUse,mobilehomepark,mobilehomepark56.tif,1.9967,54.88,0.9993,7.4257,7.4257,0.999960,0.999992,1.2489
UCMerced_LandUse,mobilehomepark,mobilehomepark57.tif,2.0023,55.35,0.9994,7.3870,7.3873,0.999953,0.999993,1.0175
UCMerced_LandUse,mobilehomepark,mobilehomepark58.tif,1.9992,54.72,0.9993,7.5146,7.5146,0.999956,0.999992,0.9805
UCMerced_LandUse,mobilehomepark,mobilehomepark59.tif,2.0008,54.73,0.9993,7.4793,7.4794,0.999957,0.999992,0.6179
UCMerced_LandUse,mobilehomepark,mobilehomepark60.tif,2.0030,54.61,0.9992,7.4133,7.4135,0.999951,0.999991,2.5050
UCMerced_LandUse,mobilehomepark,mobilehomepark61.tif,2.0012,55.29,0.9994,7.5360,7.5362,0.999974,0.999995,0.6944
UCMerced_LandUse,mobilehomepark,mobilehomepark62.tif,1.9922,54.65,0.9993,7.5871,7.5872,0.999970,0.999994,1.3370
UCMerced_LandUse,mobilehomepark,mobilehomepark63.tif,1.9921,55.29,0.9994,7.5109,7.5106,0.999971,0.999994,2.8807
UCMerced_LandUse,mobilehomepark,mobilehomepark64.tif,1.9894,55.01,0.9994,7.5082,7.5083,0.999971,0.999994,2.0706
UCMerced_LandUse,mobilehomepark,mobilehomepark65.tif,2.0038,55.36,0.9994,7.4756,7.4761,0.999972,0.999995,0.3861
UCMerced_LandUse,mobilehomepark,mobilehomepark66.tif,2.0099,55.34,0.9994,7.4799,7.4802,0.999966,0.999994,1.3296
UCMerced_LandUse,mobilehomepark,mobilehomepark67.tif,2.0011,54.64,0.9993,7.4859,7.4859,0.999962,0.999993,1.7651
UCMerced_LandUse,mobilehomepark,mobilehomepark68.tif,2.0048,54.82,0.9993,7.4899,7.4899,0.999960,0.999993,0.2616
UCMerced_LandUse,mobilehomepark,mobilehomepark69.tif,2.0051,55.32,0.9993,7.3663,7.3666,0.999961,0.999993,1.5290
UCMerced_LandUse,mobilehomepark,mobilehomepark70.tif,2.0048,54.80,0.9993,7.4777,7.4778,0.999965,0.999993,1.0858
UCMerced_LandUse,mobilehomepark,mobilehomepark71.tif,2.0021,53.82,0.9990,7.3425,7.3430,0.999939,0.999993,2.3508
UCMerced_LandUse,mobilehomepark,mobilehomepark72.tif,1.9984,54.97,0.9992,7.1160,7.1166,0.999956,0.999995,1.3176
UCMerced_LandUse,mobilehomepark,mobilehomepark73.tif,1.9974,54.16,0.9991,7.3268,7.3277,0.999948,0.999994,2.3377
UCMerced_LandUse,mobilehomepark,mobilehomepark74.tif,1.9922,53.52,0.9989,7.4301,7.4305,0.999938,0.999992,1.9588
UCMerced_LandUse,mobilehomepark,mobilehomepark75.tif,2.0012,52.67,0.9987,7.1761,7.1764,0.999871,0.999986,1.6498
UCMerced_LandUse,mobilehomepark,mobilehomepark76.tif,2.0082,52.84,0.9987,7.1784,7.1788,0.999887,0.999987,1.9678
UCMerced_LandUse,mobilehomepark,mobilehomepark77.tif,1.9947,53.70,0.9991,7.3992,7.3999,0.999946,0.999994,2.1668
UCMerced_LandUse,mobilehomepark,mobilehomepark78.tif,2.0013,53.17,0.9992,7.1820,7.1944,0.999964,0.999984,0.0070
UCMerced_LandUse,mobilehomepark,mobilehomepark79.tif,1.9974,53.39,0.9993,7.1941,7.2132,0.999967,0.999987,1.6432
UCMerced_LandUse,mobilehomepark,mobilehomepark80.tif,2.0074,53.12,0.9994,7.5455,7.5709,0.999978,0.999992,3.8950
UCMerced_LandUse,mobilehomepark,mobilehomepark81.tif,1.9995,53.19,0.9994,7.5549,7.5722,0.999977,0.999991,3.7168
UCMerced_LandUse,mobilehomepark,mobilehomepark82.tif,2.0010,52.34,0.9993,7.9281,7.9313,0.999960,0.999991,1.1004
UCMerced_LandUse,mobilehomepark,mobilehomepark83.tif,2.0044,52.73,0.9994,7.9102,7.9144,0.999966,0.999993,0.3549
UCMerced_LandUse,mobilehomepark,mobilehomepark84.tif,2.0028,52.50,0.9993,7.9398,7.9448,0.999962,0.999991,1.6478
UCMerced_LandUse,mobilehomepark,mobilehomepark85.tif,2.0013,52.51,0.9994,7.9248,7.9317,0.999967,0.999992,1.8648
UCMerced_LandUse,mobilehomepark,mobilehomepark86.tif,1.9987,52.38,0.9993,7.9279,7.9354,0.999967,0.999991,4.4972
UCMerced_LandUse,mobilehomepark,mobilehomepark87.tif,2.0033,52.90,0.9993,7.9000,7.9066,0.999971,0.999993,0.7609
UCMerced_LandUse,mobilehomepark,mobilehomepark88.tif,2.0085,52.52,0.9993,7.8957,7.9047,0.999968,0.999991,3.9564
UCMerced_LandUse,mobilehomepark,mobilehomepark89.tif,1.9997,52.79,0.9992,7.8500,7.8525,0.999959,0.999990,0.0768
UCMerced_LandUse,mobilehomepark,mobilehomepark90.tif,1.9925,53.01,0.9993,7.9088,7.9109,0.999966,0.999992,0.2467
UCMerced_LandUse,mobilehomepark,mobilehomepark91.tif,2.0101,52.76,0.9992,7.9167,7.9178,0.999962,0.999992,1.7039
UCMerced_LandUse,mobilehomepark,mobilehomepark92.tif,1.9950,52.79,0.9993,7.9517,7.9556,0.999969,0.999992,2.2100
UCMerced_LandUse,mobilehomepark,mobilehomepark93.tif,2.0007,52.92,0.9993,7.9036,7.9058,0.999971,0.999993,1.1623
UCMerced_LandUse,mobilehomepark,mobilehomepark94.tif,2.0055,52.64,0.9993,7.6739,7.7114,0.999969,0.999993,6.1590
UCMerced_LandUse,mobilehomepark,mobilehomepark95.tif,2.0096,52.52,0.9993,7.7068,7.7358,0.999964,0.999992,9.6546
UCMerced_LandUse,mobilehomepark,mobilehomepark96.tif,2.0058,52.88,0.9994,7.7786,7.7892,0.999961,0.999992,0.1451
UCMerced_LandUse,mobilehomepark,mobilehomepark97.tif,2.0105,52.89,0.9994,7.6347,7.6437,0.999959,0.999993,4.3171
UCMerced_LandUse,mobilehomepark,mobilehomepark98.tif,2.0010,53.05,0.9994,7.6740,7.6806,0.999960,0.999993,2.6712
UCMerced_LandUse,mobilehomepark,mobilehomepark99.tif,1.9881,52.30,0.9992,7.7596,7.7632,0.999949,0.999990,1.1303
UCMerced_LandUse,overpass,overpass00.tif,1.9958,55.71,0.9993,7.4491,7.4491,0.999974,0.999994,1.3226
UCMerced_LandUse,overpass,overpass01.tif,2.0043,55.82,0.9993,7.5030,7.5029,0.999975,0.999995,1.1075
UCMerced_LandUse,overpass,overpass02.tif,1.9940,55.18,0.9992,7.3324,7.3332,0.999960,0.999993,2.0090
UCMerced_LandUse,overpass,overpass03.tif,1.9963,54.88,0.9993,7.4468,7.4479,0.999968,0.999993,3.6530
UCMerced_LandUse,overpass,overpass04.tif,1.9952,55.00,0.9992,7.3556,7.3559,0.999967,0.999994,2.3954
UCMerced_LandUse,overpass,overpass05.tif,2.0039,54.17,0.9990,7.6076,7.6078,0.999952,0.999994,2.3922
UCMerced_LandUse,overpass,overpass06.tif,1.9962,54.00,0.9990,7.5693,7.5699,0.999954,0.999994,2.5491
UCMerced_LandUse,overpass,overpass07.tif,2.0068,54.95,0.9992,7.6885,7.6899,0.999970,0.999996,2.1786
UCMerced_LandUse,overpass,overpass08.tif,2.0052,54.92,0.9991,7.5154,7.5157,0.999960,0.999994,1.1222
UCMerced_LandUse,overpass,overpass09.tif,1.9983,54.69,0.9992,7.5884,7.5891,0.999963,0.999994,1.7255
UCMerced_LandUse,overpass,overpass10.tif,2.0005,54.99,0.9993,7.2406,7.2408,0.999966,0.999997,1.1831
UCMerced_LandUse,overpass,overpass11.tif,1.9989,54.97,0.9992,7.6650,7.6657,0.999967,0.999994,2.2267
UCMerced_LandUse,overpass,overpass12.tif,2.0058,55.88,0.9993,7.1643,7.1645,0.999954,0.999996,1.3105
UCMerced_LandUse,overpass,overpass13.tif,2.0021,54.19,0.9993,7.6748,7.6750,0.999964,0.999995,3.6800
UCMerced_LandUse,overpass,overpass14.tif,2.0037,54.04,0.9992,7.6427,7.6433,0.999961,0.999995,0.3279
UCMerced_LandUse,overpass,overpass15.tif,1.9918,56.92,0.9995,6.9852,6.9857,0.999978,0.999997,2.8684
UCMerced_LandUse,overpass,overpass16.tif,1.9895,57.80,0.9996,7.0125,7.0128,0.999973,0.999998,1.1472
UCMerced_LandUse,overpass,overpass17.tif,2.0086,58.36,0.9995,6.4909,6.4911,0.999935,0.999999,0.7039
UCMerced_LandUse,overpass,overpass18.tif,2.0134,58.63,0.9997,7.0631,7.0633,0.999978,0.999998,1.5691
UCMerced_LandUse,overpass,overpass19.tif,2.0117,57.50,0.9996,7.1986,7.1990,0.999975,0.999998,1.5217
UCMerced_LandUse,overpass,overpass20.tif,1.9973,55.61,0.9994,6.8073,6.8075,0.999952,0.999997,0.2263
UCMerced_LandUse,overpass,overpass21.tif,1.9995,57.49,0.9996,6.4537,6.4540,0.999964,0.999998,0.8609
UCMerced_LandUse,overpass,overpass22.tif,1.9867,56.31,0.9994,7.3076,7.3077,0.999962,0.999995,1.5874
UCMerced_LandUse,overpass,overpass23.tif,1.9986,56.08,0.9994,7.3048,7.3049,0.999958,0.999995,2.0055
UCMerced_LandUse,overpass,overpass24.tif,1.9970,56.12,0.9993,6.9303,6.9314,0.999919,0.999991,2.5491
UCMerced_LandUse,overpass,overpass25.tif,2.0030,56.33,0.9993,7.0648,7.0649,0.999942,0.999993,2.0885
UCMerced_LandUse,overpass,overpass26.tif,2.0095,53.33,0.9991,7.3103,7.3227,0.999953,0.999991,3.0793
UCMerced_LandUse,overpass,overpass27.tif,2.0049,54.02,0.9991,6.9740,6.9759,0.999899,0.999992,0.2387
UCMerced_LandUse,overpass,overpass28.tif,1.9991,56.89,0.9994,7.1116,7.1119,0.999962,0.999997,2.2815
UCMerced_LandUse,overpass,overpass29.tif,1.9999,55.56,0.9993,7.0067,7.0069,0.999932,0.999995,0.8958
UCMerced_LandUse,overpass,overpass30.tif,2.0023,54.53,0.9990,7.2261,7.2265,0.999938,0.999994,2.2162
UCMerced_LandUse,overpass,overpass31.tif,2.0136,55.68,0.9993,7.1341,7.1343,0.999940,0.999995,1.3182
UCMerced_LandUse,overpass,overpass32.tif,2.0015,54.45,0.9992,7.2833,7.2871,0.999950,0.999992,1.2447
UCMerced_LandUse,overpass,overpass33.tif,1.9976,55.80,0.9993,6.6266,6.6270,0.999886,0.999988,0.4723
UCMerced_LandUse,overpass,overpass34.tif,1.9835,55.83,0.9993,6.6792,6.6794,0.999885,0.999989,2.0087
UCMerced_LandUse,overpass,overpass35.tif,1.9980,55.45,0.9994,6.7026,6.7029,0.999884,0.999989,0.6483
UCMerced_LandUse,overpass,overpass36.tif,2.0055,56.47,0.9994,6.9654,6.9657,0.999928,0.999993,1.0252
UCMerced_LandUse,overpass,overpass37.tif,2.0053,55.17,0.9992,7.1103,7.1105,0.999929,0.999992,2.5343
UCMerced_LandUse,overpass,overpass38.tif,1.9994,54.55,0.9991,7.1506,7.1509,0.999918,0.999991,1.4965
UCMerced_LandUse,overpass,overpass39.tif,1.9963,54.48,0.9990,6.7196,6.7201,0.999854,0.999984,2.6141
UCMerced_LandUse,overpass,overpass40.tif,1.9993,54.58,0.9991,6.7859,6.7862,0.999869,0.999985,1.7609
UCMerced_LandUse,overpass,overpass41.tif,1.9954,55.20,0.9990,7.2708,7.2718,0.999970,0.999996,3.4128
UCMerced_LandUse,overpass,overpass42.tif,1.9934,55.53,0.9992,7.2443,7.2455,0.999970,0.999995,4.6857
UCMerced_LandUse,overpass,overpass43.tif,1.9996,55.50,0.9991,7.3488,7.3495,0.999973,0.999996,2.0704
UCMerced_LandUse,overpass,overpass44.tif,1.9871,55.68,0.9992,7.3050,7.3056,0.999970,0.999996,2.2458
UCMerced_LandUse,overpass,overpass45.tif,1.9935,55.76,0.9993,7.2264,7.2267,0.999958,0.999996,2.6465
UCMerced_LandUse,overpass,overpass46.tif,1.9970,55.29,0.9992,7.1101,7.1107,0.999942,0.999996,0.9970
UCMerced_LandUse,overpass,overpass47.tif,2.0049,56.10,0.9992,6.8099,6.8106,0.999944,0.999996,2.0537
UCMerced_LandUse,overpass,overpass48.tif,2.0080,56.44,0.9994,7.2814,7.2817,0.999955,0.999997,2.0437
UCMerced_LandUse,overpass,overpass49.tif,2.0108,54.88,0.9993,6.9234,6.9240,0.999913,0.999991,1.5548
UCMerced_LandUse,overpass,overpass50.tif,1.9916,56.81,0.9994,6.6945,6.6946,0.999921,0.999992,3.2526
UCMerced_LandUse,overpass,overpass51.tif,2.0002,56.66,0.9995,6.7481,6.7484,0.999949,0.999996,0.6416
UCMerced_LandUse,overpass,overpass52.tif,2.0058,56.21,0.9994,6.7252,6.7257,0.999929,0.999995,3.3240
UCMerced_LandUse,overpass,overpass53.tif,1.9985,55.16,0.9992,6.9300,6.9303,0.999901,0.999995,1.5796
UCMerced_LandUse,overpass,overpass54.tif,1.9996,54.62,0.9992,7.5189,7.5192,0.999950,0.999995,0.0206
UCMerced_LandUse,overpass,overpass55.tif,1.9940,55.47,0.9992,6.8178,6.8182,0.999905,0.999989,1.5601
UCMerced_LandUse,overpass,overpass56.tif,1.9959,56.92,0.9995,6.5903,6.5906,0.999921,0.999991,0.1451
UCMerced_LandUse,overpass,overpass57.tif,1.9955,55.84,0.9994,6.4651,6.4655,0.999862,0.999989,1.1105
UCMerced_LandUse,overpass,overpass58.tif,1.9919,55.70,0.9993,6.6984,6.6990,0.999895,0.999991,1.7748
UCMerced_LandUse,overpass,overpass59.tif,2.0037,55.89,0.9993,6.4193,6.4196,0.999850,0.999988,0.9637
UCMerced_LandUse,overpass,overpass60.tif,1.9908,55.82,0.9993,6.1807,6.1812,0.999814,0.999986,1.2683
UCMerced_LandUse,overpass,overpass61.tif,2.0059,56.83,0.9994,6.3889,6.3893,0.999887,0.999990,2.3510
UCMerced_LandUse,overpass,overpass62.tif,1.9924,55.77,0.9993,6.8696,6.8697,0.999904,0.999996,1.3833
UCMerced_LandUse,overpass,overpass63.tif,2.0051,55.31,0.9993,6.7477,6.7481,0.999903,0.999990,0.2097
UCMerced_LandUse,overpass,overpass64.tif,2.0005,56.16,0.9994,7.2514,7.2520,0.999967,0.999995,3.3880
UCMerced_LandUse,overpass,overpass65.tif,1.9954,55.99,0.9992,7.2091,7.2096,0.999963,0.999996,2.4821
UCMerced_LandUse,overpass,overpass66.tif,1.9969,55.99,0.9991,7.0999,7.1004,0.999955,0.999995,1.4526
UCMerced_LandUse,overpass,overpass67.tif,1.9953,55.44,0.9989,6.7822,6.7831,0.999926,0.999994,0.0453
UCMerced_LandUse,overpass,overpass68.tif,2.0083,55.61,0.9991,7.0298,7.0306,0.999956,0.999995,2.7485
UCMerced_LandUse,overpass,overpass69.tif,1.9936,56.36,0.9994,7.3438,7.3442,0.999972,0.999997,2.9256
UCMerced_LandUse,overpass,overpass70.tif,1.9989,55.00,0.9988,6.6035,6.6044,0.999901,0.999994,1.9588
UCMerced_LandUse,overpass,overpass71.tif,1.9988,55.30,0.9990,6.9717,6.9722,0.999924,0.999995,1.6356
UCMerced_LandUse,overpass,overpass72.tif,2.0001,54.43,0.9989,7.1724,7.1725,0.999910,0.999993,1.9073
UCMerced_LandUse,overpass,overpass73.tif,1.9943,54.87,0.9990,6.9997,6.9999,0.999912,0.999995,1.9099
UCMerced_LandUse,overpass,overpass74.tif,2.0050,56.08,0.9994,7.0804,7.0806,0.999958,0.999997,1.3313
UCMerced_LandUse,overpass,overpass75.tif,1.9879,56.04,0.9993,6.8339,6.8340,0.999908,0.999996,2.5497
UCMerced_LandUse,overpass,overpass76.tif,1.9974,55.08,0.9992,7.1912,7.1914,0.999933,0.999996,3.7346
UCMerced_LandUse,overpass,overpass77.tif,1.9907,54.83,0.9991,7.4416,7.4418,0.999947,0.999995,1.7438
UCMerced_LandUse,overpass,overpass78.tif,2.0067,56.47,0.9992,6.8422,6.8424,0.999928,0.999996,1.8116
UCMerced_LandUse,overpass,overpass79.tif,1.9990,56.91,0.9994,6.6144,6.6146,0.999900,0.999996,0.8099
UCMerced_LandUse,overpass,overpass80.tif,2.0039,55.33,0.9992,7.4426,7.4430,0.999965,0.999997,1.5795
UCMerced_LandUse,overpass,overpass81.tif,1.9995,53.24,0.9986,7.3860,7.3862,0.999934,0.999993,2.9068
UCMerced_LandUse,overpass,overpass82.tif,1.9952,53.77,0.9987,7.3825,7.3828,0.999954,0.999993,2.6797
UCMerced_LandUse,overpass,overpass83.tif,2.0008,54.36,0.9992,7.5869,7.5876,0.999965,0.999996,2.6897
UCMerced_LandUse,overpass,overpass84.tif,2.0073,53.94,0.9989,7.4853,7.4858,0.999958,0.999991,1.3071
UCMerced_LandUse,overpass,overpass85.tif,2.0030,53.90,0.9989,7.4757,7.4770,0.999972,0.999993,0.4972
UCMerced_LandUse,overpass,overpass86.tif,1.9947,53.59,0.9987,7.3281,7.3287,0.999957,0.999991,2.5729
UCMerced_LandUse,overpass,overpass87.tif,1.9991,54.66,0.9993,7.1984,7.1998,0.999970,0.999994,0.6464
UCMerced_LandUse,overpass,overpass88.tif,1.9986,53.96,0.9988,7.3510,7.3523,0.999942,0.999990,0.9320
UCMerced_LandUse,overpass,overpass89.tif,2.0027,54.53,0.9990,7.4889,7.4895,0.999954,0.999991,3.5862
UCMerced_LandUse,overpass,overpass90.tif,1.9964,53.84,0.9991,7.3421,7.3424,0.999931,0.999995,4.0937
UCMerced_LandUse,overpass,overpass91.tif,1.9968,54.55,0.9990,7.1516,7.1518,0.999917,0.999994,1.5497
UCMerced_LandUse,overpass,overpass92.tif,1.9991,53.91,0.9991,7.4205,7.4211,0.999934,0.999992,1.4241
UCMerced_LandUse,overpass,overpass93.tif,1.9986,56.09,0.9994,7.0813,7.0816,0.999960,0.999997,2.9580
UCMerced_LandUse,overpass,overpass94.tif,1.9894,56.69,0.9994,7.1573,7.1579,0.999968,0.999997,3.5752
UCMerced_LandUse,overpass,overpass95.tif,1.9940,56.07,0.9994,7.1956,7.1958,0.999971,0.999996,2.5820
UCMerced_LandUse,overpass,overpass96.tif,1.9878,56.81,0.9994,7.0801,7.0805,0.999962,0.999996,4.0076
UCMerced_LandUse,overpass,overpass97.tif,2.0057,56.10,0.9994,6.9641,6.9641,0.999939,0.999996,1.8664
UCMerced_LandUse,overpass,overpass98.tif,2.0047,55.56,0.9994,6.8897,6.8899,0.999935,0.999996,3.5710
UCMerced_LandUse,overpass,overpass99.tif,1.9973,55.59,0.9994,6.9822,6.9829,0.999932,0.999995,1.1665
UCMerced_LandUse,parkinglot,parkinglot00.tif,1.9885,55.76,0.9994,6.8158,6.8162,0.999940,0.999994,1.4669
UCMerced_LandUse,parkinglot,parkinglot01.tif,2.0081,53.95,0.9994,7.2487,7.2493,0.999941,0.999988,2.7048
UCMerced_LandUse,parkinglot,parkinglot02.tif,2.0024,53.97,0.9994,7.1358,7.1365,0.999936,0.999987,3.0179
UCMerced_LandUse,parkinglot,parkinglot03.tif,1.9996,54.35,0.9993,6.9410,6.9416,0.999940,0.999993,2.2587
UCMerced_LandUse,parkinglot,parkinglot04.tif,1.9962,53.78,0.9994,7.2280,7.2288,0.999949,0.999990,0.4905
UCMerced_LandUse,parkinglot,parkinglot05.tif,1.9966,54.06,0.9994,7.1677,7.1683,0.999949,0.999991,2.2691
UCMerced_LandUse,parkinglot,parkinglot06.tif,2.0041,54.18,0.9993,7.1641,7.1650,0.999948,0.999991,4.1227
UCMerced_LandUse,parkinglot,parkinglot07.tif,2.0070,54.17,0.9992,7.0091,7.0097,0.999935,0.999989,1.7074
UCMerced_LandUse,parkinglot,parkinglot08.tif,1.9987,53.71,0.9993,7.3680,7.3687,0.999947,0.999987,3.6313
UCMerced_LandUse,parkinglot,parkinglot09.tif,1.9969,54.00,0.9993,7.2321,7.2331,0.999948,0.999989,2.0193
UCMerced_LandUse,parkinglot,parkinglot10.tif,1.9960,54.86,0.9994,6.9875,6.9883,0.999948,0.999992,0.9658
UCMerced_LandUse,parkinglot,parkinglot11.tif,1.9983,54.10,0.9993,7.2911,7.2916,0.999953,0.999989,0.8233
UCMerced_LandUse,parkinglot,parkinglot12.tif,1.9982,54.52,0.9993,7.0314,7.0321,0.999931,0.999987,2.4380
UCMerced_LandUse,parkinglot,parkinglot13.tif,1.9946,53.96,0.9994,7.2294,7.2300,0.999951,0.999987,1.9728
UCMerced_LandUse,parkinglot,parkinglot14.tif,1.9946,54.02,0.9993,7.2288,7.2294,0.999941,0.999987,3.5205
UCMerced_LandUse,parkinglot,parkinglot15.tif,2.0023,54.20,0.9994,7.1152,7.1157,0.999944,0.999988,1.2181
UCMerced_LandUse,parkinglot,parkinglot16.tif,1.9960,54.18,0.9994,7.0889,7.0896,0.999945,0.999988,2.9692
UCMerced_LandUse,parkinglot,parkinglot17.tif,2.0096,54.26,0.9994,7.4371,7.4375,0.999951,0.999992,0.7590
UCMerced_LandUse,parkinglot,parkinglot18.tif,2.0003,55.38,0.9994,6.8275,6.8276,0.999930,0.999994,0.3600
UCMerced_LandUse,parkinglot,parkinglot19.tif,2.0038,55.53,0.9995,6.8547,6.8551,0.999926,0.999996,1.4427
UCMerced_LandUse,parkinglot,parkinglot20.tif,1.9990,53.90,0.9995,7.4738,7.4745,0.999959,0.999994,1.3965
UCMerced_LandUse,parkinglot,parkinglot21.tif,1.9982,53.78,0.9995,7.5044,7.5053,0.999960,0.999992,1.8443
UCMerced_LandUse,parkinglot,parkinglot22.tif,2.0003,54.68,0.9993,7.0000,7.0018,0.999958,0.999993,3.3834
UCMerced_LandUse,parkinglot,parkinglot23.tif,2.0127,53.89,0.9994,7.0825,7.0846,0.999945,0.999992,1.7093
UCMerced_LandUse,parkinglot,parkinglot24.tif,1.9936,54.19,0.9994,7.4499,7.4525,0.999976,0.999995,2.1389
UCMerced_LandUse,parkinglot,parkinglot25.tif,2.0044,54.35,0.9994,7.2053,7.2070,0.999974,0.999995,0.9510
UCMerced_LandUse,parkinglot,parkinglot26.tif,2.0009,54.92,0.9996,6.9253,6.9271,0.999971,0.999996,1.0195
UCMerced_LandUse,parkinglot,parkinglot27.tif,2.0017,54.17,0.9995,7.3895,7.3912,0.999971,0.999994,1.4285
UCMerced_LandUse,parkinglot,parkinglot28.tif,2.0032,53.53,0.9996,7.4610,7.4623,0.999963,0.999994,1.2106
UCMerced_LandUse,parkinglot,parkinglot29.tif,2.0058,54.01,0.9995,7.2051,7.2062,0.999939,0.999991,3.2550
UCMerced_LandUse,parkinglot,parkinglot30.tif,1.9963,54.17,0.9994,7.0244,7.0249,0.999939,0.999989,0.7792
UCMerced_LandUse,parkinglot,parkinglot31.tif,1.9932,53.60,0.9994,7.7043,7.7049,0.999958,0.999992,3.2689
UCMerced_LandUse,parkinglot,parkinglot32.tif,1.9929,54.35,0.9994,7.3108,7.3116,0.999958,0.999995,2.3149
UCMerced_LandUse,parkinglot,parkinglot33.tif,1.9952,53.86,0.9995,7.4321,7.4330,0.999971,0.999994,2.8670
UCMerced_LandUse,parkinglot,parkinglot34.tif,2.0036,55.00,0.9993,6.8260,6.8269,0.999921,0.999993,2.3721
UCMerced_LandUse,parkinglot,parkinglot35.tif,1.9928,54.43,0.9994,7.1354,7.1357,0.999940,0.999993,2.7919
UCMerced_LandUse,parkinglot,parkinglot36.tif,2.0028,54.02,0.9994,7.2839,7.2859,0.999975,0.999995,1.0932
UCMerced_LandUse,parkinglot,parkinglot37.tif,2.0045,54.96,0.9996,7.0849,7.0869,0.999981,0.999997,0.4929
UCMerced_LandUse,parkinglot,parkinglot38.tif,1.9929,53.86,0.9995,7.2908,7.2913,0.999946,0.999993,0.8162
UCMerced_LandUse,parkinglot,parkinglot39.tif,1.9961,54.30,0.9993,6.9348,6.9358,0.999937,0.999991,0.6359
UCMerced_LandUse,parkinglot,parkinglot40.tif,1.9959,54.42,0.9995,7.2242,7.2252,0.999952,0.999995,3.4384
UCMerced_LandUse,parkinglot,parkinglot41.tif,1.9977,54.83,0.9994,6.7201,6.7213,0.999914,0.999995,0.9250
UCMerced_LandUse,parkinglot,parkinglot42.tif,1.9975,54.12,0.9994,7.4186,7.4197,0.999956,0.999990,0.8482
UCMerced_LandUse,parkinglot,parkinglot43.tif,2.0031,53.86,0.9994,7.6310,7.6327,0.999958,0.999992,2.6852
UCMerced_LandUse,parkinglot,parkinglot44.tif,1.9981,54.35,0.9993,7.4820,7.4831,0.999956,0.999992,3.1185
UCMerced_LandUse,parkinglot,parkinglot45.tif,2.0117,54.39,0.9995,7.1220,7.1257,0.999940,0.999992,0.1365
UCMerced_LandUse,parkinglot,parkinglot46.tif,1.9976,53.97,0.9994,7.2435,7.2461,0.999935,0.999991,0.3405
UCMerced_LandUse,parkinglot,parkinglot47.tif,2.0023,54.87,0.9994,6.9133,6.9144,0.999929,0.999993,1.6388
UCMerced_LandUse,parkinglot,parkinglot48.tif,2.0226,55.07,0.9994,6.9053,6.9057,0.999938,0.999995,0.4386
UCMerced_LandUse,parkinglot,parkinglot49.tif,2.0084,54.70,0.9994,7.3443,7.3454,0.999959,0.999995,2.6125
UCMerced_LandUse,parkinglot,parkinglot50.tif,1.9905,54.48,0.9993,7.1544,7.1551,0.999932,0.999990,1.5541
UCMerced_LandUse,parkinglot,parkinglot51.tif,2.0015,53.89,0.9993,7.3063,7.3072,0.999939,0.999991,2.9936
UCMerced_LandUse,parkinglot,parkinglot52.tif,2.0057,54.69,0.9993,6.7455,6.7461,0.999929,0.999991,2.5637
UCMerced_LandUse,parkinglot,parkinglot53.tif,1.9954,53.84,0.9994,7.4506,7.4512,0.999953,0.999993,1.9495
UCMerced_LandUse,parkinglot,parkinglot54.tif,1.9995,54.41,0.9994,7.2392,7.2395,0.999946,0.999995,1.7185
UCMerced_LandUse,parkinglot,parkinglot55.tif,1.9934,54.02,0.9993,7.3748,7.3750,0.999958,0.999995,0.9234
UCMerced_LandUse,parkinglot,parkinglot56.tif,2.0001,54.47,0.9995,7.4098,7.4102,0.999968,0.999994,4.6028
UCMerced_LandUse,parkinglot,parkinglot57.tif,1.9953,54.09,0.9995,7.3900,7.3911,0.999965,0.999995,1.0126
UCMerced_LandUse,parkinglot,parkinglot58.tif,2.0084,54.03,0.9993,6.9957,6.9964,0.999931,0.999989,1.8378
UCMerced_LandUse,parkinglot,parkinglot59.tif,2.0057,54.49,0.9992,7.0327,7.0330,0.999928,0.999988,2.7017
UCMerced_LandUse,parkinglot,parkinglot60.tif,1.9935,54.67,0.9994,7.2133,7.2136,0.999958,0.999995,0.6552
UCMerced_LandUse,parkinglot,parkinglot61.tif,2.0008,54.84,0.9993,6.9980,6.9987,0.999936,0.999994,1.6740
UCMerced_LandUse,parkinglot,parkinglot62.tif,1.9973,54.79,0.9995,6.7796,6.7808,0.999945,0.999993,1.5089
UCMerced_LandUse,parkinglot,parkinglot63.tif,2.0098,54.56,0.9995,7.4250,7.4262,0.999959,0.999994,2.0765
UCMerced_LandUse,parkinglot,parkinglot64.tif,2.0005,54.43,0.9995,7.2267,7.2271,0.999957,0.999995,2.1736
UCMerced_LandUse,parkinglot,parkinglot65.tif,1.9971,54.41,0.9992,6.8370,6.8382,0.999902,0.999992,3.4169
UCMerced_LandUse,parkinglot,parkinglot66.tif,1.9920,54.65,0.9994,6.9598,6.9612,0.999938,0.999996,1.7204
UCMerced_LandUse,parkinglot,parkinglot67.tif,1.9913,54.49,0.9995,6.9959,6.9965,0.999948,0.999994,1.3937
UCMerced_LandUse,parkinglot,parkinglot68.tif,1.9928,53.49,0.9994,7.2404,7.2450,0.999948,0.999989,1.6551
UCMerced_LandUse,parkinglot,parkinglot69.tif,2.0014,54.74,0.9995,7.0346,7.0358,0.999950,0.999990,1.8064
UCMerced_LandUse,parkinglot,parkinglot70.tif,1.9998,54.17,0.9992,7.4654,7.4674,0.999941,0.999994,0.6070
UCMerced_LandUse,parkinglot,parkinglot71.tif,2.0032,54.22,0.9996,7.1968,7.2018,0.999946,0.999993,0.4882
UCMerced_LandUse,parkinglot,parkinglot72.tif,1.9971,53.97,0.9995,7.2716,7.2788,0.999955,0.999992,1.9388
UCMerced_LandUse,parkinglot,parkinglot73.tif,1.9908,54.00,0.9995,7.2134,7.2202,0.999947,0.999992,1.5540
UCMerced_LandUse,parkinglot,parkinglot74.tif,1.9964,53.82,0.9996,7.0346,7.0398,0.999951,0.999990,2.5318
UCMerced_LandUse,parkinglot,parkinglot75.tif,1.9982,53.89,0.9994,7.2500,7.2529,0.999938,0.999992,2.4945
UCMerced_LandUse,parkinglot,parkinglot76.tif,1.9954,54.95,0.9996,6.8228,6.8249,0.999947,0.999989,0.6976
UCMerced_LandUse,parkinglot,parkinglot77.tif,2.0015,54.47,0.9995,7.4331,7.4353,0.999955,0.999995,2.6585
UCMerced_LandUse,parkinglot,parkinglot78.tif,2.0005,53.12,0.9994,7.5478,7.5502,0.999938,0.999994,2.0006
UCMerced_LandUse,parkinglot,parkinglot79.tif,2.0079,54.07,0.9995,7.2845,7.2863,0.999937,0.999993,0.8318
UCMerced_LandUse,parkinglot,parkinglot80.tif,1.9988,53.35,0.9994,7.2507,7.2601,0.999945,0.999993,0.0356
UCMerced_LandUse,parkinglot,parkinglot81.tif,1.9939,53.69,0.9994,7.2481,7.2553,0.999947,0.999994,2.7845
UCMerced_LandUse,parkinglot,parkinglot82.tif,2.0081,54.60,0.9993,7.1698,7.1697,0.999948,0.999993,1.6615
UCMerced_LandUse,parkinglot,parkinglot83.tif,1.9989,54.12,0.9993,7.1894,7.1897,0.999924,0.999993,2.7451
UCMerced_LandUse,parkinglot,parkinglot84.tif,2.0016,53.79,0.9995,7.6168,7.6235,0.999959,0.999993,2.0084
UCMerced_LandUse,parkinglot,parkinglot85.tif,2.0030,54.20,0.9995,7.0970,7.1024,0.999961,0.999990,0.5108
UCMerced_LandUse,parkinglot,parkinglot86.tif,1.9938,54.48,0.9996,7.1495,7.1540,0.999962,0.999990,1.2577
UCMerced_LandUse,parkinglot,parkinglot87.tif,2.0006,54.43,0.9993,7.1340,7.1348,0.999938,0.999992,1.9168
UCMerced_LandUse,parkinglot,parkinglot88.tif,1.9914,53.77,0.9993,7.0896,7.0936,0.999953,0.999984,2.2839
UCMerced_LandUse,parkinglot,parkinglot89.tif,1.9999,54.05,0.9995,6.8398,6.8413,0.999926,0.999992,1.6603
UCMerced_LandUse,parkinglot,parkinglot90.tif,1.9939,53.76,0.9995,6.9559,6.9575,0.999926,0.999992,3.4087
UCMerced_LandUse,parkinglot,parkinglot91.tif,2.0030,54.03,0.9994,6.6244,6.6264,0.999915,0.999988,0.6166
UCMerced_LandUse,parkinglot,parkinglot92.tif,2.0025,54.31,0.9996,6.8642,6.8653,0.999916,0.999991,2.9843
UCMerced_LandUse,parkinglot,parkinglot93.tif,2.0051,54.34,0.9996,6.6676,6.6685,0.999910,0.999992,0.9541
UCMerced_LandUse,parkinglot,parkinglot94.tif,1.9903,54.30,0.9996,6.5037,6.5048,0.999903,0.999992,2.0096
UCMerced_LandUse,parkinglot,parkinglot95.tif,1.9986,54.53,0.9996,6.3497,6.3504,0.999896,0.999992,2.3259
UCMerced_LandUse,parkinglot,parkinglot96.tif,2.0063,54.35,0.9995,6.5272,6.5282,0.999891,0.999994,0.4714
UCMerced_LandUse,parkinglot,parkinglot97.tif,1.9945,54.25,0.9994,7.1784,7.1788,0.999955,0.999996,1.6787
UCMerced_LandUse,parkinglot,parkinglot98.tif,2.0019,53.76,0.9995,6.8484,6.8644,0.999944,0.999987,0.1381
UCMerced_LandUse,parkinglot,parkinglot99.tif,2.0082,54.84,0.9995,6.4266,6.4269,0.999925,0.999996,1.0946
UCMerced_LandUse,river,river00.tif,1.9998,53.14,0.9985,6.8884,6.8887,0.999859,0.999991,2.9319
UCMerced_LandUse,river,river01.tif,1.9953,52.98,0.9987,7.0894,7.0897,0.999873,0.999989,2.3579
UCMerced_LandUse,river,river02.tif,2.0003,52.58,0.9985,6.9435,6.9437,0.999810,0.999988,2.1032
UCMerced_LandUse,river,river03.tif,1.9968,53.16,0.9989,7.1795,7.1798,0.999892,0.999989,0.5401
UCMerced_LandUse,river,river04.tif,1.9948,52.80,0.9986,7.0462,7.0465,0.999843,0.999990,2.0126
UCMerced_LandUse,river,river05.tif,2.0075,56.57,0.9991,6.6518,6.6522,0.999916,0.999995,0.3769
UCMerced_LandUse,river,river06.tif,1.9943,56.88,0.9992,5.9236,5.9240,0.999745,0.999995,1.8242
UCMerced_LandUse,river,river07.tif,1.9999,54.88,0.9988,6.2680,6.2684,0.999720,0.999994,1.9794
UCMerced_LandUse,river,river08.tif,1.9941,57.05,0.9991,5.9118,5.9121,0.999719,0.999996,2.1114
UCMerced_LandUse,river,river09.tif,2.0040,56.19,0.9990,5.8462,5.8468,0.999669,0.999996,2.1243
UCMerced_LandUse,river,river10.tif,2.0009,55.15,0.9991,6.1581,6.1586,0.999767,0.999993,2.8399
UCMerced_LandUse,river,river11.tif,1.9828,53.09,0.9990,6.8528,6.8530,0.999848,0.999993,1.7002
UCMerced_LandUse,river,river12.tif,1.9941,54.58,0.9992,6.7963,6.7967,0.999871,0.999993,1.2975
UCMerced_LandUse,river,river13.tif,2.0048,53.24,0.9991,6.8783,6.8787,0.999851,0.999992,1.9422
UCMerced_LandUse,river,river14.tif,1.9995,54.41,0.9992,6.5426,6.5426,0.999836,0.999994,0.9493
UCMerced_LandUse,river,river15.tif,1.9972,54.59,0.9991,6.9739,6.9740,0.999911,0.999993,0.4809
UCMerced_LandUse,river,river16.tif,2.0034,53.91,0.9991,6.9937,6.9937,0.999900,0.999992,2.6111
UCMerced_LandUse,river,river17.tif,2.0042,54.21,0.9990,6.9273,6.9273,0.999902,0.999994,0.8063
UCMerced_LandUse,river,river18.tif,1.9980,54.09,0.9989,6.9749,6.9752,0.999899,0.999993,2.4987
UCMerced_LandUse,river,river19.tif,1.9937,55.55,0.9990,6.3097,6.3101,0.999822,0.999994,2.3408
UCMerced_LandUse,river,river20.tif,1.9942,55.50,0.9989,6.4206,6.4210,0.999849,0.999996,1.6789
UCMerced_LandUse,river,river21.tif,2.0013,55.58,0.9991,6.6900,6.6901,0.999879,0.999995,1.1006
UCMerced_LandUse,river,river22.tif,2.0024,54.37,0.9989,6.8624,6.8628,0.999886,0.999985,1.6302
UCMerced_LandUse,river,river23.tif,2.0078,53.56,0.9987,6.8426,6.8432,0.999860,0.999982,3.4242
UCMerced_LandUse,river,river24.tif,1.9991,54.06,0.9989,6.8587,6.8587,0.999911,0.999992,2.8929
UCMerced_LandUse,river,river25.tif,1.9990,53.85,0.9989,6.7742,6.7746,0.999888,0.999989,0.6297
UCMerced_LandUse,river,river26.tif,2.0113,53.94,0.9988,6.5092,6.5092,0.999795,0.999992,2.7306
UCMerced_LandUse,river,river27.tif,2.0072,54.73,0.9988,6.5860,6.5864,0.999850,0.999994,1.2446
UCMerced_LandUse,river,river28.tif,2.0001,55.33,0.9990,6.0658,6.0665,0.999760,0.999995,2.0882
UCMerced_LandUse,river,river29.tif,2.0088,53.69,0.9985,6.9071,6.9077,0.999846,0.999991,1.4817
UCMerced_LandUse,river,river30.tif,1.9960,52.95,0.9984,6.7070,6.7075,0.999784,0.999990,2.3607
UCMerced_LandUse,river,river31.tif,2.0037,53.62,0.9986,6.7881,6.7885,0.999837,0.999990,2.0219
UCMerced_LandUse,river,river32.tif,2.0000,53.43,0.9984,7.0216,7.0218,0.999870,0.999990,1.0997
UCMerced_LandUse,river,river33.tif,2.0042,52.65,0.9985,7.1208,7.1212,0.999858,0.999988,1.7023
UCMerced_LandUse,river,river34.tif,2.0030,54.53,0.9990,7.4632,7.4633,0.999958,0.999991,2.3880
UCMerced_LandUse,river,river35.tif,2.0041,53.81,0.9988,7.0697,7.0699,0.999888,0.999986,2.7369
UCMerced_LandUse,river,river36.tif,1.9981,54.30,0.9990,7.1898,7.1899,0.999945,0.999988,3.3662
UCMerced_LandUse,river,river37.tif,1.9997,53.85,0.9989,7.2916,7.2917,0.999927,0.999989,2.0801
UCMerced_LandUse,river,river38.tif,2.0056,53.87,0.9989,7.3470,7.3472,0.999926,0.999990,1.4109
UCMerced_LandUse,river,river39.tif,1.9968,54.16,0.9989,7.1796,7.1796,0.999929,0.999988,3.9940
UCMerced_LandUse,river,river40.tif,2.0034,54.50,0.9991,7.3755,7.3756,0.999934,0.999993,1.2483
UCMerced_LandUse,river,river41.tif,2.0028,55.02,0.9991,7.2937,7.2940,0.999942,0.999993,1.1922
UCMerced_LandUse,river,river42.tif,1.9911,54.60,0.9990,7.2078,7.2079,0.999924,0.999992,2.2251
UCMerced_LandUse,river,river43.tif,2.0007,54.49,0.9990,7.2944,7.2945,0.999939,0.999989,1.0964
UCMerced_LandUse,river,river44.tif,1.9871,53.89,0.9988,7.1733,7.1732,0.999911,0.999987,2.2110
UCMerced_LandUse,river,river45.tif,1.9927,54.09,0.9988,7.0861,7.0862,0.999894,0.999989,0.7758
UCMerced_LandUse,river,river46.tif,2.0069,53.87,0.9989,7.2970,7.2971,0.999915,0.999991,1.3431
UCMerced_LandUse,river,river47.tif,2.0069,56.66,0.9993,7.0412,7.0412,0.999945,0.999996,0.5789
UCMerced_LandUse,river,river48.tif,1.9912,57.30,0.9994,7.3751,7.3752,0.999971,0.999997,0.8928
UCMerced_LandUse,river,river49.tif,2.0006,55.40,0.9991,7.1724,7.1727,0.999936,0.999994,1.7765
UCMerced_LandUse,river,river50.tif,2.0100,56.91,0.9993,7.2902,7.2903,0.999960,0.999995,1.6631
UCMerced_LandUse,river,river51.tif,2.0034,56.18,0.9993,7.2436,7.2436,0.999954,0.999995,0.9123
UCMerced_LandUse,river,river52.tif,2.0064,56.63,0.9993,7.0748,7.0750,0.999944,0.999996,2.6540
UCMerced_LandUse,river,river53.tif,1.9968,52.21,0.9989,7.0827,7.0830,0.999869,0.999969,3.8294
UCMerced_LandUse,river,river54.tif,1.9969,52.02,0.9989,7.1056,7.1058,0.999847,0.999962,2.0813
UCMerced_LandUse,river,river55.tif,1.9996,53.19,0.9990,6.7448,6.7457,0.999885,0.999966,0.6571
UCMerced_LandUse,river,river56.tif,2.0002,52.99,0.9991,7.1934,7.1941,0.999928,0.999979,0.9978
UCMerced_LandUse,river,river57.tif,2.0088,53.57,0.9993,6.8942,6.8943,0.999944,0.999980,2.9359
UCMerced_LandUse,river,river58.tif,1.9945,53.79,0.9992,6.9121,6.9125,0.999918,0.999978,0.7229
UCMerced_LandUse,river,river59.tif,1.9983,53.09,0.9992,6.9118,6.9118,0.999903,0.999979,1.7801
UCMerced_LandUse,river,river60.tif,1.9933,53.05,0.9991,6.9648,6.9655,0.999909,0.999979,1.8512
UCMerced_LandUse,river,river61.tif,1.9935,53.33,0.9990,6.9835,6.9845,0.999916,0.999978,0.5259
UCMerced_LandUse,river,river62.tif,2.0046,53.01,0.9992,7.1560,7.1563,0.999925,0.999974,1.0585
UCMerced_LandUse,river,river63.tif,2.0091,54.61,0.9993,6.7575,6.7585,0.999961,0.999989,1.0869
UCMerced_LandUse,river,river64.tif,2.0047,53.99,0.9995,6.4029,6.4031,0.999930,0.999984,1.4841
UCMerced_LandUse,river,river65.tif,1.9991,54.16,0.9994,6.3981,6.3984,0.999921,0.999982,0.1799
UCMerced_LandUse,river,river66.tif,2.0065,52.58,0.9991,7.0969,7.0971,0.999868,0.999983,0.0228
UCMerced_LandUse,river,river67.tif,2.0060,53.02,0.9992,7.1109,7.1111,0.999912,0.999986,3.8282
UCMerced_LandUse,river,river68.tif,1.9780,60.18,0.9996,6.4048,6.4050,0.999962,0.999998,3.0026
UCMerced_LandUse,river,river69.tif,1.9766,56.78,0.9992,6.5118,6.5121,0.999919,0.999995,2.2247
UCMerced_LandUse,river,river70.tif,1.9958,56.19,0.9992,6.5650,6.5656,0.999916,0.999995,1.7495
UCMerced_LandUse,river,river71.tif,2.0013,57.54,0.9993,6.6522,6.6525,0.999944,0.999997,1.0794
UCMerced_LandUse,river,river72.tif,1.9925,59.96,0.9996,5.8637,5.8640,0.999924,0.999997,1.9069
UCMerced_LandUse,river,river73.tif,2.0169,57.12,0.9993,6.4779,6.4782,0.999920,0.999995,1.0277
UCMerced_LandUse,river,river74.tif,1.9946,63.04,0.9998,5.5072,5.5074,0.999951,0.999999,0.7608
UCMerced_LandUse,river,river75.tif,1.9896,61.81,0.9998,5.7779,5.7783,0.999927,0.999998,0.5564
UCMerced_LandUse,river,river76.tif,2.0039,61.56,0.9998,5.6428,5.6431,0.999892,0.999998,1.2924
UCMerced_LandUse,river,river77.tif,1.9960,54.48,0.9989,6.9019,6.9020,0.999933,0.999988,1.7203
UCMerced_LandUse,river,river78.tif,2.0090,54.36,0.9989,6.9846,6.9846,0.999943,0.999988,3.1128
UCMerced_LandUse,river,river79.tif,2.0106,54.82,0.9989,7.1170,7.1173,0.999952,0.999993,2.0914
UCMerced_LandUse,river,river80.tif,1.9964,55.24,0.9990,6.9670,6.9677,0.999949,0.999993,1.8161
UCMerced_LandUse,river,river81.tif,1.9995,54.76,0.9989,7.0679,7.0682,0.999939,0.999992,2.7348
UCMerced_LandUse,river,river82.tif,2.0097,55.84,0.9992,6.9936,6.9939,0.999958,0.999996,1.9638
UCMerced_LandUse,river,river83.tif,2.0061,56.79,0.9993,6.2365,6.2369,0.999880,0.999995,0.3124
UCMerced_LandUse,river,river84.tif,2.0115,59.76,0.9997,4.4458,4.4456,0.999787,0.999990,0.3801
UCMerced_LandUse,river,river85.tif,1.9981,59.37,0.9997,4.5819,4.5820,0.999779,0.999989,0.5626
UCMerced_LandUse,river,river86.tif,1.9956,55.46,0.9991,6.3337,6.3340,0.999811,0.999981,2.4283
UCMerced_LandUse,river,river87.tif,1.9956,56.06,0.9992,6.3500,6.3503,0.999836,0.999982,1.7708
UCMerced_LandUse,river,river88.tif,1.9989,55.85,0.9991,5.9232,5.9236,0.999811,0.999978,0.0760
UCMerced_LandUse,river,river89.tif,1.9988,56.04,0.9991,5.7137,5.7140,0.999840,0.999978,1.8488
UCMerced_LandUse,river,river90.tif,1.9950,55.83,0.9991,6.1316,6.1321,0.999829,0.999979,0.6068
UCMerced_LandUse,river,river91.tif,1.9976,56.00,0.9992,5.6631,5.6634,0.999716,0.999982,1.3437
UCMerced_LandUse,river,river92.tif,1.9941,56.32,0.9993,5.5064,5.5068,0.999750,0.999983,0.7720
UCMerced_LandUse,river,river93.tif,1.9841,55.23,0.9992,6.3180,6.3182,0.999815,0.999985,2.1502
UCMerced_LandUse,river,river94.tif,1.9995,53.72,0.9990,6.5186,6.5191,0.999772,0.999982,0.4537
UCMerced_LandUse,river,river95.tif,1.9980,55.94,0.9992,5.6371,5.6374,0.999633,0.999984,2.4663
UCMerced_LandUse,river,river96.tif,1.9951,56.57,0.9995,5.6454,5.6452,0.999913,0.999986,1.4248
UCMerced_LandUse,river,river97.tif,1.9982,57.34,0.9995,5.3158,5.3159,0.999934,0.999988,0.1410
UCMerced_LandUse,river,river98.tif,1.9900,58.13,0.9996,4.8818,4.8819,0.999797,0.999988,1.4828
UCMerced_LandUse,river,river99.tif,2.0169,58.48,0.9996,5.0402,5.0404,0.999830,0.999989,0.1286
UCMerced_LandUse,runway,runway00.tif,2.0042,57.61,0.9994,6.8406,6.8409,0.999958,0.999994,2.1981
UCMerced_LandUse,runway,runway01.tif,2.0101,54.89,0.9994,6.9330,6.9334,0.999941,0.999996,0.9098
UCMerced_LandUse,runway,runway02.tif,2.0052,58.30,0.9996,6.5293,6.5295,0.999958,0.999997,1.2469
UCMerced_LandUse,runway,runway03.tif,2.0089,58.90,0.9996,6.3645,6.3648,0.999938,0.999997,2.6924
UCMerced_LandUse,runway,runway04.tif,2.0004,57.71,0.9995,6.8085,6.8087,0.999975,0.999997,2.7825
UCMerced_LandUse,runway,runway05.tif,2.0131,58.81,0.9996,6.5991,6.5993,0.999946,0.999995,1.9576
UCMerced_LandUse,runway,runway06.tif,1.9884,57.46,0.9995,6.9061,6.9064,0.999958,0.999994,1.7886
UCMerced_LandUse,runway,runway07.tif,1.9826,58.62,0.9996,6.5632,6.5634,0.999951,0.999995,1.6531
UCMerced_LandUse,runway,runway08.tif,2.0035,58.23,0.9995,6.6684,6.6686,0.999950,0.999994,1.7734
UCMerced_LandUse,runway,runway09.tif,1.9972,58.08,0.9995,6.7564,6.7567,0.999951,0.999994,0.2088
UCMerced_LandUse,runway,runway10.tif,1.9967,57.86,0.9995,6.6967,6.6970,0.999945,0.999994,0.8503
UCMerced_LandUse,runway,runway11.tif,1.9997,58.94,0.9996,6.8977,6.8978,0.999964,0.999995,1.8843
UCMerced_LandUse,runway,runway12.tif,1.9927,59.53,0.9997,6.7350,6.7351,0.999966,0.999995,1.5609
UCMerced_LandUse,runway,runway13.tif,1.9915,59.39,0.9997,6.6667,6.6669,0.999967,0.999995,0.3997
UCMerced_LandUse,runway,runway14.tif,2.0042,58.72,0.9997,6.7668,6.7669,0.999972,0.999995,1.5472
UCMerced_LandUse,runway,runway15.tif,1.9884,59.94,0.9997,6.5510,6.5512,0.999971,0.999996,0.9965
UCMerced_LandUse,runway,runway16.tif,2.0004,58.65,0.9996,7.0198,7.0200,0.999984,0.999996,0.8528
UCMerced_LandUse,runway,runway17.tif,1.9974,58.85,0.9996,6.8068,6.8070,0.999966,0.999995,0.6174
UCMerced_LandUse,runway,runway18.tif,2.0000,55.33,0.9993,7.2266,7.2269,0.999953,0.999994,0.1611
UCMerced_LandUse,runway,runway19.tif,1.9981,59.09,0.9997,6.6447,6.6449,0.999953,0.999996,2.3517
UCMerced_LandUse,runway,runway20.tif,2.0046,57.36,0.9996,6.5955,6.5963,0.999954,0.999999,1.7463
UCMerced_LandUse,runway,runway21.tif,2.0066,57.45,0.9995,6.7321,6.7326,0.999967,0.999998,1.5192
UCMerced_LandUse,runway,runway22.tif,1.9931,56.90,0.9997,6.8057,6.8075,0.999981,0.999997,2.2042
UCMerced_LandUse,runway,runway23.tif,1.9916,58.06,0.9997,6.8272,6.8283,0.999989,0.999997,1.4883
UCMerced_LandUse,runway,runway24.tif,1.9983,59.45,0.9997,6.0807,6.0812,0.999977,0.999996,0.0216
UCMerced_LandUse,runway,runway25.tif,2.0124,57.90,0.9996,6.9620,6.9624,0.999976,0.999997,1.7086
UCMerced_LandUse,runway,runway26.tif,1.9993,58.49,0.9997,6.7242,6.7248,0.999970,0.999998,1.1002
UCMerced_LandUse,runway,runway27.tif,2.0076,57.13,0.9995,6.7547,6.7555,0.999958,0.999998,0.1321
UCMerced_LandUse,runway,runway28.tif,1.9995,58.11,0.9996,6.9737,6.9743,0.999983,0.999998,1.5221
UCMerced_LandUse,runway,runway29.tif,1.9819,59.02,0.9996,6.7400,6.7403,0.999976,0.999998,1.0542
UCMerced_LandUse,runway,runway30.tif,2.0118,59.57,0.9998,5.9917,5.9923,0.999975,0.999996,0.4373
UCMerced_LandUse,runway,runway31.tif,1.9987,58.94,0.9997,6.3884,6.3886,0.999979,0.999995,0.0610
UCMerced_LandUse,runway,runway32.tif,2.0077,59.02,0.9997,6.4083,6.4093,0.999981,0.999995,0.6230
UCMerced_LandUse,runway,runway33.tif,1.9852,57.76,0.9995,6.7209,6.7218,0.999965,0.999998,0.2900
UCMerced_LandUse,runway,runway34.tif,2.0027,57.28,0.9995,6.8243,6.8250,0.999965,0.999997,1.2714
UCMerced_LandUse,runway,runway35.tif,1.9934,56.42,0.9993,6.9822,6.9829,0.999960,0.999996,2.3037
UCMerced_LandUse,runway,runway36.tif,1.9964,58.11,0.9996,6.7315,6.7321,0.999954,0.999998,0.8257
UCMerced_LandUse,runway,runway37.tif,1.9964,57.94,0.9997,6.4638,6.4646,0.999980,0.999994,0.5678
UCMerced_LandUse,runway,runway38.tif,1.9935,58.88,0.9996,6.7219,6.7220,0.999956,0.999998,0.2894
UCMerced_LandUse,runway,runway39.tif,2.0144,59.17,0.9996,6.5810,6.5814,0.999958,0.999998,0.0418
UCMerced_LandUse,runway,runway40.tif,1.9975,57.24,0.9995,6.8574,6.8583,0.999970,0.999997,1.3210
UCMerced_LandUse,runway,runway41.tif,1.9974,56.71,0.9995,6.8748,6.8755,0.999976,0.999997,1.4993
UCMerced_LandUse,runway,runway42.tif,2.0104,56.67,0.9995,6.9605,6.9606,0.999958,0.999997,0.1305
UCMerced_LandUse,runway,runway43.tif,2.0060,57.45,0.9996,6.7062,6.7076,0.999964,0.999998,0.9419
UCMerced_LandUse,runway,runway44.tif,1.9966,57.90,0.9997,6.8119,6.8127,0.999974,0.999998,2.1646
UCMerced_LandUse,runway,runway45.tif,2.0058,57.91,0.9995,6.5491,6.5497,0.999951,0.999998,2.2997
UCMerced_LandUse,runway,runway46.tif,1.9918,58.00,0.9996,6.8521,6.8525,0.999967,0.999998,0.1339
UCMerced_LandUse,runway,runway47.tif,2.0137,58.72,0.9996,6.7113,6.7115,0.999971,0.999998,0.0132
UCMerced_LandUse,runway,runway48.tif,2.0020,58.10,0.9996,6.8054,6.8062,0.999978,0.999998,1.9013
UCMerced_LandUse,runway,runway49.tif,1.9899,59.40,0.9997,6.5872,6.5874,0.999966,0.999999,1.2789
UCMerced_LandUse,runway,runway50.tif,2.0071,57.53,0.9997,6.6624,6.6635,0.999984,0.999996,1.6778
UCMerced_LandUse,runway,runway51.tif,2.0060,56.49,0.9992,6.9750,6.9761,0.999979,0.999996,3.2424
UCMerced_LandUse,runway,runway52.tif,2.0031,56.57,0.9993,6.9575,6.9581,0.999979,0.999996,1.2895
UCMerced_LandUse,runway,runway53.tif,1.9849,55.52,0.9990,7.1611,7.1618,0.999958,0.999995,2.9715
UCMerced_LandUse,runway,runway54.tif,2.0046,54.59,0.9994,7.2857,7.2902,0.999967,0.999994,2.3911
UCMerced_LandUse,runway,runway55.tif,2.0010,54.90,0.9994,7.1078,7.1112,0.999977,0.999995,2.5168
UCMerced_LandUse,runway,runway56.tif,2.0061,57.43,0.9995,6.7834,6.7837,0.999984,0.999998,1.1051
UCMerced_LandUse,runway,runway57.tif,1.9875,56.12,0.9992,7.4305,7.4312,0.999974,0.999996,2.3458
UCMerced_LandUse,runway,runway58.tif,1.9977,56.38,0.9992,7.5853,7.5856,0.999977,0.999996,1.8480
UCMerced_LandUse,runway,runway59.tif,1.9866,55.91,0.9992,7.1848,7.1860,0.999978,0.999996,1.5588
UCMerced_LandUse,runway,runway60.tif,1.9908,55.23,0.9993,7.0328,7.0354,0.999953,0.999993,0.8892
UCMerced_LandUse,runway,runway61.tif,2.0116,55.66,0.9993,7.2716,7.2722,0.999965,0.999996,3.3792
UCMerced_LandUse,runway,runway62.tif,1.9991,54.49,0.9990,7.1593,7.1604,0.999963,0.999991,1.3002
UCMerced_LandUse,runway,runway63.tif,2.0061,55.97,0.9991,7.1432,7.1438,0.999958,0.999993,2.8120
UCMerced_LandUse,runway,runway64.tif,1.9896,57.32,0.9994,6.7303,6.7311,0.999951,0.999996,1.1537
UCMerced_LandUse,runway,runway65.tif,2.0134,59.26,0.9996,5.0034,5.0039,0.999813,0.999997,0.3516
UCMerced_LandUse,runway,runway66.tif,2.0050,55.99,0.9992,6.4329,6.4335,0.999874,0.999996,0.9320
UCMerced_LandUse,runway,runway67.tif,2.0022,54.85,0.9991,6.4177,6.4183,0.999834,0.999994,2.3332
UCMerced_LandUse,runway,runway68.tif,2.0095,54.53,0.9990,6.7398,6.7411,0.999906,0.999994,1.5994
UCMerced_LandUse,runway,runway69.tif,1.9942,57.31,0.9994,6.3094,6.3103,0.999925,0.999996,1.8039
UCMerced_LandUse,runway,runway70.tif,2.0062,57.41,0.9995,6.5552,6.5557,0.999955,0.999996,1.1029
UCMerced_LandUse,runway,runway71.tif,1.9995,59.82,0.9996,5.5302,5.5311,0.999882,0.999997,0.9073
UCMerced_LandUse,runway,runway72.tif,1.9965,59.07,0.9996,6.1505,6.1510,0.999972,0.999998,2.8898
UCMerced_LandUse,runway,runway73.tif,2.0095,58.46,0.9994,5.6264,5.6276,0.999836,0.999996,3.3093
UCMerced_LandUse,runway,runway74.tif,2.0062,58.06,0.9996,5.5586,5.5597,0.999914,0.999996,1.8068
UCMerced_LandUse,runway,runway75.tif,2.0069,59.75,0.9996,5.2582,5.2587,0.999831,0.999997,2.7476
UCMerced_LandUse,runway,runway76.tif,2.0012,58.61,0.9996,5.7736,5.7746,0.999958,0.999997,1.6190
UCMerced_LandUse,runway,runway77.tif,2.0081,59.52,0.9996,4.9447,4.9464,0.999814,0.999997,1.1528
UCMerced_LandUse,runway,runway78.tif,1.9854,60.29,0.9997,4.9096,4.9102,0.999806,0.999998,1.6069
UCMerced_LandUse,runway,runway79.tif,2.0030,55.34,0.9992,6.8271,6.8274,0.999912,0.999995,1.0345
UCMerced_LandUse,runway,runway80.tif,2.0029,55.15,0.9991,6.8885,6.8892,0.999932,0.999995,2.0425
UCMerced_LandUse,runway,runway81.tif,1.9989,55.54,0.9991,7.0396,7.0399,0.999956,0.999995,1.9476
UCMerced_LandUse,runway,runway82.tif,1.9994,56.82,0.9993,6.3028,6.3037,0.999940,0.999994,1.1413
UCMerced_LandUse,runway,runway83.tif,2.0136,56.66,0.9993,6.6191,6.6198,0.999940,0.999993,0.1565
UCMerced_LandUse,runway,runway84.tif,1.9986,54.85,0.9991,6.6341,6.6348,0.999903,0.999994,1.1932
UCMerced_LandUse,runway,runway85.tif,2.0013,54.59,0.9990,6.5795,6.5807,0.999885,0.999994,2.0257
UCMerced_LandUse,runway,runway86.tif,1.9957,54.49,0.9990,6.8430,6.8446,0.999915,0.999994,2.6473
UCMerced_LandUse,runway,runway87.tif,2.0043,55.85,0.9992,6.4182,6.4190,0.999889,0.999996,1.6813
UCMerced_LandUse,runway,runway88.tif,1.9954,56.00,0.9992,6.6910,6.6924,0.999951,0.999994,0.6573
UCMerced_LandUse,runway,runway89.tif,1.9996,56.98,0.9994,6.2585,6.2597,0.999947,0.999994,2.2896
UCMerced_LandUse,runway,runway90.tif,1.9989,56.35,0.9992,6.3636,6.3640,0.999913,0.999993,1.2021
UCMerced_LandUse,runway,runway91.tif,2.0056,57.21,0.9993,6.3459,6.3472,0.999920,0.999995,1.7563
UCMerced_LandUse,runway,runway92.tif,1.9894,58.41,0.9996,6.0416,6.0416,0.999971,0.999998,1.5438
UCMerced_LandUse,runway,runway93.tif,2.0042,59.15,0.9997,6.0367,6.0369,0.999944,0.999998,2.3624
UCMerced_LandUse,runway,runway94.tif,1.9868,59.29,0.9997,6.1275,6.1278,0.999928,0.999998,1.8769
UCMerced_LandUse,runway,runway95.tif,2.0055,59.13,0.9997,6.3187,6.3191,0.999952,0.999998,1.0945
UCMerced_LandUse,runway,runway96.tif,2.0023,60.05,0.9997,6.1703,6.1709,0.999950,0.999998,2.6661
UCMerced_LandUse,runway,runway97.tif,1.9977,58.98,0.9996,6.3285,6.3287,0.999938,0.999998,0.5245
UCMerced_LandUse,runway,runway98.tif,2.0084,59.37,0.9997,6.4844,6.4848,0.999944,0.999998,0.9189
UCMerced_LandUse,runway,runway99.tif,1.9883,57.81,0.9995,6.7051,6.7054,0.999952,0.999997,2.9404
UCMerced_LandUse,sparseresidential,sparseresidential00.tif,1.9974,54.27,0.9990,7.2430,7.2434,0.999944,0.999994,2.0118
UCMerced_LandUse,sparseresidential,sparseresidential01.tif,2.0001,54.62,0.9990,7.0663,7.0665,0.999900,0.999994,2.5056
UCMerced_LandUse,sparseresidential,sparseresidential02.tif,2.0025,54.47,0.9987,6.6269,6.6274,0.999825,0.999993,2.1885
UCMerced_LandUse,sparseresidential,sparseresidential03.tif,2.0046,54.54,0.9988,6.7673,6.7675,0.999846,0.999994,2.8543
UCMerced_LandUse,sparseresidential,sparseresidential04.tif,2.0024,53.97,0.9988,7.2681,7.2683,0.999916,0.999994,2.7167
UCMerced_LandUse,sparseresidential,sparseresidential05.tif,2.0060,54.09,0.9988,7.0812,7.0814,0.999891,0.999993,3.0034
UCMerced_LandUse,sparseresidential,sparseresidential06.tif,1.9943,52.79,0.9985,7.1116,7.1119,0.999865,0.999990,2.4573
UCMerced_LandUse,sparseresidential,sparseresidential07.tif,1.9999,52.72,0.9986,7.2232,7.2236,0.999883,0.999991,2.6721
UCMerced_LandUse,sparseresidential,sparseresidential08.tif,2.0076,53.72,0.9989,7.2355,7.2357,0.999913,0.999994,1.0849
UCMerced_LandUse,sparseresidential,sparseresidential09.tif,2.0047,52.78,0.9987,7.1847,7.1848,0.999868,0.999990,2.6247
UCMerced_LandUse,sparseresidential,sparseresidential10.tif,1.9898,53.74,0.9988,7.1583,7.1585,0.999891,0.999993,3.4065
UCMerced_LandUse,sparseresidential,sparseresidential11.tif,1.9906,52.99,0.9988,7.5114,7.5119,0.999928,0.999993,0.3587
UCMerced_LandUse,sparseresidential,sparseresidential12.tif,1.9974,53.69,0.9990,7.2961,7.2962,0.999923,0.999995,2.3001
UCMerced_LandUse,sparseresidential,sparseresidential13.tif,1.9889,54.12,0.9991,7.2892,7.2898,0.999950,0.999995,0.4165
UCMerced_LandUse,sparseresidential,sparseresidential14.tif,1.9959,53.80,0.9990,7.3854,7.3859,0.999953,0.999994,2.3375
UCMerced_LandUse,sparseresidential,sparseresidential15.tif,2.0024,53.92,0.9990,7.0300,7.0305,0.999890,0.999995,1.5930
UCMerced_LandUse,sparseresidential,sparseresidential16.tif,2.0007,54.05,0.9988,6.8228,6.8230,0.999877,0.999992,3.4906
UCMerced_LandUse,sparseresidential,sparseresidential17.tif,1.9988,53.82,0.9986,6.7688,6.7691,0.999826,0.999993,1.8541
UCMerced_LandUse,sparseresidential,sparseresidential18.tif,1.9996,54.08,0.9987,6.7570,6.7573,0.999862,0.999991,2.4207
UCMerced_LandUse,sparseresidential,sparseresidential19.tif,1.9964,53.09,0.9985,6.7970,6.7973,0.999805,0.999990,3.6782
UCMerced_LandUse,sparseresidential,sparseresidential20.tif,1.9940,53.18,0.9984,6.6938,6.6941,0.999775,0.999990,2.3467
UCMerced_LandUse,sparseresidential,sparseresidential21.tif,2.0055,53.35,0.9984,6.8767,6.8769,0.999829,0.999990,1.5746
UCMerced_LandUse,sparseresidential,sparseresidential22.tif,2.0062,52.89,0.9985,7.1103,7.1106,0.999858,0.999990,1.8957
UCMerced_LandUse,sparseresidential,sparseresidential23.tif,1.9977,53.41,0.9986,6.9030,6.9033,0.999842,0.999991,2.1495
UCMerced_LandUse,sparseresidential,sparseresidential24.tif,2.0076,53.18,0.9986,6.8109,6.8113,0.999819,0.999992,2.7992
UCMerced_LandUse,sparseresidential,sparseresidential25.tif,1.9913,54.19,0.9988,7.0114,7.0118,0.999899,0.999994,3.5976
UCMerced_LandUse,sparseresidential,sparseresidential26.tif,2.0011,53.09,0.9984,6.9474,6.9476,0.999834,0.999985,0.8542
UCMerced_LandUse,sparseresidential,sparseresidential27.tif,2.0019,52.66,0.9983,6.9207,6.9211,0.999804,0.999983,2.4192
UCMerced_LandUse,sparseresidential,sparseresidential28.tif,2.0110,54.14,0.9987,6.7679,6.7682,0.999853,0.999992,2.3433
UCMerced_LandUse,sparseresidential,sparseresidential29.tif,2.0061,52.79,0.9984,6.7261,6.7263,0.999758,0.999989,1.6197
UCMerced_LandUse,sparseresidential,sparseresidential30.tif,2.0014,52.83,0.9984,6.8689,6.8693,0.999802,0.999988,2.1168
UCMerced_LandUse,sparseresidential,sparseresidential31.tif,1.9989,52.82,0.9985,7.1614,7.1616,0.999868,0.999992,1.1429
UCMerced_LandUse,sparseresidential,sparseresidential32.tif,2.0024,53.17,0.9985,7.1552,7.1554,0.999878,0.999990,1.3296
UCMerced_LandUse,sparseresidential,sparseresidential33.tif,1.9998,53.72,0.9985,6.9093,6.9095,0.999844,0.999992,2.4061
UCMerced_LandUse,sparseresidential,sparseresidential34.tif,1.9982,53.56,0.9986,7.0295,7.0299,0.999877,0.999992,2.3730
UCMerced_LandUse,sparseresidential,sparseresidential35.tif,2.0069,53.91,0.9987,7.1431,7.1433,0.999906,0.999991,2.2831
UCMerced_LandUse,sparseresidential,sparseresidential36.tif,1.9981,53.09,0.9985,7.2846,7.2848,0.999900,0.999993,1.5356
UCMerced_LandUse,sparseresidential,sparseresidential37.tif,1.9966,52.21,0.9986,7.2259,7.2260,0.999864,0.999988,1.1189
UCMerced_LandUse,sparseresidential,sparseresidential38.tif,2.0064,53.15,0.9984,7.0158,7.0160,0.999854,0.999991,1.7897
UCMerced_LandUse,sparseresidential,sparseresidential39.tif,2.0031,52.84,0.9984,6.9907,6.9910,0.999832,0.999990,1.7071
UCMerced_LandUse,sparseresidential,sparseresidential40.tif,1.9992,53.09,0.9984,6.7399,6.7402,0.999792,0.999990,3.2929
UCMerced_LandUse,sparseresidential,sparseresidential41.tif,1.9968,53.46,0.9985,7.0319,7.0323,0.999872,0.999991,2.1574
UCMerced_LandUse,sparseresidential,sparseresidential42.tif,1.9949,53.83,0.9986,6.9907,6.9909,0.999875,0.999993,2.9522
UCMerced_LandUse,sparseresidential,sparseresidential43.tif,2.0017,54.53,0.9987,6.7735,6.7740,0.999896,0.999995,1.3063
UCMerced_LandUse,sparseresidential,sparseresidential44.tif,2.0012,59.28,0.9997,6.6895,6.6894,0.999981,0.999997,0.5146
UCMerced_LandUse,sparseresidential,sparseresidential45.tif,2.0193,61.15,0.9998,6.0302,6.0301,0.999976,0.999998,1.1107
UCMerced_LandUse,sparseresidential,sparseresidential46.tif,2.0309,59.95,0.9997,6.4266,6.4267,0.999956,0.999997,1.7286
UCMerced_LandUse,sparseresidential,sparseresidential47.tif,1.9868,61.13,0.9998,6.5232,6.5232,0.999968,0.999998,0.8812
UCMerced_LandUse,sparseresidential,sparseresidential48.tif,1.9989,60.34,0.9997,6.5270,6.5270,0.999960,0.999998,0.5334
UCMerced_LandUse,sparseresidential,sparseresidential49.tif,2.0065,58.82,0.9996,6.8268,6.8271,0.999958,0.999998,1.1298
UCMerced_LandUse,sparseresidential,sparseresidential50.tif,1.9898,61.81,0.9998,6.5471,6.5471,0.999965,0.999998,1.6042
UCMerced_LandUse,sparseresidential,sparseresidential51.tif,1.9863,59.07,0.9996,6.7175,6.7175,0.999970,0.999997,1.9673
UCMerced_LandUse,sparseresidential,sparseresidential52.tif,2.0038,60.35,0.9997,6.8101,6.8101,0.999964,0.999998,0.9408
UCMerced_LandUse,sparseresidential,sparseresidential53.tif,1.9948,59.04,0.9996,6.9498,6.9499,0.999960,0.999998,0.2812
UCMerced_LandUse,sparseresidential,sparseresidential54.tif,1.9874,59.62,0.9997,6.8281,6.8283,0.999965,0.999998,1.7232
UCMerced_LandUse,sparseresidential,sparseresidential55.tif,2.0168,60.01,0.9997,6.8110,6.8110,0.999961,0.999998,2.0246
UCMerced_LandUse,sparseresidential,sparseresidential56.tif,2.0005,57.90,0.9994,6.6497,6.6499,0.999936,0.999996,2.8978
UCMerced_LandUse,sparseresidential,sparseresidential57.tif,1.9942,58.35,0.9995,6.5672,6.5673,0.999941,0.999997,1.9519
UCMerced_LandUse,sparseresidential,sparseresidential58.tif,1.9887,60.65,0.9997,6.6246,6.6247,0.999969,0.999998,1.0812
UCMerced_LandUse,sparseresidential,sparseresidential59.tif,1.9827,61.07,0.9998,6.6250,6.6251,0.999982,0.999998,1.0916
UCMerced_LandUse,sparseresidential,sparseresidential60.tif,1.9860,61.95,0.9998,6.3514,6.3514,0.999963,0.999999,0.7961
UCMerced_LandUse,sparseresidential,sparseresidential61.tif,1.9915,52.88,0.9988,7.3318,7.3320,0.999910,0.999986,1.9005
UCMerced_LandUse,sparseresidential,sparseresidential62.tif,1.9973,54.54,0.9990,7.3224,7.3225,0.999940,0.999992,0.6166
UCMerced_LandUse,sparseresidential,sparseresidential63.tif,2.0026,54.01,0.9989,7.1961,7.1963,0.999920,0.999986,1.1756
UCMerced_LandUse,sparseresidential,sparseresidential64.tif,1.9927,53.75,0.9989,7.4102,7.4104,0.999937,0.999990,2.6135
UCMerced_LandUse,sparseresidential,sparseresidential65.tif,2.0078,54.23,0.9991,7.5338,7.5338,0.999953,0.999992,2.2900
UCMerced_LandUse,sparseresidential,sparseresidential66.tif,2.0023,53.89,0.9989,7.3263,7.3266,0.999929,0.999990,1.2199
UCMerced_LandUse,sparseresidential,sparseresidential67.tif,2.0041,54.03,0.9991,7.5319,7.5321,0.999962,0.999992,1.6640
UCMerced_LandUse,sparseresidential,sparseresidential68.tif,2.0059,53.65,0.9989,7.4003,7.4003,0.999928,0.999990,0.9517
UCMerced_LandUse,sparseresidential,sparseresidential69.tif,1.9991,54.08,0.9989,7.1483,7.1485,0.999912,0.999987,2.3258
UCMerced_LandUse,sparseresidential,sparseresidential70.tif,2.0033,54.69,0.9991,7.5583,7.5585,0.999972,0.999993,1.2017
UCMerced_LandUse,sparseresidential,sparseresidential71.tif,1.9963,53.80,0.9990,7.5114,7.5114,0.999960,0.999990,2.4981
UCMerced_LandUse,sparseresidential,sparseresidential72.tif,2.0032,54.49,0.9992,7.5623,7.5625,0.999965,0.999993,1.0924
UCMerced_LandUse,sparseresidential,sparseresidential73.tif,1.9989,57.19,0.9994,6.7976,6.7976,0.999928,0.999990,1.2365
UCMerced_LandUse,sparseresidential,sparseresidential74.tif,1.9919,56.94,0.9993,6.6440,6.6443,0.999924,0.999989,1.9484
UCMerced_LandUse,sparseresidential,sparseresidential75.tif,1.9908,59.49,0.9996,6.4614,6.4616,0.999935,0.999993,0.0289
UCMerced_LandUse,sparseresidential,sparseresidential76.tif,2.0103,58.33,0.9996,6.8014,6.8016,0.999970,0.999994,0.9864
UCMerced_LandUse,sparseresidential,sparseresidential77.tif,2.0291,60.57,0.9997,6.6073,6.6073,0.999965,0.999996,0.4664
UCMerced_LandUse,sparseresidential,sparseresidential78.tif,1.9918,55.15,0.9990,7.0870,7.0870,0.999939,0.999982,1.8364
UCMerced_LandUse,sparseresidential,sparseresidential79.tif,1.9995,53.74,0.9990,7.4826,7.4828,0.999943,0.999995,0.1340
UCMerced_LandUse,sparseresidential,sparseresidential80.tif,2.0044,54.60,0.9991,7.4351,7.4354,0.999941,0.999994,1.5673
UCMerced_LandUse,sparseresidential,sparseresidential81.tif,1.9972,56.05,0.9994,7.0998,7.0999,0.999955,0.999997,2.3326
UCMerced_LandUse,sparseresidential,sparseresidential82.tif,1.9924,56.69,0.9993,6.4941,6.4945,0.999906,0.999997,2.2236
UCMerced_LandUse,sparseresidential,sparseresidential83.tif,1.9882,56.67,0.9995,7.0148,7.0149,0.999946,0.999997,0.2349
UCMerced_LandUse,sparseresidential,sparseresidential84.tif,2.0115,55.85,0.9993,6.7801,6.7804,0.999920,0.999997,3.2155
UCMerced_LandUse,sparseresidential,sparseresidential85.tif,1.9940,53.46,0.9987,7.2803,7.2812,0.999932,0.999993,2.7591
UCMerced_LandUse,sparseresidential,sparseresidential86.tif,2.0064,52.78,0.9988,7.3403,7.3405,0.999897,0.999991,1.9579
UCMerced_LandUse,sparseresidential,sparseresidential87.tif,1.9958,52.98,0.9989,7.2862,7.2872,0.999927,0.999990,2.6977
UCMerced_LandUse,sparseresidential,sparseresidential88.tif,2.0022,53.43,0.9988,7.0150,7.0157,0.999921,0.999992,1.9440
UCMerced_LandUse,sparseresidential,sparseresidential89.tif,2.0061,53.06,0.9989,7.1502,7.1507,0.999913,0.999992,1.2577
UCMerced_LandUse,sparseresidential,sparseresidential90.tif,2.0048,53.20,0.9989,7.2101,7.2108,0.999922,0.999991,1.1973
UCMerced_LandUse,sparseresidential,sparseresidential91.tif,1.9978,52.95,0.9989,7.1206,7.1212,0.999913,0.999990,1.2524
UCMerced_LandUse,sparseresidential,sparseresidential92.tif,2.0040,54.29,0.9990,7.4312,7.4318,0.999951,0.999995,0.9926
UCMerced_LandUse,sparseresidential,sparseresidential93.tif,2.0042,53.46,0.9991,7.1875,7.1880,0.999910,0.999993,1.2308
UCMerced_LandUse,sparseresidential,sparseresidential94.tif,1.9992,53.28,0.9989,7.0297,7.0300,0.999875,0.999992,0.5513
UCMerced_LandUse,sparseresidential,sparseresidential95.tif,2.0042,54.85,0.9991,7.5289,7.5290,0.999953,0.999993,0.8808
UCMerced_LandUse,sparseresidential,sparseresidential96.tif,2.0054,55.84,0.9993,7.2971,7.2972,0.999953,0.999994,0.8489
UCMerced_LandUse,sparseresidential,sparseresidential97.tif,2.0005,52.82,0.9987,6.6268,6.6271,0.999739,0.999965,2.5357
UCMerced_LandUse,sparseresidential,sparseresidential98.tif,1.9974,56.95,0.9993,6.0136,6.0141,0.999829,0.999991,2.0114
UCMerced_LandUse,sparseresidential,sparseresidential99.tif,1.9918,57.48,0.9995,5.8034,5.8035,0.999867,0.999991,0.3380
UCMerced_LandUse,storagetanks,storagetanks00.tif,2.0061,55.75,0.9993,6.7619,6.7624,0.999913,0.999995,0.9115
UCMerced_LandUse,storagetanks,storagetanks01.tif,1.9928,57.49,0.9996,6.5026,6.5031,0.999975,0.999998,0.0516
UCMerced_LandUse,storagetanks,storagetanks02.tif,1.9965,57.67,0.9996,6.4942,6.4947,0.999968,0.999998,0.8084
UCMerced_LandUse,storagetanks,storagetanks03.tif,1.9925,54.72,0.9994,7.5210,7.5217,0.999972,0.999995,2.8038
UCMerced_LandUse,storagetanks,storagetanks04.tif,2.0019,55.05,0.9995,7.2807,7.2816,0.999975,0.999997,1.4075
UCMerced_LandUse,storagetanks,storagetanks05.tif,2.0114,53.51,0.9994,7.6422,7.6446,0.999965,0.999993,0.1451
UCMerced_LandUse,storagetanks,storagetanks06.tif,2.0059,53.86,0.9992,7.4620,7.4620,0.999956,0.999994,2.0855
UCMerced_LandUse,storagetanks,storagetanks07.tif,2.0053,54.21,0.9993,7.4750,7.4755,0.999963,0.999995,3.7649
UCMerced_LandUse,storagetanks,storagetanks08.tif,1.9955,56.40,0.9995,7.4400,7.4403,0.999976,0.999997,1.2703
UCMerced_LandUse,storagetanks,storagetanks09.tif,2.0017,56.50,0.9995,7.2329,7.2332,0.999980,0.999998,1.9858
UCMerced_LandUse,storagetanks,storagetanks10.tif,2.0026,56.03,0.9994,7.2821,7.2823,0.999975,0.999997,2.7688
UCMerced_LandUse,storagetanks,storagetanks11.tif,1.9967,56.40,0.9994,7.2939,7.2941,0.999978,0.999997,0.1519
UCMerced_LandUse,storagetanks,storagetanks12.tif,2.0072,57.17,0.9995,7.1445,7.1440,0.999983,0.999998,0.2433
UCMerced_LandUse,storagetanks,storagetanks13.tif,2.0084,57.44,0.9995,7.4226,7.4228,0.999982,0.999998,1.7340
UCMerced_LandUse,storagetanks,storagetanks14.tif,2.0042,56.72,0.9995,7.3141,7.3137,0.999980,0.999996,2.0638
UCMerced_LandUse,storagetanks,storagetanks15.tif,1.9906,55.94,0.9994,7.4032,7.4033,0.999971,0.999996,2.5425
UCMerced_LandUse,storagetanks,storagetanks16.tif,2.0111,55.18,0.9992,7.4503,7.4504,0.999963,0.999996,2.3690
UCMerced_LandUse,storagetanks,storagetanks17.tif,2.0021,56.58,0.9995,7.1024,7.1024,0.999960,0.999995,1.6324
UCMerced_LandUse,storagetanks,storagetanks18.tif,2.0114,55.01,0.9993,7.5610,7.5612,0.999963,0.999995,2.9724
UCMerced_LandUse,storagetanks,storagetanks19.tif,2.0070,55.49,0.9994,7.5058,7.5059,0.999962,0.999996,1.6679
UCMerced_LandUse,storagetanks,storagetanks20.tif,2.0073,55.63,0.9993,7.1626,7.1632,0.999971,0.999997,0.4538
UCMerced_LandUse,storagetanks,storagetanks21.tif,1.9937,53.23,0.9987,7.3444,7.3448,0.999950,0.999990,1.8650
UCMerced_LandUse,storagetanks,storagetanks22.tif,1.9938,54.19,0.9990,7.2416,7.2417,0.999949,0.999992,3.4074
UCMerced_LandUse,storagetanks,storagetanks23.tif,2.0008,55.49,0.9992,6.9322,6.9325,0.999925,0.999995,3.2372
UCMerced_LandUse,storagetanks,storagetanks24.tif,2.0106,56.12,0.9993,7.2019,7.2021,0.999984,0.999997,2.1704
UCMerced_LandUse,storagetanks,storagetanks25.tif,2.0091,56.44,0.9994,7.3007,7.3009,0.999976,0.999995,1.3931
UCMerced_LandUse,storagetanks,storagetanks26.tif,2.0010,57.11,0.9996,7.4373,7.4376,0.999977,0.999995,3.6739
UCMerced_LandUse,storagetanks,storagetanks27.tif,1.9991,54.09,0.9994,7.4564,7.4622,0.999970,0.999993,3.8154
UCMerced_LandUse,storagetanks,storagetanks28.tif,2.0060,55.88,0.9994,6.8360,6.8388,0.999964,0.999995,0.4908
UCMerced_LandUse,storagetanks,storagetanks29.tif,2.0037,54.30,0.9992,7.2780,7.2794,0.999930,0.999993,0.0874
UCMerced_LandUse,storagetanks,storagetanks30.tif,1.9904,54.30,0.9993,7.1012,7.1036,0.999929,0.999991,0.5879
UCMerced_LandUse,storagetanks,storagetanks31.tif,2.0034,54.07,0.9994,7.3599,7.3621,0.999953,0.999992,0.1471
UCMerced_LandUse,storagetanks,storagetanks32.tif,1.9968,54.39,0.9994,7.5027,7.5057,0.999966,0.999994,1.0795
UCMerced_LandUse,storagetanks,storagetanks33.tif,2.0027,55.52,0.9994,7.0817,7.0836,0.999960,0.999994,0.3384
UCMerced_LandUse,storagetanks,storagetanks34.tif,2.0070,55.24,0.9993,6.8462,6.8473,0.999937,0.999992,0.2879
UCMerced_LandUse,storagetanks,storagetanks35.tif,2.0038,55.56,0.9994,6.8869,6.8898,0.999953,0.999993,0.1746
UCMerced_LandUse,storagetanks,storagetanks36.tif,2.0023,54.72,0.9994,7.6228,7.6245,0.999970,0.999995,0.7254
UCMerced_LandUse,storagetanks,storagetanks37.tif,1.9974,55.13,0.9993,7.1822,7.1841,0.999971,0.999995,1.4335
UCMerced_LandUse,storagetanks,storagetanks38.tif,2.0036,55.30,0.9994,7.0176,7.0199,0.999965,0.999994,0.1739
UCMerced_LandUse,storagetanks,storagetanks39.tif,1.9990,55.33,0.9993,7.2129,7.2154,0.999975,0.999995,0.9442
UCMerced_LandUse,storagetanks,storagetanks40.tif,2.0141,55.61,0.9995,7.1753,7.1869,0.999984,0.999997,4.3521
UCMerced_LandUse,storagetanks,storagetanks41.tif,1.9966,54.08,0.9995,7.5032,7.5048,0.999968,0.999995,1.6661
UCMerced_LandUse,storagetanks,storagetanks42.tif,2.0047,54.04,0.9994,7.3367,7.3440,0.999974,0.999991,7.1059
UCMerced_LandUse,storagetanks,storagetanks43.tif,2.0064,54.58,0.9994,7.3205,7.3240,0.999969,0.999994,0.6159
UCMerced_LandUse,storagetanks,storagetanks44.tif,1.9935,55.23,0.9993,7.0962,7.0966,0.999973,0.999994,1.3936
UCMerced_LandUse,storagetanks,storagetanks45.tif,1.9996,54.65,0.9992,7.3724,7.3730,0.999953,0.999994,1.2827
UCMerced_LandUse,storagetanks,storagetanks46.tif,2.0037,54.12,0.9993,7.5701,7.5734,0.999957,0.999992,2.7648
UCMerced_LandUse,storagetanks,storagetanks47.tif,1.9955,54.74,0.9992,7.1096,7.1111,0.999919,0.999992,0.1295
UCMerced_LandUse,storagetanks,storagetanks48.tif,2.0027,59.13,0.9996,6.4964,6.4967,0.999970,0.999998,1.1984
UCMerced_LandUse,storagetanks,storagetanks49.tif,1.9918,56.22,0.9994,6.9134,6.9136,0.999938,0.999996,1.5708
UCMerced_LandUse,storagetanks,storagetanks50.tif,1.9923,57.62,0.9996,6.9267,6.9271,0.999956,0.999997,0.8914
UCMerced_LandUse,storagetanks,storagetanks51.tif,2.0157,57.90,0.9994,6.6353,6.6355,0.999931,0.999996,2.4599
UCMerced_LandUse,storagetanks,storagetanks52.tif,2.0017,58.72,0.9996,6.4407,6.4409,0.999936,0.999998,0.6214
UCMerced_LandUse,storagetanks,storagetanks53.tif,2.0061,58.74,0.9995,6.3636,6.3638,0.999927,0.999998,0.7953
UCMerced_LandUse,storagetanks,storagetanks54.tif,2.0063,58.11,0.9995,6.7541,6.7545,0.999968,0.999997,1.9040
UCMerced_LandUse,storagetanks,storagetanks55.tif,1.9997,57.87,0.9995,6.8728,6.8729,0.999946,0.999997,0.4374
UCMerced_LandUse,storagetanks,storagetanks56.tif,1.9963,59.90,0.9997,6.6597,6.6599,0.999971,0.999998,1.2422
UCMerced_LandUse,storagetanks,storagetanks57.tif,2.0115,59.79,0.9997,7.0332,7.0333,0.999976,0.999998,1.7188
UCMerced_LandUse,storagetanks,storagetanks58.tif,2.0004,56.97,0.9995,6.9381,6.9382,0.999956,0.999997,1.4315
UCMerced_LandUse,storagetanks,storagetanks59.tif,1.9795,57.69,0.9996,6.6298,6.6301,0.999961,0.999997,2.4900
UCMerced_LandUse,storagetanks,storagetanks60.tif,2.0186,55.86,0.9994,7.2388,7.2388,0.999957,0.999994,1.9780
UCMerced_LandUse,storagetanks,storagetanks61.tif,2.0004,58.72,0.9997,6.6093,6.6111,0.999988,0.999999,1.0176
UCMerced_LandUse,storagetanks,storagetanks62.tif,1.9964,58.78,0.9997,6.7238,6.7250,0.999987,0.999999,1.2976
UCMerced_LandUse,storagetanks,storagetanks63.tif,1.9924,57.81,0.9996,6.8857,6.8863,0.999970,0.999998,0.8219
UCMerced_LandUse,storagetanks,storagetanks64.tif,1.9996,56.80,0.9995,6.9734,6.9734,0.999955,0.999998,1.7070
UCMerced_LandUse,storagetanks,storagetanks65.tif,2.0095,55.89,0.9993,7.6406,7.6406,0.999978,0.999995,0.0573
UCMerced_LandUse,storagetanks,storagetanks66.tif,1.9909,56.56,0.9995,7.3185,7.3186,0.999968,0.999996,1.2109
UCMerced_LandUse,storagetanks,storagetanks67.tif,2.0098,60.06,0.9998,6.5002,6.5037,0.999991,0.999999,0.7787
UCMerced_LandUse,storagetanks,storagetanks68.tif,2.0028,56.39,0.9995,7.0556,7.0596,0.999981,0.999997,0.6317
UCMerced_LandUse,storagetanks,storagetanks69.tif,2.0044,57.21,0.9995,7.1825,7.1855,0.999985,0.999997,0.6723
UCMerced_LandUse,storagetanks,storagetanks70.tif,2.0076,57.85,0.9996,7.1168,7.1194,0.999983,0.999998,1.4409
UCMerced_LandUse,storagetanks,storagetanks71.tif,1.9983,56.02,0.9991,6.6870,6.6872,0.999900,0.999995,1.3509
UCMerced_LandUse,storagetanks,storagetanks72.tif,2.0049,56.31,0.9994,6.8517,6.8521,0.999962,0.999997,0.7867
UCMerced_LandUse,storagetanks,storagetanks73.tif,1.9951,62.34,0.9998,5.6679,5.6679,0.999903,0.999999,1.6755
UCMerced_LandUse,storagetanks,storagetanks74.tif,2.0088,61.25,0.9997,5.7249,5.7250,0.999892,0.999999,0.5926
UCMerced_LandUse,storagetanks,storagetanks75.tif,1.9895,57.91,0.9995,6.0998,6.1003,0.999879,0.999998,1.6326
UCMerced_LandUse,storagetanks,storagetanks76.tif,1.9884,61.74,0.9998,5.5822,5.5824,0.999905,0.999999,0.6550
UCMerced_LandUse,storagetanks,storagetanks77.tif,1.9810,59.37,0.9997,5.8394,5.8395,0.999887,0.999998,0.7840
UCMerced_LandUse,storagetanks,storagetanks78.tif,2.0119,66.06,0.9999,5.9028,5.9028,0.999971,1.000000,0.0154
UCMerced_LandUse,storagetanks,storagetanks79.tif,2.0023,63.15,0.9998,5.8072,5.8076,0.999950,0.999999,1.1335
UCMerced_LandUse,storagetanks,storagetanks80.tif,2.0012,62.07,0.9998,5.7058,5.7059,0.999952,0.999999,0.0972
UCMerced_LandUse,storagetanks,storagetanks81.tif,2.0341,65.16,0.9999,5.8182,5.8182,0.999972,1.000000,1.1935
UCMerced_LandUse,storagetanks,storagetanks82.tif,2.0059,57.11,0.9994,6.9224,6.9226,0.999937,0.999996,1.0377
UCMerced_LandUse,storagetanks,storagetanks83.tif,1.9905,56.40,0.9993,6.8405,6.8409,0.999920,0.999996,1.2548
UCMerced_LandUse,storagetanks,storagetanks84.tif,2.0022,56.41,0.9992,6.4508,6.4513,0.999902,0.999997,0.5323
UCMerced_LandUse,storagetanks,storagetanks85.tif,1.9703,60.26,0.9997,6.2312,6.2317,0.999974,0.999998,0.8842
UCMerced_LandUse,storagetanks,storagetanks86.tif,1.9996,58.75,0.9994,5.4255,5.4273,0.999976,0.999994,0.7690
UCMerced_LandUse,storagetanks,storagetanks87.tif,2.0121,61.14,0.9998,6.3020,6.3027,0.999981,0.999999,2.7691
UCMerced_LandUse,storagetanks,storagetanks88.tif,1.9913,57.11,0.9995,7.0760,7.0766,0.999973,0.999997,0.5216
UCMerced_LandUse,storagetanks,storagetanks89.tif,2.0056,55.21,0.9993,6.7251,6.7254,0.999944,0.999991,1.1162
UCMerced_LandUse,storagetanks,storagetanks90.tif,2.0094,55.90,0.9994,7.2859,7.2882,0.999969,0.999997,1.4335
UCMerced_LandUse,storagetanks,storagetanks91.tif,2.0009,55.18,0.9995,7.1499,7.1507,0.999973,0.999997,2.2436
UCMerced_LandUse,storagetanks,storagetanks92.tif,2.0062,57.74,0.9995,6.2899,6.2902,0.999984,0.999996,3.5659
UCMerced_LandUse,storagetanks,storagetanks93.tif,2.0005,55.60,0.9993,7.1908,7.1914,0.999962,0.999995,1.4588
UCMerced_LandUse,storagetanks,storagetanks94.tif,1.9983,55.65,0.9994,7.0143,7.0162,0.999951,0.999996,2.5609
UCMerced_LandUse,storagetanks,storagetanks95.tif,2.0066,56.72,0.9995,6.8794,6.8809,0.999977,0.999997,1.2974
UCMerced_LandUse,storagetanks,storagetanks96.tif,1.9973,56.00,0.9994,6.7775,6.7795,0.999973,0.999996,3.9748
UCMerced_LandUse,storagetanks,storagetanks97.tif,2.0050,55.61,0.9994,6.8689,6.8707,0.999963,0.999995,2.4252
UCMerced_LandUse,storagetanks,storagetanks98.tif,2.0096,55.72,0.9993,6.7145,6.7148,0.999934,0.999996,1.4559
UCMerced_LandUse,storagetanks,storagetanks99.tif,1.9946,56.21,0.9994,6.8549,6.8550,0.999951,0.999997,0.1783
UCMerced_LandUse,tenniscourt,tenniscourt00.tif,1.9952,55.78,0.9992,6.8503,6.8502,0.999933,0.999983,1.4468
UCMerced_LandUse,tenniscourt,tenniscourt01.tif,2.0028,56.28,0.9995,7.2625,7.2628,0.999980,0.999994,1.4020
UCMerced_LandUse,tenniscourt,tenniscourt02.tif,2.0030,53.90,0.9990,7.3725,7.3726,0.999928,0.999993,0.4023
UCMerced_LandUse,tenniscourt,tenniscourt03.tif,2.0042,53.47,0.9988,7.2447,7.2447,0.999905,0.999993,3.9363
UCMerced_LandUse,tenniscourt,tenniscourt04.tif,1.9954,54.09,0.9990,7.3862,7.3864,0.999933,0.999993,1.5353
UCMerced_LandUse,tenniscourt,tenniscourt05.tif,2.0012,54.81,0.9992,7.0825,7.0830,0.999940,0.999994,1.4490
UCMerced_LandUse,tenniscourt,tenniscourt06.tif,2.0059,54.18,0.9992,7.0544,7.0548,0.999914,0.999993,1.0978
UCMerced_LandUse,tenniscourt,tenniscourt07.tif,2.0038,55.76,0.9994,7.4508,7.4533,0.999969,0.999995,0.3336
UCMerced_LandUse,tenniscourt,tenniscourt08.tif,2.0031,54.22,0.9990,7.5984,7.5988,0.999964,0.999992,0.1024
UCMerced_LandUse,tenniscourt,tenniscourt09.tif,1.9988,53.62,0.9991,7.4453,7.4478,0.999953,0.999992,2.8087
UCMerced_LandUse,tenniscourt,tenniscourt10.tif,2.0016,55.71,0.9994,6.6763,6.6813,0.999978,0.999997,5.8881
UCMerced_LandUse,tenniscourt,tenniscourt11.tif,2.0001,53.86,0.9986,6.7240,6.7242,0.999810,0.999994,2.3735
UCMerced_LandUse,tenniscourt,tenniscourt12.tif,2.0001,54.32,0.9987,6.7968,6.7969,0.999849,0.999994,2.2710
UCMerced_LandUse,tenniscourt,tenniscourt13.tif,1.9954,54.07,0.9988,6.5997,6.6001,0.999802,0.999995,2.1394
UCMerced_LandUse,tenniscourt,tenniscourt14.tif,2.0012,54.24,0.9992,7.2998,7.3002,0.999937,0.999992,0.7857
UCMerced_LandUse,tenniscourt,tenniscourt15.tif,2.0034,55.70,0.9993,7.3342,7.3348,0.999958,0.999995,2.3760
UCMerced_LandUse,tenniscourt,tenniscourt16.tif,2.0084,55.97,0.9993,6.8201,6.8204,0.999940,0.999995,1.0447
UCMerced_LandUse,tenniscourt,tenniscourt17.tif,1.9985,55.29,0.9992,7.1692,7.1696,0.999936,0.999995,0.9659
UCMerced_LandUse,tenniscourt,tenniscourt18.tif,1.9922,56.17,0.9993,6.4155,6.4162,0.999915,0.999996,0.2956
UCMerced_LandUse,tenniscourt,tenniscourt19.tif,1.9927,55.93,0.9993,6.5543,6.5548,0.999942,0.999995,0.2158
UCMerced_LandUse,tenniscourt,tenniscourt20.tif,1.9988,53.76,0.9992,7.2819,7.2823,0.999936,0.999992,2.0090
UCMerced_LandUse,tenniscourt,tenniscourt21.tif,1.9968,53.90,0.9992,7.2146,7.2152,0.999941,0.999989,2.0333
UCMerced_LandUse,tenniscourt,tenniscourt22.tif,2.0123,55.54,0.9994,6.9208,6.9213,0.999964,0.999993,1.9019
UCMerced_LandUse,tenniscourt,tenniscourt23.tif,1.9869,59.24,0.9996,6.4697,6.4698,0.999952,0.999998,1.0879
UCMerced_LandUse,tenniscourt,tenniscourt24.tif,1.9978,55.85,0.9992,7.0725,7.0727,0.999951,0.999995,2.9976
UCMerced_LandUse,tenniscourt,tenniscourt25.tif,1.9958,55.16,0.9992,7.0040,7.0042,0.999956,0.999992,3.6297
UCMerced_LandUse,tenniscourt,tenniscourt26.tif,2.0021,55.02,0.9992,6.9582,6.9583,0.999942,0.999991,1.3252
UCMerced_LandUse,tenniscourt,tenniscourt27.tif,1.9942,55.14,0.9992,6.9503,6.9503,0.999913,0.999994,0.7791
UCMerced_LandUse,tenniscourt,tenniscourt28.tif,1.9960,54.14,0.9992,7.4960,7.4965,0.999956,0.999993,2.2318
UCMerced_LandUse,tenniscourt,tenniscourt29.tif,1.9884,53.86,0.9992,7.3415,7.3416,0.999927,0.999992,1.5781
UCMerced_LandUse,tenniscourt,tenniscourt30.tif,2.0068,54.70,0.9991,6.9652,6.9655,0.999911,0.999994,2.9720
UCMerced_LandUse,tenniscourt,tenniscourt31.tif,1.9961,55.43,0.9994,7.5537,7.5538,0.999976,0.999995,1.6526
UCMerced_LandUse,tenniscourt,tenniscourt32.tif,1.9967,54.63,0.9992,7.1394,7.1396,0.999952,0.999989,2.3232
UCMerced_LandUse,tenniscourt,tenniscourt33.tif,1.9960,54.45,0.9991,7.2304,7.2307,0.999928,0.999992,2.2125
UCMerced_LandUse,tenniscourt,tenniscourt34.tif,2.0008,54.78,0.9992,7.0943,7.0946,0.999931,0.999994,1.6594
UCMerced_LandUse,tenniscourt,tenniscourt35.tif,1.9960,54.76,0.9992,7.4445,7.4444,0.999963,0.999992,1.6666
UCMerced_LandUse,tenniscourt,tenniscourt36.tif,2.0030,53.50,0.9988,7.3378,7.3378,0.999921,0.999988,1.3041
UCMerced_LandUse,tenniscourt,tenniscourt37.tif,1.9949,55.20,0.9991,6.4721,6.4727,0.999910,0.999996,1.4198
UCMerced_LandUse,tenniscourt,tenniscourt38.tif,2.0142,54.90,0.9990,6.6132,6.6137,0.999898,0.999995,2.1131
UCMerced_LandUse,tenniscourt,tenniscourt39.tif,1.9970,54.92,0.9992,7.2917,7.2919,0.999956,0.999996,0.3200
UCMerced_LandUse,tenniscourt,tenniscourt40.tif,1.9937,55.74,0.9993,7.1717,7.1720,0.999961,0.999997,2.8470
UCMerced_LandUse,tenniscourt,tenniscourt41.tif,1.9994,54.33,0.9991,7.5611,7.5611,0.999955,0.999994,0.5943
UCMerced_LandUse,tenniscourt,tenniscourt42.tif,1.9955,54.67,0.9993,7.4793,7.4796,0.999960,0.999994,2.3267
UCMerced_LandUse,tenniscourt,tenniscourt43.tif,1.9991,55.08,0.9993,7.3797,7.3803,0.999964,0.999994,0.0261
UCMerced_LandUse,tenniscourt,tenniscourt44.tif,1.9989,55.30,0.9991,6.5690,6.5695,0.999909,0.999996,2.1571
UCMerced_LandUse,tenniscourt,tenniscourt45.tif,2.0084,55.37,0.9993,7.2309,7.2313,0.999952,0.999995,1.4288
UCMerced_LandUse,tenniscourt,tenniscourt46.tif,1.9990,54.92,0.9992,7.3986,7.3988,0.999957,0.999995,1.8728
UCMerced_LandUse,tenniscourt,tenniscourt47.tif,1.9953,57.75,0.9995,6.9193,6.9193,0.999966,0.999995,1.5970
UCMerced_LandUse,tenniscourt,tenniscourt48.tif,2.0034,57.81,0.9995,6.4959,6.4959,0.999941,0.999990,2.3689
UCMerced_LandUse,tenniscourt,tenniscourt49.tif,1.9989,55.96,0.9994,7.0576,7.0578,0.999949,0.999991,0.9473
UCMerced_LandUse,tenniscourt,tenniscourt50.tif,2.0011,56.64,0.9995,7.0015,7.0014,0.999974,0.999993,3.5366
UCMerced_LandUse,tenniscourt,tenniscourt51.tif,1.9919,57.52,0.9994,6.6193,6.6191,0.999934,0.999993,2.9489
UCMerced_LandUse,tenniscourt,tenniscourt52.tif,2.0073,57.22,0.9994,6.5911,6.5913,0.999933,0.999994,2.8193
UCMerced_LandUse,tenniscourt,tenniscourt53.tif,1.9910,58.32,0.9996,6.6842,6.6842,0.999956,0.999995,2.0830
UCMerced_LandUse,tenniscourt,tenniscourt54.tif,1.9962,55.44,0.9991,7.0687,7.0687,0.999937,0.999990,1.3051
UCMerced_LandUse,tenniscourt,tenniscourt55.tif,1.9962,55.48,0.9991,7.1153,7.1155,0.999938,0.999988,1.4613
UCMerced_LandUse,tenniscourt,tenniscourt56.tif,1.9988,55.75,0.9992,6.7823,6.7820,0.999950,0.999988,4.0790
UCMerced_LandUse,tenniscourt,tenniscourt57.tif,2.0061,57.14,0.9994,6.8556,6.8557,0.999942,0.999994,1.3221
UCMerced_LandUse,tenniscourt,tenniscourt58.tif,2.0033,55.88,0.9993,7.2472,7.2474,0.999965,0.999995,1.8167
UCMerced_LandUse,tenniscourt,tenniscourt59.tif,1.9962,55.68,0.9992,6.8539,6.8539,0.999907,0.999992,1.9525
UCMerced_LandUse,tenniscourt,tenniscourt60.tif,2.0103,58.03,0.9995,6.4599,6.4598,0.999916,0.999994,1.0319
UCMerced_LandUse,tenniscourt,tenniscourt61.tif,1.9942,56.14,0.9993,6.8554,6.8552,0.999943,0.999993,3.4126
UCMerced_LandUse,tenniscourt,tenniscourt62.tif,2.0008,57.67,0.9994,6.7140,6.7141,0.999939,0.999995,1.3300
UCMerced_LandUse,tenniscourt,tenniscourt63.tif,1.9957,56.30,0.9992,6.6167,6.6166,0.999891,0.999992,2.9919
UCMerced_LandUse,tenniscourt,tenniscourt64.tif,1.9970,56.36,0.9993,7.1616,7.1616,0.999965,0.999994,3.9413
UCMerced_LandUse,tenniscourt,tenniscourt65.tif,2.0004,56.24,0.9993,7.0440,7.0440,0.999948,0.999993,2.4295
UCMerced_LandUse,tenniscourt,tenniscourt66.tif,1.9922,55.98,0.9994,7.1290,7.1292,0.999966,0.999993,2.4597
UCMerced_LandUse,tenniscourt,tenniscourt67.tif,2.0108,56.47,0.9994,7.3903,7.3904,0.999968,0.999996,1.6473
UCMerced_LandUse,tenniscourt,tenniscourt68.tif,1.9996,56.01,0.9994,6.9759,6.9761,0.999970,0.999993,1.2922
UCMerced_LandUse,tenniscourt,tenniscourt69.tif,1.9980,55.28,0.9992,7.2000,7.2000,0.999945,0.999992,4.0421
UCMerced_LandUse,tenniscourt,tenniscourt70.tif,1.9910,55.40,0.9992,7.1182,7.1183,0.999946,0.999992,2.4769
UCMerced_LandUse,tenniscourt,tenniscourt71.tif,1.9972,54.89,0.9993,7.4301,7.4303,0.999965,0.999994,2.7826
UCMerced_LandUse,tenniscourt,tenniscourt72.tif,1.9909,54.91,0.9994,7.3593,7.3592,0.999971,0.999994,4.8619
UCMerced_LandUse,tenniscourt,tenniscourt73.tif,1.9973,54.82,0.9992,7.5031,7.5031,0.999959,0.999994,1.6581
UCMerced_LandUse,tenniscourt,tenniscourt74.tif,2.0078,55.48,0.9992,7.1993,7.1992,0.999950,0.999992,2.4839
UCMerced_LandUse,tenniscourt,tenniscourt75.tif,1.9917,54.32,0.9992,7.4340,7.4342,0.999967,0.999994,3.1391
UCMerced_LandUse,tenniscourt,tenniscourt76.tif,1.9933,56.67,0.9994,7.0089,7.0092,0.999943,0.999994,0.2194
UCMerced_LandUse,tenniscourt,tenniscourt77.tif,1.9968,55.00,0.9992,7.2518,7.2521,0.999939,0.999992,2.3357
UCMerced_LandUse,tenniscourt,tenniscourt78.tif,2.0122,55.95,0.9995,7.3477,7.3476,0.999975,0.999996,1.2303
UCMerced_LandUse,tenniscourt,tenniscourt79.tif,2.0010,55.49,0.9994,7.3771,7.3771,0.999969,0.999996,2.1881
UCMerced_LandUse,tenniscourt,tenniscourt80.tif,2.0054,53.63,0.9989,6.8842,6.8844,0.999855,0.999991,2.5774
UCMerced_LandUse,tenniscourt,tenniscourt81.tif,1.9837,62.82,0.9998,6.3043,6.3042,0.999969,0.999997,1.1763
UCMerced_LandUse,tenniscourt,tenniscourt82.tif,2.0019,53.44,0.9993,7.4033,7.4066,0.999940,0.999992,0.9361
UCMerced_LandUse,tenniscourt,tenniscourt83.tif,2.0082,53.41,0.9993,7.3528,7.3539,0.999928,0.999991,0.3049
UCMerced_LandUse,tenniscourt,tenniscourt84.tif,1.9983,58.01,0.9995,6.6346,6.6347,0.999972,0.999998,1.6441
UCMerced_LandUse,tenniscourt,tenniscourt85.tif,1.9990,58.85,0.9995,5.9842,5.9844,0.999840,0.999997,0.5234
UCMerced_LandUse,tenniscourt,tenniscourt86.tif,1.9985,55.91,0.9992,6.9354,6.9354,0.999923,0.999994,2.5550
UCMerced_LandUse,tenniscourt,tenniscourt87.tif,1.9898,56.29,0.9992,6.3275,6.3278,0.999851,0.999995,2.1837
UCMerced_LandUse,tenniscourt,tenniscourt88.tif,1.9904,57.49,0.9993,6.3854,6.3855,0.999873,0.999996,3.0528
UCMerced_LandUse,tenniscourt,tenniscourt89.tif,2.0085,58.45,0.9994,6.4373,6.4374,0.999904,0.999996,2.0239
UCMerced_LandUse,tenniscourt,tenniscourt90.tif,1.9996,55.86,0.9993,7.0603,7.0607,0.999953,0.999991,2.7247
UCMerced_LandUse,tenniscourt,tenniscourt91.tif,2.0038,56.11,0.9992,6.7985,6.7988,0.999942,0.999993,1.5665
UCMerced_LandUse,tenniscourt,tenniscourt92.tif,1.9992,54.95,0.9991,7.0068,7.0069,0.999928,0.999990,0.5998
UCMerced_LandUse,tenniscourt,tenniscourt93.tif,2.0064,56.55,0.9994,6.9310,6.9312,0.999952,0.999996,2.2044
UCMerced_LandUse,tenniscourt,tenniscourt94.tif,2.0163,59.51,0.9996,6.6067,6.6069,0.999963,0.999997,0.5139
UCMerced_LandUse,tenniscourt,tenniscourt95.tif,1.9847,56.48,0.9993,7.1496,7.1499,0.999964,0.999996,1.5585
UCMerced_LandUse,tenniscourt,tenniscourt96.tif,2.0037,55.59,0.9993,7.4636,7.4637,0.999970,0.999993,0.5483
UCMerced_LandUse,tenniscourt,tenniscourt97.tif,2.0087,55.56,0.9993,7.1588,7.1588,0.999956,0.999994,2.0894
UCMerced_LandUse,tenniscourt,tenniscourt98.tif,1.9958,56.53,0.9993,6.7997,6.8000,0.999937,0.999996,0.6366
UCMerced_LandUse,tenniscourt,tenniscourt99.tif,1.9863,56.63,0.9993,6.9429,6.9427,0.999945,0.999995,2.4467
